Date,Month,Day,Year,Income,Electricity,Gas,Internet,Water,Food,Groceries,Rent,Transportation,Healthcare,Shopping,Entertainment,Dining Out,Subscription Services,Clothing,Electronics,Zakat,Investment,Emergency Fund,Retirement,Education,Travel,Gifts,Home Maintenance,Others,Total_Expenses,Savings_Rate
2023-11-24,11,24,2023,2533.6,87.73,44.9,51.35,33.64,438.51,305.44,828.96,121.91,83.75,178.61,104.08,153.67,32.59,108.05,48.39,195.94,273.38,229.54,441.41,129.58,290.71,45.56,88.61,110.54,4426.85,-0.7472568676981373
2023-02-22,2,22,2023,2511.3,67.09,56.95,62.49,44.91,436.76,304.35,951.4,142.71,102.08,226.35,104.74,171.7,30.93,108.18,40.92,178.23,274.73,166.38,357.25,126.06,273.36,52.71,94.59,94.81,4469.679999999999,-0.7798271811412412
2023-04-18,4,18,2023,3204.21,86.46,53.67,49.71,42.16,405.46,269.38,787.92,136.2,117.02,215.05,88.78,139.46,33.22,82.24,56.44,224.4,288.14,165.3,466.1,154.03,326.15,44.25,99.97,115.39,4446.900000000001,-0.38783038564888084
2023-11-26,11,26,2023,2950.62,72.48,44.93,61.47,36.2,413.53,347.74,767.81,133.16,119.9,200.76,83.64,122.83,25.32,105.1,55.84,193.77,247.62,190.53,479.38,151.75,356.53,57.22,80.46,108.83,4456.8,-0.5104622079427376
2023-12-16,12,16,2023,3461.75,88.03,55.37,56.16,36.7,345.31,240.39,871.07,163.18,118.88,220.96,100.31,126.38,31.5,113.67,50.15,175.91,284.87,172.92,472.56,175.35,350.22,51.98,99.54,84.47,4485.88,-0.29584169856286563
2023-07-05,7,5,2023,3454.47,90.61,46.15,49.39,46.05,471.51,250.28,795.52,124.15,110.42,221.27,85.14,148.52,30.6,90.6,57.45,193.85,265.42,203.14,436.79,132.07,277.41,59.9,106.0,97.52,4389.76,-0.2707477558062454
2023-09-22,9,22,2023,2941.78,71.93,41.28,48.5,40.86,414.15,240.86,866.51,123.53,82.7,162.51,93.22,150.85,27.34,99.42,50.78,217.87,345.89,206.1,358.88,148.38,288.85,41.89,106.36,94.17,4322.83,-0.46946066667119896
2023-07-30,7,30,2023,2960.43,87.33,53.47,71.62,33.57,384.42,280.72,915.74,134.92,87.61,195.89,96.88,136.71,27.0,116.93,48.86,228.91,306.04,164.05,479.89,170.16,356.28,58.53,113.95,86.65,4636.129999999999,-0.566032637150684
2023-09-06,9,6,2023,2977.63,91.67,58.05,51.95,32.03,382.47,351.18,891.24,137.11,107.86,218.44,111.33,159.71,29.84,87.6,44.35,164.68,328.29,164.88,370.18,123.01,297.21,58.39,101.25,82.28,4445.0,-0.49279796348102345
2023-09-18,9,18,2023,2496.13,69.95,51.9,64.21,35.76,339.18,346.83,718.79,155.67,104.78,193.54,103.35,151.37,35.22,88.17,54.32,179.09,287.49,213.74,368.0,138.97,330.22,41.45,98.33,119.94,4290.269999999999,-0.7187686538761997
2023-02-21,2,21,2023,2487.91,70.82,45.3,70.4,46.09,460.68,284.34,690.48,170.02,108.14,208.93,119.49,159.24,24.09,112.68,45.99,213.07,352.67,170.74,338.47,126.42,306.39,45.45,104.19,108.7,4382.789999999999,-0.761635268156806
2023-04-15,4,15,2023,3225.0,91.29,50.11,54.03,46.53,328.13,316.11,905.39,122.65,93.34,170.47,119.19,129.69,29.3,108.23,51.22,168.95,353.41,215.28,343.85,122.16,284.31,51.05,97.19,81.67,4333.55,-0.34373643410852717
2023-07-06,7,6,2023,3478.78,89.48,57.21,69.57,35.36,359.92,252.34,889.64,173.05,96.26,209.65,86.18,175.79,34.38,119.05,56.22,230.51,242.97,218.93,373.15,175.85,336.27,57.28,112.43,90.67,4542.159999999999,-0.3056761278379198
2023-12-26,12,26,2023,2529.71,91.91,57.17,53.34,45.07,393.65,276.62,894.51,133.66,80.95,175.45,93.13,171.86,35.6,91.16,52.83,191.97,357.74,202.9,470.28,126.92,356.45,43.57,118.5,90.62,4605.86,-0.820706721323788
2023-02-25,2,25,2023,3115.89,75.06,55.73,58.47,47.75,338.5,347.94,700.83,122.66,97.44,201.59,112.26,161.21,35.28,109.48,43.94,194.5,353.86,233.66,419.7,159.8,254.96,58.0,100.28,106.68,4389.580000000001,-0.4087724534563162
2023-06-17,6,17,2023,2882.88,73.46,42.55,58.09,47.05,428.37,348.34,836.96,138.06,101.92,160.03,91.48,145.79,30.96,106.19,49.3,195.37,265.64,197.85,464.19,167.76,260.36,41.7,100.62,105.32,4457.359999999999,-0.5461482961482956
2023-06-21,6,21,2023,2512.06,94.46,44.7,55.45,44.91,343.58,245.55,954.86,156.68,110.74,196.43,115.45,154.54,32.62,95.36,47.99,171.81,322.51,231.41,457.67,173.13,333.41,44.38,112.16,107.84,4647.639999999999,-0.8501309682093579
2023-08-26,8,26,2023,2460.26,71.97,56.97,58.96,44.82,426.81,358.55,830.54,177.0,115.66,209.01,108.77,150.29,33.97,101.91,57.94,219.49,296.96,180.74,359.56,158.26,331.9,50.43,105.07,90.98,4596.559999999999,-0.8683228601855081
2023-02-09,2,9,2023,3256.25,71.5,46.72,69.43,33.29,344.13,285.96,688.9,132.84,96.59,186.47,98.64,123.74,33.99,95.58,55.4,235.68,242.34,230.45,412.11,148.62,353.13,45.97,95.6,115.67,4242.749999999999,-0.3029558541266792
2023-08-03,8,3,2023,3045.86,87.51,56.0,69.55,39.81,363.67,298.28,764.43,160.13,111.93,217.93,113.62,175.17,35.77,101.36,58.14,207.35,319.56,166.72,388.58,172.01,261.81,45.2,93.09,98.19,4405.8099999999995,-0.4464913029489206
2023-06-22,6,22,2023,3313.48,76.13,55.04,67.97,36.04,333.1,242.33,812.61,179.99,94.0,212.01,111.25,159.11,33.05,117.98,43.99,161.63,258.29,170.1,427.11,153.84,266.16,53.99,110.68,86.71,4263.110000000001,-0.2865959655709407
2023-11-07,11,7,2023,3556.48,86.99,55.56,51.93,36.98,412.59,351.47,824.25,174.48,95.01,235.32,87.93,155.53,33.97,89.71,53.94,184.13,322.11,224.44,447.4,153.96,244.93,50.65,106.46,82.76,4562.500000000001,-0.2828695789094838
2023-11-28,11,28,2023,2809.48,91.19,56.45,50.53,47.37,421.69,339.44,866.34,146.13,109.35,237.24,90.8,168.49,30.46,99.34,48.71,218.48,272.21,228.14,452.92,125.2,345.8,44.88,98.59,104.41,4694.160000000001,-0.6708287654654956
2023-07-14,7,14,2023,2803.68,79.82,46.5,59.7,37.68,361.34,273.56,830.77,172.81,102.23,201.33,87.64,134.48,28.88,102.21,44.81,198.09,325.42,195.85,322.76,137.65,288.53,44.87,106.56,94.76,4278.250000000001,-0.5259409062375168
2023-10-11,10,11,2023,3037.11,77.62,54.92,55.94,43.25,363.35,270.17,678.61,131.56,84.78,202.87,110.49,131.11,26.6,99.37,54.49,238.13,302.96,182.64,336.08,131.65,267.3,43.59,80.57,101.37,4069.42,-0.3398987853584493
2023-05-21,5,21,2023,2454.62,65.74,45.84,70.66,42.21,440.45,252.31,643.92,137.06,99.15,187.26,118.62,135.15,34.34,84.56,41.31,199.34,309.24,214.92,344.28,168.67,353.9,41.7,89.93,102.32,4222.88,-0.7203803440043673
2023-08-02,8,2,2023,3127.58,89.3,44.51,60.54,39.21,390.84,343.22,956.81,138.32,104.84,208.77,109.6,176.86,26.49,88.44,53.21,172.56,260.86,166.01,320.43,147.03,311.26,45.83,89.26,108.28,4452.4800000000005,-0.4236182607639135
2023-12-26,12,26,2023,3431.53,66.28,44.67,54.35,44.66,414.37,336.47,703.3,126.89,88.99,171.92,90.63,128.53,24.72,111.71,51.9,225.94,350.54,195.13,394.99,138.25,288.3,45.44,101.6,97.51,4297.090000000001,-0.2522373401951901
2023-11-03,11,3,2023,2447.83,77.82,46.45,54.01,33.46,473.91,340.32,824.06,177.05,119.98,213.78,90.78,122.41,33.08,98.82,53.03,233.29,261.78,206.83,421.57,149.5,250.95,46.96,93.33,106.81,4529.980000000001,-0.8506105407646779
2023-03-24,3,24,2023,2795.76,86.2,45.76,70.68,45.02,408.02,294.58,740.65,139.4,118.81,192.33,100.58,179.29,31.89,101.7,48.26,175.01,283.41,220.52,420.07,165.6,264.43,50.98,117.11,97.52,4397.819999999999,-0.573032019915872
2023-12-24,12,24,2023,2981.65,64.92,52.6,67.18,43.36,369.72,241.64,770.56,133.48,113.66,169.08,117.88,158.86,25.85,117.31,45.84,216.43,289.86,198.6,395.56,147.41,257.36,43.81,103.98,109.85,4254.8,-0.4269951201515939
2023-03-11,3,11,2023,3436.83,72.84,55.8,57.96,46.95,401.24,338.47,730.51,137.91,103.48,239.91,99.59,128.92,30.46,93.8,51.04,203.47,294.64,185.74,350.18,161.85,308.62,44.67,111.02,81.75,4330.820000000001,-0.2601205180355155
2023-08-31,8,31,2023,3246.27,89.97,47.72,63.93,45.13,476.93,299.44,651.85,150.14,103.61,229.58,114.97,146.42,30.31,98.28,54.45,192.8,318.57,172.35,395.12,178.15,280.63,53.85,105.99,114.07,4414.26,-0.35979447180918417
2023-12-12,12,12,2023,3431.21,76.16,46.33,65.25,44.15,459.58,244.31,661.89,157.87,116.84,239.79,109.87,146.04,25.18,105.35,57.45,195.49,323.28,232.27,327.36,167.77,275.2,47.5,85.82,101.25,4311.999999999998,-0.25669953165209886
2023-10-17,10,17,2023,3218.16,69.76,43.5,62.63,38.12,429.3,299.72,826.61,133.93,105.52,196.77,106.67,173.93,29.58,91.51,50.93,165.91,353.43,239.01,367.86,177.72,322.84,49.14,92.08,119.97,4546.4400000000005,-0.41274517115370296
2023-09-05,9,5,2023,2527.98,76.2,47.18,55.1,43.19,323.51,339.6,766.66,120.49,114.6,222.26,118.94,174.64,32.94,113.31,58.06,222.06,267.61,224.15,355.04,131.41,270.08,55.11,110.7,107.23,4350.069999999999,-0.7207691516546804
2023-03-12,3,12,2023,3153.9,92.91,52.93,55.41,39.05,412.73,327.88,668.84,137.71,109.9,174.05,85.29,152.36,35.66,101.23,58.27,226.44,270.84,225.98,397.1,168.39,329.59,46.77,84.61,118.52,4372.460000000001,-0.3863660864326709
2023-03-14,3,14,2023,3304.98,71.22,53.53,64.19,38.36,455.32,306.88,668.9,143.67,90.58,169.89,94.74,164.94,27.15,95.24,52.77,189.72,320.98,197.72,419.13,176.59,279.36,52.2,105.91,105.42,4344.41,-0.3145041724912102
2023-08-26,8,26,2023,3491.27,73.67,48.17,51.35,47.14,368.7,299.11,671.1,173.24,85.43,196.29,106.82,164.59,35.35,96.77,54.85,172.36,289.79,167.92,398.3,144.49,354.18,40.65,94.82,97.74,4232.83,-0.21240408218212856
2023-05-01,5,1,2023,3426.54,67.18,53.71,61.07,47.65,377.39,287.78,700.74,127.33,113.92,196.38,106.51,158.5,31.17,80.85,55.74,179.49,255.11,205.17,330.98,165.91,264.86,44.32,114.79,93.14,4119.6900000000005,-0.2022886059990546
2023-03-17,3,17,2023,3346.37,83.07,45.55,71.62,47.8,406.43,335.82,675.18,171.99,85.27,188.66,111.54,155.33,24.19,90.61,42.54,193.68,253.64,165.08,391.72,141.72,311.24,49.04,88.86,104.6,4235.179999999999,-0.2656042218881951
2023-12-04,12,4,2023,3025.74,78.66,59.28,49.46,39.66,384.26,322.33,796.89,174.58,82.94,166.46,104.33,123.94,27.3,105.32,50.97,186.01,359.36,202.44,392.59,156.33,251.9,54.04,114.11,106.04,4389.2,-0.4506203441141672
2023-10-10,10,10,2023,3265.01,70.88,49.03,53.48,37.42,392.56,289.92,670.43,145.61,106.6,189.94,86.11,175.38,24.81,113.27,41.86,167.73,328.66,224.94,409.02,155.19,307.39,46.59,84.89,94.14,4265.85,-0.3065350488972469
2023-12-07,12,7,2023,3529.36,77.53,58.32,49.23,36.6,369.99,252.43,802.37,129.28,99.29,227.78,94.0,153.38,25.38,91.14,44.52,194.33,307.32,221.39,419.48,160.5,306.81,52.18,106.31,107.74,4387.3,-0.24308656526962397
2023-01-15,1,15,2023,2616.5,86.49,46.18,56.16,32.1,459.18,307.96,768.25,128.51,105.33,162.45,109.84,132.91,29.04,93.64,47.4,217.73,333.22,205.41,333.59,123.16,258.89,52.36,106.96,90.88,4287.639999999999,-0.6386929103764569
2023-12-05,12,5,2023,2908.82,83.43,48.28,53.17,40.2,375.23,253.31,857.03,155.59,101.08,184.67,88.82,179.07,24.66,88.18,58.91,221.39,331.7,183.16,339.2,149.84,291.68,42.58,101.3,89.2,4341.679999999999,-0.49259149758321213
2023-10-14,10,14,2023,3400.03,89.8,41.44,68.68,32.68,323.0,350.54,915.88,154.55,102.94,216.76,96.71,126.91,24.25,92.99,56.03,209.45,339.84,233.58,334.1,170.67,269.2,51.78,100.96,95.83,4498.569999999999,-0.32309714914280124
2023-06-08,6,8,2023,3294.97,71.09,55.58,49.83,42.13,404.9,263.27,888.39,141.07,118.33,211.64,85.91,126.17,27.07,86.94,43.06,220.73,249.04,236.1,420.47,147.84,307.65,51.59,107.25,115.28,4471.33,-0.357016907589447
2023-11-26,11,26,2023,3162.36,83.98,57.28,63.05,34.42,330.93,293.06,736.9,136.48,82.25,200.59,92.42,147.11,24.68,113.27,41.53,229.14,342.64,209.2,401.13,147.76,306.52,55.84,115.84,97.99,4344.009999999999,-0.3736608102809292
2023-10-20,10,20,2023,3182.2,74.29,49.51,51.62,32.99,336.56,347.9,749.9,162.86,100.18,173.8,89.91,146.27,29.27,100.91,43.17,189.83,273.95,192.7,374.14,155.87,334.71,52.95,82.64,83.78,4229.709999999999,-0.329177927220162
2023-12-14,12,14,2023,2863.88,72.06,57.03,71.15,41.64,344.06,249.78,852.36,175.0,92.41,212.48,106.49,127.74,32.51,83.39,51.18,211.48,279.42,170.22,432.45,176.83,359.66,58.25,83.74,106.82,4448.149999999999,-0.5531900777965553
2023-09-18,9,18,2023,2834.19,75.6,43.61,53.14,47.16,397.8,267.19,684.02,124.63,113.78,168.09,110.83,170.11,34.6,81.51,46.74,221.3,255.73,190.14,345.96,169.88,332.53,56.18,86.62,97.51,4174.66,-0.4729640567499002
2023-07-30,7,30,2023,2837.16,87.03,59.39,62.65,44.04,445.41,268.08,716.53,177.94,111.37,232.32,87.76,160.7,30.85,97.62,55.39,222.25,300.35,193.49,345.93,131.98,312.56,57.46,82.09,99.22,4382.410000000001,-0.5446467594354922
2023-07-10,7,10,2023,3065.45,67.28,56.92,68.43,36.56,442.1,272.73,929.7,128.84,97.5,235.71,88.88,147.07,28.2,81.07,41.07,200.16,268.29,239.56,379.99,121.69,351.7,56.78,106.0,111.66,4557.89,-0.4868583731589165
2023-03-12,3,12,2023,2445.96,93.36,49.45,67.95,44.14,395.06,313.84,929.87,121.14,88.63,171.96,117.61,156.53,29.08,111.05,44.75,169.75,268.61,211.12,419.65,123.77,340.4,50.0,101.44,105.28,4524.44,-0.8497604212660875
2023-10-22,10,22,2023,2690.33,68.59,48.58,62.76,35.85,386.65,319.72,667.4,178.48,82.71,202.08,100.29,179.3,30.65,95.62,49.4,210.85,357.72,180.29,322.6,167.31,281.38,54.66,105.13,110.86,4298.88,-0.5979006292908305
2023-06-20,6,20,2023,2560.09,75.27,46.77,63.43,45.29,429.55,357.7,793.13,130.94,85.39,217.28,117.74,122.22,26.42,111.64,57.72,185.25,277.21,191.86,450.46,148.4,244.39,52.94,91.44,114.49,4436.9299999999985,-0.7331148514310036
2023-01-25,1,25,2023,3438.96,74.62,42.49,56.83,46.23,438.93,347.36,763.73,178.42,99.85,199.8,116.97,151.16,33.61,109.08,41.58,208.2,338.68,203.64,371.39,124.8,319.31,46.13,104.1,97.04,4513.95,-0.31259159745969706
2023-12-20,12,20,2023,2932.69,78.31,54.54,69.88,41.84,389.59,316.74,893.27,123.44,106.85,192.5,100.52,164.99,25.92,81.25,56.97,214.25,292.58,170.1,357.76,158.71,283.46,58.99,81.3,86.14,4399.900000000001,-0.5002949510517649
2023-08-19,8,19,2023,3538.59,75.9,55.26,61.77,40.47,383.69,317.95,719.88,126.81,109.43,199.92,95.48,153.7,27.14,90.41,48.93,239.71,274.27,233.32,398.59,127.36,342.34,49.04,115.95,97.8,4385.12,-0.23922805411194847
2023-02-14,2,14,2023,3372.62,94.96,59.73,64.03,43.35,408.0,274.84,735.99,129.45,108.38,216.02,86.96,141.69,26.69,119.41,55.84,178.94,299.28,188.87,411.56,148.04,357.96,42.6,115.37,82.63,4390.59,-0.301833589316318
2023-07-23,7,23,2023,3599.51,87.0,50.51,66.46,45.17,331.8,356.69,845.55,147.0,107.2,187.56,115.12,166.82,31.68,87.28,59.33,194.61,349.29,164.43,339.87,129.18,259.76,46.45,108.37,93.84,4370.969999999999,-0.21432361626999205
2023-09-23,9,23,2023,3473.91,91.07,45.01,63.24,40.81,340.03,276.34,810.71,150.15,86.75,235.33,86.17,159.52,32.65,104.21,56.85,205.09,339.03,162.27,327.27,158.49,309.21,53.02,110.68,96.66,4340.56,-0.24947393570933057
2023-11-24,11,24,2023,2436.34,92.45,50.91,63.41,36.83,359.18,336.88,769.95,147.21,107.54,172.65,96.62,147.87,28.08,85.75,57.23,185.55,358.56,187.63,383.79,165.64,301.8,42.12,89.67,84.9,4352.219999999999,-0.7863762857400851
2023-08-19,8,19,2023,2697.5,67.1,45.8,57.22,41.85,359.72,343.84,691.1,139.65,103.11,185.02,110.52,149.9,30.18,99.95,46.17,161.85,353.43,200.44,474.67,132.91,282.35,41.01,99.8,115.29,4332.88,-0.6062576459684894
2023-12-01,12,1,2023,3207.02,73.14,40.16,50.58,34.14,362.32,283.89,769.04,122.71,82.05,204.95,94.5,137.32,28.64,98.01,51.0,226.02,314.79,208.88,340.59,125.8,284.78,59.74,102.31,94.62,4189.9800000000005,-0.30650260989953304
2023-03-15,3,15,2023,2638.87,80.29,50.0,49.09,34.19,373.29,296.85,786.24,156.38,100.62,186.24,104.52,129.75,35.89,109.57,45.98,186.91,339.39,202.59,433.4,137.99,337.89,47.37,106.95,119.2,4450.589999999999,-0.6865514405787323
2023-10-26,10,26,2023,2769.21,92.76,57.44,63.1,41.55,362.48,318.67,951.06,154.71,89.1,164.11,99.22,151.45,32.65,110.98,47.6,225.73,269.06,205.81,432.08,131.45,292.92,48.38,96.52,88.16,4526.99,-0.6347586495787606
2023-09-14,9,14,2023,3329.97,93.46,57.46,65.66,33.0,342.09,264.88,744.02,159.73,101.02,185.1,86.93,174.73,28.11,94.17,55.44,217.67,317.2,215.47,417.61,131.54,269.58,51.16,88.99,118.92,4313.94,-0.2954891485508878
2023-06-02,6,2,2023,3325.41,86.56,53.8,59.74,39.68,409.68,352.14,870.93,137.27,102.94,203.46,115.83,143.67,28.14,110.92,42.93,163.37,354.64,166.32,467.84,159.36,329.68,44.28,113.12,90.85,4647.15,-0.3974667785325719
2023-10-15,10,15,2023,3235.41,68.39,52.31,62.08,35.88,427.17,303.72,844.14,123.15,96.53,217.39,84.02,166.25,24.06,102.01,58.58,192.55,352.2,230.27,396.39,131.97,355.67,46.42,105.84,116.32,4593.3099999999995,-0.4196995125810947
2023-02-15,2,15,2023,3182.76,71.43,54.77,68.41,32.6,467.44,290.15,908.03,176.04,81.45,226.9,111.52,131.18,32.99,114.89,45.79,163.0,275.81,208.22,468.55,140.1,294.52,52.83,100.97,115.57,4633.159999999999,-0.4557051112870586
2023-03-10,3,10,2023,3421.27,78.98,43.86,50.7,34.6,393.43,270.87,699.58,164.2,111.63,205.42,110.29,130.53,34.27,115.88,56.54,201.22,250.41,213.54,349.56,128.44,278.83,44.96,90.43,89.42,4147.589999999999,-0.21229543415164523
2023-05-17,5,17,2023,3544.84,73.66,54.46,48.27,42.46,430.84,247.45,677.83,138.41,96.22,200.2,115.8,162.21,27.73,84.7,58.32,183.6,313.76,177.53,341.37,129.19,329.73,52.11,96.63,101.97,4184.450000000001,-0.18043409575608504
2023-08-30,8,30,2023,3308.82,89.66,56.51,66.28,42.89,415.33,334.48,808.16,151.69,94.47,233.38,84.49,169.73,34.83,88.09,50.73,173.16,342.54,195.35,428.85,163.02,298.66,57.98,97.82,82.23,4560.329999999998,-0.37823453678350527
2023-03-09,3,9,2023,3015.9,78.62,41.15,59.1,44.91,435.72,287.51,901.27,164.75,103.13,163.62,93.78,123.83,35.93,117.38,41.38,234.7,243.81,192.71,443.04,165.95,357.4,52.92,96.81,119.71,4599.13,-0.5249610398222753
2023-07-15,7,15,2023,2938.24,93.35,47.55,49.93,47.43,459.93,255.96,915.29,127.12,119.71,191.44,85.09,178.72,34.02,110.25,59.57,197.04,326.29,193.93,380.68,133.78,295.28,43.1,87.54,115.01,4548.01,-0.5478687922021348
2023-02-27,2,27,2023,2438.66,85.13,52.3,70.47,46.22,358.51,248.07,830.06,146.79,106.88,229.78,89.79,122.65,29.27,101.59,55.09,222.09,256.82,239.48,357.47,174.98,309.13,51.55,110.9,112.74,4407.76,-0.8074516332740114
2023-05-02,5,2,2023,2762.12,68.58,53.2,53.31,36.81,329.75,353.82,921.51,174.69,105.04,194.18,99.82,178.34,35.3,106.85,55.72,185.5,289.96,171.94,380.23,165.26,296.82,56.99,92.03,108.3,4513.95,-0.6342338493620842
2023-08-26,8,26,2023,3497.69,82.0,59.36,61.37,34.15,358.86,264.4,846.95,175.33,113.89,167.4,108.98,131.43,27.22,106.95,52.06,229.89,262.58,220.94,435.89,153.53,297.53,57.39,93.32,118.28,4459.699999999999,-0.275041527408089
2023-01-08,1,8,2023,2654.17,70.08,54.83,65.93,44.07,466.31,323.48,865.21,143.8,89.57,185.73,91.32,147.98,31.78,92.34,47.19,230.62,295.92,224.23,435.59,165.7,278.43,44.06,92.52,81.83,4568.520000000001,-0.7212612605824048
2023-04-24,4,24,2023,3289.5,64.52,51.07,62.02,43.52,367.23,263.54,713.61,154.19,89.83,204.05,117.74,140.25,33.16,99.54,54.47,219.17,295.3,218.62,376.35,128.4,305.59,43.68,115.57,119.61,4281.03,-0.301422708618331
2023-01-31,1,31,2023,3028.73,90.85,41.49,67.63,32.78,321.02,256.5,841.82,124.08,86.04,177.5,98.24,123.63,31.65,117.36,58.26,212.74,241.89,202.58,385.81,121.0,326.66,50.71,91.47,100.09,4201.8,-0.38731415477774517
2023-12-24,12,24,2023,3208.84,89.8,58.2,50.57,33.54,343.82,263.03,808.47,168.91,90.69,191.75,94.92,144.36,30.78,119.61,44.52,214.72,341.74,212.3,457.32,165.58,251.22,47.59,102.11,82.24,4407.79,-0.3736396953416187
2023-01-05,1,5,2023,3243.41,66.65,56.91,63.48,37.3,476.37,356.86,926.33,175.15,89.19,232.1,107.69,154.01,27.25,116.97,53.69,182.43,305.16,212.65,348.7,171.03,241.88,44.14,85.77,112.83,4644.54,-0.4319928716998468
2023-07-23,7,23,2023,3514.65,73.58,51.28,61.6,45.59,428.33,304.87,762.83,164.38,111.62,215.14,83.14,164.73,28.15,83.91,44.64,166.08,312.62,209.11,415.3,178.14,279.17,52.68,111.34,98.02,4446.25,-0.2650619549599533
2023-04-27,4,27,2023,2826.97,94.12,48.64,64.31,42.57,333.71,314.23,895.38,162.79,83.28,172.34,108.47,158.03,32.88,92.67,42.13,160.42,276.99,188.79,363.16,127.95,262.49,48.98,102.19,96.32,4272.839999999999,-0.5114557282178444
2023-01-14,1,14,2023,2507.54,81.74,51.94,66.83,45.82,321.97,289.66,889.33,163.49,102.38,239.42,89.71,151.27,32.22,86.78,45.38,181.47,257.51,173.38,364.15,137.99,333.92,47.22,117.77,108.84,4380.190000000001,-0.7468076281933694
2023-09-11,9,11,2023,3112.57,70.26,42.14,55.31,47.18,373.15,314.42,897.3,139.77,93.39,225.24,114.38,178.45,25.63,92.83,58.95,176.07,277.7,237.17,475.0,137.49,323.39,49.82,103.04,89.7,4597.78,-0.4771651721888984
2023-07-12,7,12,2023,2736.36,89.15,47.3,70.37,35.2,479.56,261.59,885.64,121.61,109.09,235.44,88.39,167.86,33.98,82.77,56.96,223.6,320.76,171.13,368.45,135.16,258.5,48.46,95.08,97.96,4484.009999999999,-0.6386769284743232
2023-11-03,11,3,2023,2975.08,76.83,50.13,70.09,43.07,406.98,334.89,755.05,173.73,101.48,211.05,83.4,166.14,31.89,94.2,52.94,163.54,358.03,214.2,383.94,165.16,355.89,48.61,80.42,90.35,4512.009999999999,-0.5166012342525241
2023-09-19,9,19,2023,3296.22,81.86,53.75,53.3,37.99,394.09,321.55,860.94,129.04,119.91,198.62,91.82,175.23,25.03,113.25,54.6,187.87,281.17,222.74,403.38,140.9,251.71,54.44,98.1,82.69,4433.98,-0.3451711354217861
2023-01-23,1,23,2023,3372.22,67.68,56.98,63.55,42.83,346.3,358.07,718.05,130.47,86.41,204.79,118.34,133.91,28.86,87.38,52.81,194.57,243.5,209.13,351.57,155.53,286.66,54.09,88.23,110.09,4189.800000000001,-0.2424456292887182
2023-02-02,2,2,2023,3092.82,89.58,50.74,56.78,35.15,338.23,320.48,796.63,177.95,92.54,191.09,95.7,126.85,28.22,98.31,43.45,213.89,336.07,233.49,414.43,160.33,277.58,44.77,84.68,94.93,4401.870000000001,-0.42325450559683414
2023-03-14,3,14,2023,3012.99,77.38,42.76,57.21,34.97,421.68,323.21,846.48,179.99,102.2,199.17,85.61,138.87,29.41,82.14,47.18,160.77,256.38,225.22,474.21,150.33,299.4,53.69,96.63,113.6,4498.49,-0.4930318388046426
2023-09-08,9,8,2023,2600.7,82.09,55.92,53.29,32.52,355.97,274.64,889.84,153.94,110.9,199.63,100.43,154.36,27.21,101.72,59.82,203.36,330.81,220.8,390.62,133.11,291.02,54.72,106.15,89.9,4472.7699999999995,-0.719833121851809
2023-01-17,1,17,2023,2939.68,75.15,56.33,58.54,47.9,444.1,268.43,899.42,155.28,94.03,216.86,105.31,129.96,25.67,88.26,44.14,164.75,282.1,182.49,406.2,139.42,324.49,45.79,90.69,114.32,4459.629999999999,-0.5170460730419636
2023-12-14,12,14,2023,3378.22,68.34,55.0,57.88,32.95,364.37,318.71,864.46,127.96,85.85,185.77,89.9,170.61,28.71,85.69,52.65,210.23,285.02,166.04,447.14,166.13,288.34,55.0,107.79,115.09,4429.63,-0.31123195055384206
2023-08-21,8,21,2023,3540.3,74.47,40.05,66.58,43.72,436.95,295.01,852.53,141.49,82.53,202.75,88.71,145.78,26.54,90.74,56.57,187.02,309.35,205.29,397.65,140.62,321.91,40.97,83.98,111.36,4442.57,-0.2548569330282743
2023-08-24,8,24,2023,2419.54,93.74,43.16,58.96,47.87,388.45,359.48,931.01,172.93,92.07,229.95,115.06,125.6,28.33,83.3,53.29,211.91,246.21,210.05,436.16,165.31,291.51,41.82,83.81,88.54,4598.5199999999995,-0.9005761425725549
2023-02-09,2,9,2023,2559.24,71.24,53.6,48.22,43.13,450.74,358.58,775.14,127.93,82.83,190.65,109.23,126.15,27.76,115.24,42.74,221.88,330.38,170.65,478.87,128.57,303.66,40.17,106.0,97.6,4500.960000000001,-0.7587096169175229
2023-04-20,4,20,2023,3153.7,68.84,48.23,64.48,45.76,333.87,252.06,880.78,155.37,95.36,237.06,92.58,128.39,27.32,83.37,51.07,208.0,312.91,222.32,430.48,170.87,319.01,46.03,100.71,100.38,4475.25,-0.41904746805339765
2023-07-20,7,20,2023,2754.65,65.75,57.96,70.91,39.92,338.04,299.95,830.06,151.7,119.11,238.95,117.36,127.92,34.33,102.74,47.31,214.64,331.53,236.36,443.26,121.0,248.1,45.24,81.59,82.42,4446.15,-0.6140526019639517
2023-07-23,7,23,2023,3007.93,84.11,50.02,57.97,43.23,333.19,304.39,837.14,136.65,92.4,200.9,88.13,168.48,30.44,95.63,52.69,226.76,321.73,165.29,431.79,163.8,341.58,41.16,83.45,97.38,4448.31,-0.47886087774649033
2023-08-21,8,21,2023,3134.76,65.76,53.32,63.79,34.81,322.03,256.47,643.63,149.78,93.87,201.38,112.9,135.55,28.46,109.99,57.47,218.63,254.17,231.99,373.6,145.76,302.86,45.26,119.0,105.1,4125.58,-0.316075233829703
2023-09-12,9,12,2023,2946.24,75.52,49.99,61.61,37.88,360.82,252.35,823.65,163.37,89.14,200.71,81.76,171.78,26.93,98.87,47.66,172.01,351.74,228.6,408.46,174.84,328.88,48.39,92.87,96.65,4444.48,-0.5085261214293472
2023-06-13,6,13,2023,2725.51,66.49,47.46,60.05,46.43,348.7,336.52,954.05,177.24,82.76,197.21,91.29,170.69,27.93,102.12,40.16,176.05,307.66,184.31,419.63,147.84,311.0,49.87,110.9,87.82,4544.179999999999,-0.6672769500020176
2023-10-07,10,7,2023,3312.58,71.84,40.13,57.84,35.73,375.43,340.75,920.7,177.06,80.06,212.58,113.96,163.63,25.25,101.19,44.76,199.36,247.19,239.76,433.86,125.58,350.55,57.95,100.79,108.03,4623.98,-0.39588477863176125
2023-07-10,7,10,2023,2950.15,87.93,51.62,60.13,42.2,383.1,311.03,659.93,159.75,85.23,183.33,114.04,175.56,28.72,113.28,46.53,196.22,268.03,235.48,341.78,166.21,253.08,42.11,97.98,92.56,4195.830000000001,-0.422242936799824
2023-03-03,3,3,2023,3043.11,94.87,44.15,55.4,36.24,339.19,258.91,859.54,169.58,107.88,163.23,113.44,139.67,25.09,89.93,47.11,201.08,321.26,180.81,478.51,121.86,288.53,49.04,109.92,89.99,4385.23,-0.4410356510280599
2023-08-25,8,25,2023,2522.29,89.4,42.43,49.48,44.5,355.57,263.78,768.19,161.18,117.5,166.72,103.44,175.05,24.9,119.89,43.96,211.68,337.12,167.36,455.56,168.53,254.7,58.85,82.03,116.97,4378.790000000001,-0.7360374897414654
2023-08-10,8,10,2023,3386.02,76.64,40.59,64.4,34.76,354.35,262.46,729.55,173.01,81.39,209.53,89.83,137.71,28.94,102.03,41.22,182.38,256.47,175.96,461.54,151.55,315.69,56.04,111.79,119.58,4257.410000000001,-0.2573493363890351
2023-07-03,7,3,2023,2975.62,89.01,46.88,61.58,37.15,363.27,243.13,831.08,121.76,112.43,182.47,112.35,148.3,28.29,103.36,44.66,172.77,269.74,179.29,405.39,167.47,328.45,55.28,117.91,103.03,4325.049999999998,-0.45349540599942145
2023-07-18,7,18,2023,2825.77,90.86,56.9,52.23,41.48,448.99,323.72,932.47,121.69,108.02,235.8,102.54,153.79,26.26,119.52,57.63,199.38,277.09,199.23,334.44,133.96,266.26,50.53,80.03,116.72,4529.540000000001,-0.6029400835878366
2023-04-14,4,14,2023,3367.73,74.9,43.55,67.26,45.89,329.53,257.73,865.5,128.5,84.44,202.1,94.6,124.35,32.45,106.49,51.72,186.92,278.71,238.07,437.18,146.21,316.71,49.74,92.69,108.29,4363.529999999999,-0.29568878740279025
2023-10-15,10,15,2023,3232.27,93.72,55.74,53.36,41.42,348.06,276.82,860.32,127.64,109.15,235.9,117.95,143.5,35.93,118.61,40.65,208.19,350.52,237.4,355.34,153.93,352.4,42.81,109.81,89.52,4558.690000000001,-0.41036794574710694
2023-06-13,6,13,2023,2601.46,92.33,41.77,65.02,42.23,461.86,293.6,724.87,134.97,82.71,180.53,84.32,120.08,28.63,109.3,59.38,230.76,299.17,190.3,407.36,126.09,297.54,57.28,106.04,107.49,4343.630000000001,-0.6696893283002625
2023-03-25,3,25,2023,2941.54,89.57,40.67,48.48,36.18,336.76,281.02,924.14,129.65,83.0,235.35,119.12,140.28,35.82,115.73,54.09,194.51,318.44,208.59,389.47,123.21,279.73,59.49,96.37,102.16,4441.830000000001,-0.5100355596048332
2023-10-04,10,4,2023,2718.32,73.01,44.75,49.19,41.15,454.38,258.43,755.47,145.66,91.78,212.96,104.01,131.98,24.31,86.83,45.84,166.55,341.25,184.67,383.59,149.35,319.32,41.82,101.77,87.4,4295.470000000001,-0.5801929132699611
2023-07-15,7,15,2023,2843.28,78.26,45.27,59.16,35.62,362.97,247.4,880.72,160.05,83.43,187.5,101.66,178.24,31.08,102.14,56.82,225.47,290.24,202.84,458.7,148.49,345.8,49.53,83.16,116.11,4530.659999999999,-0.5934624799527302
2023-01-18,1,18,2023,3002.52,92.81,56.01,64.26,41.92,339.25,330.86,695.32,179.06,118.89,224.68,85.05,145.4,35.86,97.42,59.95,210.18,340.09,180.63,465.73,174.85,248.04,47.76,95.89,93.05,4422.960000000001,-0.4730826106070904
2023-05-22,5,22,2023,3023.63,93.35,40.25,64.81,41.4,445.07,253.5,687.89,154.0,103.31,237.19,84.01,126.34,33.35,111.43,57.35,230.41,345.35,181.13,424.77,154.32,296.77,43.44,96.12,104.73,4410.289999999999,-0.4586077000162053
2023-12-15,12,15,2023,3232.39,65.24,57.79,55.96,35.8,439.32,350.5,927.05,121.21,112.7,184.24,91.21,149.5,32.35,83.93,57.38,170.75,356.91,195.45,452.13,136.17,290.01,52.91,87.52,88.46,4594.49,-0.42139098314250445
2023-07-28,7,28,2023,3289.13,88.3,57.34,67.7,40.24,345.44,277.33,802.17,128.14,114.05,230.35,81.16,131.57,34.0,113.48,44.99,196.52,350.16,216.37,363.84,169.41,300.62,52.71,84.95,81.22,4372.0599999999995,-0.3292451195300883
2023-07-10,7,10,2023,2986.54,78.28,59.21,59.39,40.82,375.08,340.52,722.77,169.85,83.62,162.2,81.99,171.23,33.36,88.57,44.43,178.01,264.81,212.13,402.12,171.88,356.06,53.64,98.96,85.29,4334.22,-0.45125128074628174
2023-03-30,3,30,2023,3121.37,64.27,45.05,67.32,36.89,474.72,317.13,775.62,142.59,93.95,180.16,98.67,160.63,33.89,95.89,42.05,200.92,319.48,227.46,379.88,158.84,313.09,45.97,84.32,82.55,4441.34,-0.42288161928896617
2023-05-22,5,22,2023,3168.71,91.57,45.22,65.07,46.28,367.81,257.99,884.95,173.98,112.22,224.19,104.0,159.63,32.17,108.85,53.11,239.8,271.13,193.49,382.12,122.12,324.97,51.44,87.6,109.06,4508.770000000001,-0.42290395776199186
2023-04-24,4,24,2023,3223.58,84.43,49.51,70.58,37.74,368.03,260.4,850.44,153.49,91.75,197.66,109.64,163.51,30.71,116.5,58.94,231.97,318.53,177.78,355.73,172.29,290.46,57.74,94.87,103.42,4446.12,-0.37924915776869195
2023-08-26,8,26,2023,3421.46,79.06,57.33,62.01,47.11,331.39,346.73,800.15,172.05,95.27,183.87,82.16,171.25,25.65,88.01,48.18,205.55,348.79,196.61,370.62,162.94,333.47,49.75,105.24,87.07,4450.259999999999,-0.3006903485646476
2023-11-21,11,21,2023,2469.62,78.47,44.19,66.57,41.22,345.35,334.23,889.52,127.76,97.35,194.35,97.16,148.64,24.06,101.35,54.61,236.01,347.04,220.55,404.97,121.07,240.49,54.67,89.05,115.08,4473.76,-0.8115175614062085
2023-06-09,6,9,2023,2554.72,76.27,51.77,52.01,45.18,367.71,274.9,872.91,155.78,93.51,231.04,119.82,140.56,34.82,94.37,43.77,235.85,350.18,192.27,356.55,163.63,255.74,54.68,103.59,86.76,4453.670000000001,-0.7433104214943326
2023-07-07,7,7,2023,3253.33,89.35,47.5,63.37,44.34,419.7,311.27,655.35,126.49,113.44,163.86,84.63,146.66,25.48,90.11,54.04,176.44,322.29,160.74,387.34,126.06,302.44,52.46,108.03,96.75,4168.140000000001,-0.2811918864670972
2023-02-23,2,23,2023,3013.9,83.77,45.65,66.83,39.96,417.44,333.36,906.08,178.39,94.32,192.78,86.41,152.89,34.92,107.53,49.61,178.76,241.53,167.12,337.67,154.45,299.29,58.99,111.18,83.0,4421.930000000001,-0.46717873851156344
2023-02-21,2,21,2023,3485.74,84.62,49.14,71.45,36.23,328.01,337.58,919.72,171.13,94.41,214.14,97.04,126.95,34.21,115.61,40.19,171.07,317.66,186.29,463.12,177.31,272.2,54.66,94.9,93.71,4551.349999999999,-0.3057055316805039
2023-02-28,2,28,2023,2880.93,94.79,45.44,57.26,45.61,447.98,317.86,895.01,126.78,107.85,164.69,117.7,129.56,28.99,103.63,56.05,214.27,261.75,190.38,377.38,121.73,322.14,56.77,118.94,85.23,4487.79,-0.5577573908425405
2023-09-07,9,7,2023,2535.52,77.16,40.92,54.28,37.03,432.73,321.35,885.61,154.6,102.6,238.23,106.79,140.3,30.28,108.02,41.9,212.94,269.83,187.66,428.21,143.09,340.68,51.17,119.51,82.18,4607.070000000001,-0.8170118949958985
2023-11-26,11,26,2023,3521.25,80.18,49.39,59.9,34.65,440.23,278.48,745.89,136.69,100.28,204.04,95.15,169.03,24.95,97.77,51.46,167.04,299.81,185.28,476.91,164.71,242.13,48.07,81.43,101.96,4335.43,-0.2312190273340434
2023-02-16,2,16,2023,3350.14,94.82,52.75,69.36,41.0,424.74,294.74,749.07,169.52,112.66,227.55,93.28,166.04,31.2,108.67,47.27,196.2,251.69,212.71,320.35,141.31,316.04,56.0,101.91,94.96,4373.84,-0.3055693194911258
2023-02-24,2,24,2023,2454.93,69.25,42.81,65.2,43.54,337.11,313.3,700.01,175.81,95.72,196.56,111.26,163.01,25.29,96.58,58.53,227.0,310.66,221.77,392.08,159.51,354.74,42.69,99.95,101.21,4403.589999999999,-0.7937741605666963
2023-01-25,1,25,2023,3063.87,77.85,51.7,70.18,44.5,465.63,323.02,695.57,168.91,84.14,212.6,104.25,139.31,34.58,96.75,52.18,215.4,269.79,191.83,374.86,137.65,336.58,42.76,104.1,115.46,4409.600000000001,-0.43922555460904067
2023-09-20,9,20,2023,2758.7,86.45,57.21,65.08,46.97,421.21,264.11,839.73,137.43,93.81,213.79,119.25,159.01,35.5,100.16,53.89,185.79,253.85,188.18,396.86,154.24,320.06,48.35,109.91,113.66,4464.5,-0.6183347228767174
2023-05-27,5,27,2023,3452.97,77.52,40.26,50.56,38.09,328.49,246.79,725.43,167.13,119.34,214.67,85.86,123.72,33.41,88.16,50.82,188.69,294.31,209.29,428.08,153.71,266.92,52.94,95.56,100.44,4180.19,-0.21060710055401577
2023-12-23,12,23,2023,2745.17,85.26,58.53,57.3,47.31,476.13,277.52,816.68,120.78,90.05,209.64,111.24,172.21,33.96,116.46,54.09,211.81,330.61,203.73,416.54,166.57,355.71,45.88,87.1,107.31,4652.420000000001,-0.6947657157844508
2023-04-06,4,6,2023,3554.97,87.52,42.39,48.98,36.47,362.28,259.31,910.72,120.34,98.65,235.0,81.6,175.72,31.16,110.95,52.51,227.45,276.14,223.19,408.03,124.37,324.92,50.51,118.28,100.82,4507.309999999999,-0.26788974309206515
2023-09-16,9,16,2023,2591.24,81.38,48.07,56.39,46.13,426.13,279.73,733.94,177.02,104.73,197.99,102.45,165.13,31.79,84.59,46.92,179.23,317.07,233.49,359.01,122.39,346.28,47.63,111.85,84.53,4383.870000000001,-0.6918039239900593
2023-05-12,5,12,2023,3048.28,73.05,58.23,67.73,38.0,448.45,293.47,654.03,173.9,87.7,201.11,117.93,130.04,35.48,101.52,40.15,165.24,320.44,221.89,458.39,145.45,252.47,50.76,108.11,119.05,4362.589999999999,-0.4311644599577463
2023-08-11,8,11,2023,3175.87,94.07,54.94,51.69,39.35,373.07,250.5,657.37,167.65,102.32,206.0,89.11,135.52,28.66,105.21,48.66,161.35,320.8,202.79,422.63,157.1,330.72,51.71,108.04,82.9,4242.16,-0.3357473700119967
2023-09-15,9,15,2023,2527.36,89.18,46.03,50.08,44.24,390.03,287.41,851.43,148.44,101.34,170.91,95.64,167.85,30.55,118.41,42.88,214.18,349.7,223.6,436.69,142.39,353.94,51.07,102.2,84.93,4593.119999999999,-0.8173588250189917
2023-01-03,1,3,2023,3087.26,76.61,50.95,50.04,35.36,438.63,327.11,707.76,174.34,114.06,171.4,87.36,157.01,27.03,84.58,53.42,205.38,246.53,220.08,478.41,152.93,317.36,41.46,106.87,90.03,4414.71,-0.4299767431314498
2023-04-12,4,12,2023,3270.71,79.59,46.62,51.08,42.49,336.01,314.34,928.04,139.07,98.03,209.31,92.23,155.05,30.79,94.58,46.33,194.26,240.58,179.69,355.44,164.39,292.33,56.8,85.37,109.32,4341.739999999999,-0.3274610099947714
2023-09-03,9,3,2023,2955.42,75.48,46.11,61.24,34.81,417.06,341.02,914.79,128.4,101.54,181.06,115.45,124.59,24.9,80.75,50.14,162.5,309.83,192.41,414.41,174.38,306.19,50.87,119.95,98.88,4526.759999999999,-0.531680776336358
2023-03-18,3,18,2023,2838.98,71.15,55.44,65.6,36.66,394.35,301.25,766.97,150.13,106.51,227.84,112.26,156.84,25.99,100.57,48.92,174.33,353.85,212.75,474.84,164.16,298.02,47.18,88.75,99.51,4533.870000000001,-0.5970066714101546
2023-02-02,2,2,2023,2717.23,71.49,53.37,60.43,44.66,382.09,350.15,922.1,122.39,105.94,168.26,118.74,158.01,27.28,109.68,51.57,205.61,285.2,190.28,414.03,173.89,249.34,45.03,118.91,88.92,4517.37,-0.6624908454565862
2023-07-27,7,27,2023,2823.48,91.77,49.74,59.57,41.67,400.29,256.68,692.99,124.63,105.74,176.92,87.48,141.73,32.61,84.73,44.61,224.89,326.43,198.52,396.61,132.64,259.35,56.67,80.9,81.73,4148.9,-0.4694277983198038
2023-10-21,10,21,2023,3110.82,68.31,50.25,69.38,34.35,346.61,350.69,805.33,144.33,118.77,211.01,115.14,163.68,33.86,117.89,44.33,208.52,296.57,198.53,355.1,144.65,257.13,51.65,110.7,104.93,4401.709999999999,-0.414967757697327
2023-09-19,9,19,2023,2717.42,87.17,46.85,58.88,41.45,356.77,286.26,674.74,132.14,114.38,200.35,96.79,128.97,25.16,99.03,52.29,163.12,334.06,200.27,338.8,148.93,255.64,52.07,113.1,115.88,4123.099999999999,-0.5172847774727497
2023-12-14,12,14,2023,3179.08,80.71,47.41,49.04,40.48,356.72,336.28,892.66,142.87,103.56,219.31,110.46,161.8,25.17,85.36,49.54,178.6,343.09,182.66,460.28,144.52,262.68,54.18,111.58,103.12,4542.08,-0.4287403903015967
2023-03-02,3,2,2023,3023.71,76.0,44.11,67.3,38.54,337.05,291.13,827.32,135.68,101.44,205.17,104.48,179.51,28.77,88.15,51.04,204.61,261.45,204.73,397.4,179.31,309.32,55.48,95.93,85.52,4369.4400000000005,-0.4450592153348041
2023-12-04,12,4,2023,2542.9,71.35,55.66,70.78,33.6,401.33,334.33,896.27,156.84,107.38,164.16,95.56,158.15,33.65,112.93,49.43,208.02,250.58,181.05,379.33,156.54,326.94,58.61,96.03,106.25,4504.769999999999,-0.7715089071532496
2023-05-27,5,27,2023,3253.93,83.12,58.91,67.69,42.24,390.24,264.2,850.2,168.23,91.44,162.69,103.98,150.95,26.78,86.78,40.72,179.14,240.03,172.6,479.49,166.78,282.38,47.9,103.44,100.71,4360.639999999999,-0.34011487647245014
2023-12-27,12,27,2023,2482.34,66.89,45.69,67.91,46.64,375.7,355.59,728.48,156.38,87.78,234.38,103.0,135.67,28.89,84.26,41.45,183.54,353.64,224.24,473.07,172.57,337.58,51.5,107.77,118.64,4581.26,-0.845540900924128
2023-10-16,10,16,2023,2980.36,71.78,46.79,66.61,42.91,463.44,343.44,794.23,135.47,95.31,223.09,88.82,162.07,33.6,96.5,47.06,202.85,324.1,181.07,365.97,143.94,329.85,46.84,102.18,87.14,4495.060000000001,-0.5082271940302517
2023-06-10,6,10,2023,2824.25,92.62,45.38,70.73,42.93,465.59,299.88,703.89,164.13,114.91,176.54,88.11,134.98,31.42,86.24,42.13,233.62,321.1,213.07,418.21,165.85,304.98,40.85,99.29,104.83,4461.280000000001,-0.5796335310259363
2023-09-10,9,10,2023,3477.75,92.19,51.49,54.59,34.93,442.28,301.34,767.32,165.01,85.13,202.06,96.93,176.38,24.39,93.89,57.21,222.07,294.86,169.63,402.91,138.94,241.01,53.48,95.18,84.03,4347.249999999999,-0.25001797138954757
2023-07-05,7,5,2023,3135.33,72.31,50.97,53.69,39.54,418.09,283.91,799.61,132.63,108.03,189.78,114.17,136.78,26.16,85.25,51.52,178.29,251.98,181.6,357.73,145.93,285.71,42.92,118.37,85.98,4210.95,-0.3430643664303279
2023-01-05,1,5,2023,2611.93,79.99,59.91,68.39,40.27,435.29,334.24,736.01,153.73,102.71,191.87,107.62,123.6,33.77,99.06,52.6,195.99,280.16,188.88,409.66,175.91,270.93,40.4,84.85,114.69,4380.529999999999,-0.6771238126596039
2023-11-07,11,7,2023,2638.75,82.43,52.98,52.19,44.48,376.82,320.78,796.0,164.19,115.59,190.49,91.46,157.9,25.74,86.7,56.15,186.99,315.75,205.73,455.82,124.28,259.44,44.56,92.68,91.65,4390.8,-0.6639696826148745
2023-05-17,5,17,2023,3126.46,76.65,57.75,66.74,47.02,439.66,302.51,784.09,130.04,114.17,170.0,89.39,135.1,32.93,109.99,44.21,191.76,251.47,234.94,395.71,123.23,332.51,50.48,119.84,84.16,4384.3499999999985,-0.40233682823384864
2023-11-13,11,13,2023,2586.33,84.95,57.71,55.42,35.96,365.47,315.18,682.01,170.31,81.14,213.08,114.41,139.51,29.71,119.0,50.81,181.79,293.38,237.56,431.62,130.62,311.71,52.62,105.43,102.56,4361.96,-0.6865442538268512
2023-09-26,9,26,2023,3167.74,81.08,58.18,59.56,35.63,334.33,276.94,771.91,129.34,80.42,201.87,110.33,128.18,27.44,101.4,53.76,199.35,330.66,183.97,442.54,167.88,311.64,55.94,101.93,87.54,4331.82,-0.36747965426455453
2023-10-15,10,15,2023,2924.53,72.0,54.3,63.5,45.25,355.29,249.51,840.1,151.0,112.0,209.06,107.76,136.31,31.78,101.28,45.38,175.04,248.22,170.93,337.66,147.32,294.33,54.01,99.68,92.83,4194.540000000001,-0.434261231719285
2023-03-19,3,19,2023,2459.56,81.12,43.72,50.45,36.31,434.43,327.25,714.5,129.04,99.74,187.35,92.46,167.97,35.98,98.55,55.83,186.42,341.23,236.13,328.97,166.54,248.57,49.4,87.69,113.66,4313.3099999999995,-0.7536917172177136
2023-07-15,7,15,2023,3393.9,67.9,55.36,53.98,44.34,390.87,328.51,650.72,147.65,110.84,201.69,119.28,148.37,32.18,92.48,46.46,210.33,245.06,234.99,403.35,135.2,316.62,43.97,115.5,114.55,4310.2,-0.26998438374731126
2023-04-22,4,22,2023,3567.93,71.55,48.68,48.36,44.71,413.55,287.5,717.79,178.13,103.24,215.26,107.54,129.3,33.25,89.95,50.0,214.88,280.61,237.57,441.53,123.6,282.66,43.08,101.45,84.3,4348.490000000001,-0.218771108177571
2023-09-07,9,7,2023,2679.21,95.41,55.77,66.16,44.89,390.2,263.16,860.56,141.49,85.39,231.89,99.41,146.25,27.54,107.88,43.8,174.93,281.72,218.59,364.05,169.88,349.74,51.09,82.76,86.2,4438.76,-0.6567420993501817
2023-06-01,6,1,2023,3383.3,81.33,49.08,66.62,40.1,437.39,345.95,838.32,141.84,104.81,185.66,82.53,178.03,33.83,87.59,53.66,221.26,258.5,182.65,385.57,139.32,251.55,53.18,81.75,117.51,4418.030000000001,-0.3058345402417759
2023-04-02,4,2,2023,3448.19,70.47,49.71,50.37,41.14,453.81,318.95,808.26,162.08,90.24,189.31,104.24,124.25,35.16,88.35,49.83,231.18,249.59,224.08,329.71,153.48,352.59,48.32,94.76,108.34,4428.219999999999,-0.2842157769728464
2023-11-12,11,12,2023,2718.98,65.3,41.41,55.29,47.11,473.69,251.65,872.06,151.9,87.58,202.1,89.95,157.52,26.15,109.97,48.3,168.44,316.63,188.64,393.4,159.91,345.94,43.34,87.22,96.06,4479.56,-0.647514876902368
2023-06-22,6,22,2023,3189.04,81.08,52.0,70.4,46.44,408.01,359.62,910.35,144.74,105.33,226.09,92.94,134.44,30.55,95.0,51.0,219.57,283.2,196.19,473.57,120.01,244.16,45.69,80.65,85.4,4556.429999999999,-0.4287779394425907
2023-06-04,6,4,2023,2407.88,95.5,44.3,55.56,44.34,470.94,338.68,934.12,150.68,102.83,205.73,83.77,147.62,25.87,90.6,57.79,179.99,270.75,184.02,411.28,154.14,266.09,41.54,92.99,99.3,4548.429999999999,-0.8889770254331608
2023-09-07,9,7,2023,3390.85,86.07,51.52,69.78,41.52,368.06,327.69,824.41,124.71,82.24,221.67,93.92,169.03,29.0,114.71,57.4,178.14,318.33,208.18,321.83,166.65,285.9,46.1,81.65,101.6,4370.110000000001,-0.2887948449503814
2023-03-18,3,18,2023,2792.2,86.33,43.06,64.17,47.96,475.37,330.34,824.08,125.4,97.28,222.91,85.92,140.17,29.71,109.81,50.96,181.0,287.82,194.76,431.66,165.72,297.71,43.96,95.81,102.85,4534.76,-0.6240813695294035
2023-10-15,10,15,2023,3139.2,87.54,44.92,49.72,44.43,371.75,350.9,668.67,160.3,96.94,187.86,92.83,155.63,24.29,92.19,59.75,209.3,358.82,195.38,343.33,122.69,338.18,43.99,94.95,110.31,4304.67,-0.37126337920489305
2023-02-13,2,13,2023,2534.85,65.75,58.98,70.24,45.9,451.22,241.65,862.01,126.68,98.0,161.82,88.36,152.28,26.45,100.93,45.17,198.64,327.59,171.31,431.8,121.1,309.96,53.27,81.74,86.81,4377.660000000001,-0.7269897627078529
2023-05-26,5,26,2023,2640.84,86.29,45.43,59.16,47.12,330.66,319.24,852.15,174.77,94.41,168.63,91.7,173.0,28.64,119.19,50.17,216.78,348.46,198.77,415.54,125.28,263.87,59.34,102.43,108.5,4479.530000000001,-0.6962519501370777
2023-01-21,1,21,2023,2696.87,80.94,46.67,57.44,34.51,375.48,282.23,840.07,134.17,119.13,200.1,112.48,157.55,34.54,115.62,56.3,162.36,306.59,182.42,344.27,173.83,318.83,41.76,95.29,118.42,4391.000000000001,-0.6281837834230056
2023-11-10,11,10,2023,3447.24,85.97,48.35,61.75,38.82,369.98,312.64,783.73,127.91,106.1,206.48,107.36,132.14,25.66,107.54,57.97,232.77,291.61,232.72,443.21,159.37,307.78,43.16,82.71,101.32,4467.049999999999,-0.29583376846404646
2023-03-02,3,2,2023,2620.96,90.86,42.91,48.71,37.1,475.66,355.34,737.07,164.74,112.87,210.95,109.53,129.12,26.26,85.26,40.52,238.88,314.03,208.45,417.98,155.78,267.71,40.52,83.18,111.19,4504.620000000001,-0.7186908613637754
2023-03-10,3,10,2023,3002.79,83.35,54.24,56.98,45.63,398.63,256.5,701.84,121.93,110.58,161.2,90.79,144.78,32.91,119.53,55.16,165.29,351.25,238.85,458.74,149.4,278.99,49.15,89.87,96.19,4311.78,-0.43592459013117796
2023-01-22,1,22,2023,3129.52,90.38,54.4,57.46,47.03,411.51,304.34,845.25,162.25,81.54,168.75,98.28,172.67,34.53,89.83,50.76,238.71,244.71,190.99,442.43,177.76,262.78,48.79,115.38,110.95,4501.48,-0.4383931082082874
2023-05-27,5,27,2023,2953.62,77.52,52.26,49.31,40.27,342.76,339.59,784.54,163.36,84.53,222.3,117.51,161.77,25.62,96.54,49.02,174.31,310.84,217.01,352.31,147.28,270.01,53.83,116.29,111.86,4360.64,-0.4763713680161972
2023-03-05,3,5,2023,2509.43,86.6,52.68,50.05,43.32,436.3,357.02,835.86,129.59,102.01,163.51,86.84,140.11,34.46,114.51,43.24,171.57,332.3,164.1,369.29,163.81,355.32,45.78,87.23,115.94,4481.439999999999,-0.7858398122282746
2023-04-14,4,14,2023,2404.24,88.49,40.24,59.94,39.98,449.19,312.96,797.91,133.01,106.38,196.3,97.68,156.07,24.08,115.29,45.56,210.29,338.41,176.61,349.57,123.3,281.88,42.91,81.3,103.12,4370.47,-0.8178176887498755
2023-11-05,11,5,2023,2758.13,93.45,40.98,58.01,34.85,427.53,313.33,861.28,155.7,111.49,174.19,98.21,154.74,35.18,83.73,45.99,189.49,285.47,165.41,388.37,153.03,275.14,42.69,107.78,90.98,4387.019999999999,-0.5905776740037628
2023-09-27,9,27,2023,2896.51,70.72,44.18,49.4,41.14,476.7,303.47,668.05,163.44,104.19,223.05,108.27,145.62,34.17,90.39,51.5,209.86,351.25,209.14,399.42,163.75,299.73,56.16,115.35,89.31,4468.260000000001,-0.5426357927298717
2023-05-29,5,29,2023,3575.11,64.05,40.48,63.01,33.89,455.69,335.95,959.68,144.84,93.35,204.83,105.5,120.68,26.41,91.27,55.8,184.62,300.8,185.91,320.98,161.15,280.96,54.49,104.64,81.16,4470.139999999999,-0.25035033887069186
2023-03-31,3,31,2023,2632.82,90.68,58.45,59.5,39.59,325.69,256.29,689.72,147.64,114.61,231.67,98.5,168.85,35.13,82.24,50.42,205.2,321.38,204.41,322.99,154.64,279.81,58.32,111.83,82.65,4190.21,-0.5915292348128621
2023-03-18,3,18,2023,2736.55,65.0,59.67,63.04,45.48,411.36,286.75,830.46,171.88,110.06,216.42,92.58,121.9,28.97,99.88,44.75,196.15,354.09,177.29,368.37,126.73,334.19,55.56,116.53,97.75,4474.86,-0.6352195282381098
2023-01-13,1,13,2023,3358.83,92.96,43.08,56.16,39.74,459.82,277.24,744.75,166.17,83.93,238.58,100.65,179.56,26.46,81.46,47.75,229.18,253.9,184.88,327.04,170.89,344.63,46.67,115.57,84.12,4395.19,-0.30854791698299694
2023-12-04,12,4,2023,3294.67,64.72,55.17,63.33,35.36,352.09,274.39,810.33,166.37,106.84,181.81,86.3,126.87,35.5,102.39,42.05,203.4,305.92,181.68,470.92,168.24,308.89,43.43,92.46,115.69,4394.150000000001,-0.3337147574719169
2023-10-04,10,4,2023,2932.38,68.16,49.41,64.21,33.69,328.61,291.18,697.27,155.77,103.71,226.89,107.97,156.98,27.75,112.7,54.26,213.67,304.02,237.89,440.92,147.94,255.82,56.26,116.79,98.73,4350.599999999999,-0.4836412743232457
2023-08-22,8,22,2023,2772.47,84.62,55.33,59.29,47.16,343.0,347.48,722.58,141.81,87.33,233.38,93.21,171.65,27.9,99.5,41.31,169.03,297.44,227.66,365.16,140.92,308.96,50.16,96.23,108.57,4319.679999999999,-0.558061944764055
2023-02-24,2,24,2023,2791.04,84.78,55.85,60.79,38.41,386.15,314.5,815.34,178.43,95.35,187.26,112.56,155.46,33.41,97.41,55.75,203.56,268.34,213.01,332.46,175.85,308.9,49.73,103.69,98.52,4425.509999999999,-0.5856132481082318
2023-10-12,10,12,2023,2517.18,78.25,46.16,57.74,41.57,429.68,311.57,902.36,139.64,105.8,164.92,88.7,128.34,30.97,110.2,56.2,220.57,319.31,196.24,366.64,156.93,293.66,44.11,115.1,91.99,4496.649999999999,-0.7863839693625402
2023-12-14,12,14,2023,2765.46,94.19,48.69,71.58,37.51,334.29,240.97,955.65,144.25,85.1,183.53,94.77,152.93,24.64,108.13,56.42,188.74,343.35,229.25,357.64,162.13,287.31,46.36,95.31,95.26,4438.000000000001,-0.6047963087515281
2023-10-07,10,7,2023,2653.46,69.55,42.78,61.33,45.49,377.65,290.07,732.31,172.36,85.02,160.93,105.94,128.64,34.62,106.32,59.5,170.86,256.47,224.48,457.62,173.61,323.45,58.61,104.93,98.18,4340.72,-0.6358716543682589
2023-08-06,8,6,2023,3062.46,78.4,47.11,52.46,41.67,412.47,341.62,715.76,150.1,96.43,203.69,94.68,178.69,30.82,108.2,42.26,198.52,322.86,171.37,437.01,179.01,358.04,55.58,98.6,83.13,4498.4800000000005,-0.4689106143427181
2023-11-09,11,9,2023,2506.14,79.12,54.83,71.05,33.25,421.39,335.77,740.0,123.17,93.74,222.28,98.75,150.76,29.63,109.35,48.42,236.85,335.79,183.14,325.65,175.37,329.93,54.54,102.55,82.46,4437.79,-0.7707669962571924
2023-08-31,8,31,2023,3093.77,82.33,53.13,55.0,43.8,324.37,298.17,680.58,124.61,111.35,180.16,104.63,136.51,27.08,109.66,52.08,232.81,328.68,212.73,379.16,130.52,333.9,44.72,87.23,101.1,4234.3099999999995,-0.3686570107021529
2023-01-17,1,17,2023,2811.42,66.7,42.9,70.41,34.47,399.35,359.23,886.52,134.28,97.61,211.01,88.43,164.06,28.14,105.69,55.11,169.28,260.11,191.9,368.22,164.77,330.29,50.65,95.19,108.22,4482.54,-0.5944042512324732
2023-08-31,8,31,2023,2715.15,80.97,48.69,54.93,44.76,381.12,277.88,809.68,177.35,83.89,202.5,94.15,170.65,31.33,106.08,45.45,181.63,336.28,180.43,413.47,147.67,321.03,44.84,106.88,110.82,4452.48,-0.6398652008176342
2023-09-24,9,24,2023,2804.89,86.09,43.6,61.14,42.76,453.07,241.44,671.26,126.23,97.84,177.55,91.33,131.58,24.28,83.68,58.77,212.53,340.26,236.04,422.09,162.48,254.4,57.13,85.2,106.26,4267.01,-0.5212753441311425
2023-11-28,11,28,2023,3079.28,94.95,57.92,64.7,36.05,394.71,352.34,844.41,175.36,91.06,194.16,116.14,166.19,27.88,86.48,41.48,222.17,285.94,186.61,329.61,177.34,271.76,48.81,99.67,117.14,4482.880000000001,-0.4558208412356138
2023-11-09,11,9,2023,2871.16,84.66,42.17,60.98,38.9,418.23,252.75,781.31,135.54,81.39,165.63,109.1,166.63,24.23,99.91,53.06,160.07,244.54,191.24,344.26,139.79,286.96,40.07,108.3,110.84,4140.56,-0.44212095459674855
2023-09-02,9,2,2023,2923.27,91.01,55.62,66.85,40.64,320.53,354.5,901.75,148.92,102.69,234.8,94.36,160.91,28.81,105.29,59.18,167.25,304.16,236.87,332.87,147.58,331.98,52.96,87.06,81.57,4508.16,-0.5421633992070524
2023-07-16,7,16,2023,3192.88,73.56,47.8,50.56,43.02,397.84,346.23,780.15,131.37,81.43,162.03,119.86,134.31,28.67,111.71,52.87,199.97,355.79,224.94,474.65,120.99,280.71,46.75,108.84,96.22,4470.2699999999995,-0.4000745408533986
2023-04-19,4,19,2023,3368.52,85.35,49.17,64.27,45.99,343.83,309.52,935.94,122.21,85.66,212.31,98.85,175.08,24.55,108.05,42.61,173.78,245.99,184.59,446.99,147.37,260.48,51.82,112.71,84.25,4411.37,-0.3095869996318858
2023-09-12,9,12,2023,3113.97,83.7,41.26,52.86,37.4,453.74,328.55,768.64,127.25,107.36,203.67,92.86,177.88,26.56,81.82,43.47,165.06,272.87,220.6,346.89,142.2,259.8,44.87,103.28,85.33,4267.919999999999,-0.3705719708282352
2023-11-20,11,20,2023,3134.93,88.89,40.31,59.69,32.1,348.71,250.7,848.56,173.21,96.65,224.59,110.9,161.54,26.47,105.59,50.46,192.96,352.57,208.84,326.02,130.8,299.99,59.01,105.09,111.3,4404.950000000001,-0.40511909356827774
2023-06-28,6,28,2023,2902.54,81.85,43.84,71.68,47.63,419.03,343.53,955.77,150.45,98.57,210.12,88.32,123.18,25.35,85.97,56.88,232.92,299.7,172.78,467.63,123.24,283.7,44.19,90.06,104.67,4621.0599999999995,-0.592074527827351
2023-08-21,8,21,2023,2451.98,87.69,58.5,52.22,44.57,397.61,253.93,926.43,163.28,103.71,186.08,87.95,160.61,27.91,111.16,46.52,167.85,328.53,229.59,380.09,133.24,296.52,49.69,115.62,85.8,4495.099999999999,-0.8332531260450735
2023-11-09,11,9,2023,2945.99,76.39,42.73,65.28,42.11,476.09,264.27,680.71,161.53,82.39,170.92,114.07,147.51,26.05,93.74,57.73,208.29,334.75,211.04,417.84,130.2,356.42,57.1,83.46,114.28,4414.9,-0.4986133693597059
2023-09-08,9,8,2023,3434.64,70.93,49.47,59.11,32.23,388.5,344.71,719.31,146.05,88.9,234.2,117.85,174.83,34.78,96.71,40.88,239.3,328.02,200.34,388.11,143.66,337.17,53.93,83.92,99.81,4472.720000000001,-0.3022383714159275
2023-02-12,2,12,2023,3070.18,64.4,54.64,70.8,34.12,367.33,317.72,669.03,148.79,92.19,216.26,114.32,164.84,24.29,98.19,55.44,229.94,288.64,223.19,379.27,147.86,316.01,57.21,82.83,115.74,4333.05,-0.4113341888749195
2023-06-20,6,20,2023,3037.1,73.49,55.06,64.75,41.8,412.04,264.86,859.09,157.23,93.43,234.58,100.59,174.6,28.37,82.06,47.66,197.23,244.9,189.31,423.71,162.29,307.29,55.47,85.54,93.4,4448.75,-0.4648019492278819
2023-10-04,10,4,2023,2536.27,79.31,58.78,61.92,47.35,353.57,329.4,712.14,141.16,90.69,214.42,91.09,123.8,28.14,99.45,50.53,169.82,325.18,214.26,405.26,137.54,314.51,56.0,117.81,112.35,4334.480000000001,-0.7089978590607472
2023-02-03,2,3,2023,2626.02,92.29,41.75,57.38,34.86,473.32,249.23,692.73,126.72,85.92,172.04,88.17,177.13,24.27,96.66,53.65,234.54,296.87,193.61,438.03,121.29,262.69,40.44,112.08,113.4,4279.07,-0.6294887319974714
2023-09-24,9,24,2023,3173.61,77.17,46.86,63.51,37.22,414.94,323.62,909.41,146.72,92.16,170.56,111.57,130.3,27.12,99.37,59.41,221.58,245.68,188.25,392.95,129.98,350.9,54.24,91.41,118.93,4503.86,-0.41915988416976235
2023-12-29,12,29,2023,3231.43,85.32,43.07,53.71,32.66,370.66,255.18,723.33,131.07,102.5,162.78,92.68,140.63,28.47,101.59,43.25,184.12,350.45,192.36,399.91,128.72,294.96,46.4,80.17,109.54,4153.53,-0.2853535431681949
2023-09-17,9,17,2023,2797.54,86.57,49.48,54.96,47.1,476.91,308.85,687.07,153.91,116.28,195.37,107.57,163.9,34.8,85.58,51.02,184.65,288.2,227.27,391.36,125.55,246.6,52.83,103.34,88.89,4328.060000000001,-0.5470949477040548
2023-05-23,5,23,2023,2634.86,66.67,56.99,64.25,47.32,476.13,287.33,796.95,156.19,100.46,164.48,106.67,143.85,32.59,97.11,47.72,160.98,281.39,184.65,391.29,153.66,265.88,57.76,109.66,96.62,4346.599999999999,-0.6496512148653056
2023-08-15,8,15,2023,2746.36,89.78,59.41,58.17,46.34,342.33,310.46,667.54,132.47,98.98,229.4,119.47,123.97,35.52,110.24,41.77,192.76,349.73,193.16,408.93,162.61,330.63,42.74,87.44,95.27,4329.119999999999,-0.5763119183209772
2023-10-11,10,11,2023,2988.7,90.33,46.04,62.04,39.91,438.38,266.94,893.19,129.24,92.01,211.24,105.46,127.45,31.99,91.51,43.59,232.54,317.37,162.28,442.35,149.58,356.48,51.98,94.47,99.22,4575.59,-0.5309632950781278
2023-08-12,8,12,2023,3442.02,84.1,49.52,64.66,33.91,402.0,309.03,910.49,129.77,82.34,185.57,115.13,128.13,25.96,90.91,48.39,232.97,282.72,183.19,404.74,176.18,301.66,55.33,87.33,83.78,4467.81,-0.29801976746212994
2023-03-27,3,27,2023,3052.45,91.92,56.54,64.44,36.82,429.67,322.6,670.67,154.8,112.93,161.03,100.73,142.38,29.82,93.61,58.22,168.19,258.55,177.69,350.15,173.82,313.61,56.63,101.03,101.28,4227.130000000001,-0.38483185637766426
2023-10-10,10,10,2023,3242.72,89.68,48.35,69.98,33.87,341.0,242.09,751.43,161.46,85.56,195.36,119.5,151.39,35.64,86.89,46.09,219.56,254.23,170.3,431.08,161.28,276.89,44.2,119.24,96.99,4232.0599999999995,-0.30509572210983366
2023-02-27,2,27,2023,2493.28,88.79,55.15,49.02,33.73,446.89,301.62,658.96,127.14,90.12,165.3,106.7,165.27,33.39,116.8,44.11,232.09,262.17,188.12,334.52,170.75,353.02,58.98,93.91,86.42,4262.97,-0.7097838991208367
2023-09-14,9,14,2023,3336.96,83.61,50.1,49.64,45.11,442.12,303.46,869.06,177.86,86.87,220.32,80.17,163.52,35.09,116.82,57.03,197.98,323.78,174.81,427.76,126.44,340.17,59.63,96.96,100.57,4628.88,-0.3871547756041427
2023-07-28,7,28,2023,2535.41,95.51,42.47,50.65,34.17,441.96,324.57,818.28,122.44,93.12,169.26,91.34,156.02,27.74,119.05,48.88,204.31,274.87,228.43,350.21,124.18,340.93,49.51,107.17,87.17,4402.240000000001,-0.736303004247834
2023-12-12,12,12,2023,2989.98,67.37,48.76,63.81,33.36,342.94,288.07,828.98,126.1,117.01,238.23,82.59,178.51,28.06,103.8,59.81,169.82,340.57,218.02,364.56,162.81,309.83,45.46,111.58,105.75,4435.8,-0.483555073946983
2023-07-24,7,24,2023,2827.32,85.33,59.0,71.7,40.18,343.58,294.56,679.1,149.36,89.23,235.39,81.19,164.27,33.96,99.93,40.53,174.33,312.55,186.16,368.44,157.39,331.22,53.22,100.8,99.69,4251.109999999999,-0.5035828982923753
2023-08-27,8,27,2023,2642.32,85.19,49.81,54.28,37.5,457.55,305.59,944.83,121.9,97.22,233.2,95.35,138.87,28.52,98.39,40.66,204.53,343.24,184.24,432.97,149.49,256.14,54.31,99.5,84.38,4597.66,-0.740008780162887
2023-12-12,12,12,2023,2988.66,81.72,50.79,59.28,41.0,345.01,246.69,724.29,155.46,95.11,214.12,110.66,137.07,24.74,103.62,42.56,189.31,337.15,206.72,442.43,157.51,285.67,48.56,119.68,96.48,4315.629999999999,-0.4440016596066463
2023-01-29,1,29,2023,3193.49,71.92,52.96,62.22,46.57,330.48,276.59,748.03,121.18,93.04,196.87,114.53,154.08,34.82,90.66,53.92,207.04,358.29,190.22,382.45,154.35,337.0,42.0,107.0,93.44,4319.659999999999,-0.35264553826691153
2023-09-15,9,15,2023,3373.75,85.36,43.33,55.19,47.51,352.28,316.25,951.71,124.52,114.01,177.13,90.61,137.84,30.88,112.18,52.49,236.64,326.12,206.26,414.7,136.4,307.97,50.62,97.08,93.89,4560.97,-0.3518992219340497
2023-02-09,2,9,2023,3181.84,73.66,56.08,58.39,40.64,352.01,288.28,839.99,147.19,110.54,174.45,80.74,162.2,34.35,103.07,44.26,236.97,329.06,197.38,469.95,151.96,313.73,55.38,97.35,102.64,4520.27,-0.42064654413798314
2023-11-17,11,17,2023,2471.86,70.42,49.25,53.77,43.94,442.48,341.29,771.28,171.61,116.45,210.71,113.84,136.02,27.44,86.42,53.74,178.89,268.62,172.0,324.43,167.82,277.26,49.71,119.65,96.88,4343.919999999999,-0.7573487171603566
2023-01-19,1,19,2023,2642.39,72.73,40.58,66.95,36.44,408.11,317.32,653.51,163.35,111.29,164.43,115.86,138.83,27.58,82.54,59.1,231.74,320.6,230.86,383.5,170.39,341.13,44.72,102.84,100.01,4384.41,-0.6592592312262763
2023-03-03,3,3,2023,3026.35,90.53,58.99,70.36,36.03,461.53,268.57,679.13,168.4,93.17,206.75,95.6,164.9,26.83,96.91,42.89,174.01,356.39,195.16,360.69,155.37,298.84,47.49,117.95,92.66,4359.149999999999,-0.44039849984304485
2023-08-05,8,5,2023,2969.82,71.88,45.55,66.82,34.32,396.04,284.13,738.61,158.72,116.21,162.78,109.58,167.94,24.66,116.7,53.43,180.24,286.16,211.12,432.1,174.19,322.23,50.7,89.46,97.7,4391.2699999999995,-0.4786317015846076
2023-01-05,1,5,2023,3491.75,76.58,59.56,54.13,33.44,451.63,268.26,707.32,173.41,116.64,210.51,115.18,166.0,28.88,81.36,57.33,225.86,352.86,197.69,386.07,170.47,326.09,57.54,112.81,112.98,4542.6,-0.3009522445765019
2023-12-24,12,24,2023,2713.16,66.12,48.42,65.5,40.76,372.28,323.43,883.83,158.48,87.35,195.47,105.64,120.18,26.4,92.22,51.52,168.87,269.95,217.09,442.82,158.95,255.61,51.88,96.41,117.58,4416.759999999999,-0.6279025195712746
2023-08-20,8,20,2023,2974.04,87.53,45.21,64.5,45.23,447.92,263.84,772.64,130.91,115.06,235.58,115.37,133.47,35.38,116.92,52.94,210.13,348.82,237.93,351.72,162.08,260.25,48.02,97.16,90.41,4469.02,-0.5026764939274524
2023-02-15,2,15,2023,3549.64,69.44,51.34,48.34,40.41,443.74,351.39,904.72,149.65,88.98,176.25,117.84,168.8,27.19,109.86,47.64,194.5,264.79,177.25,451.85,163.6,262.72,43.61,111.7,81.15,4546.759999999999,-0.2809073596195669
2023-05-15,5,15,2023,2682.58,78.43,44.97,61.99,42.36,333.72,296.27,918.86,178.46,95.9,176.98,95.34,145.4,31.17,82.92,51.14,164.17,351.73,197.67,376.69,156.38,320.49,56.04,108.38,112.39,4477.850000000001,-0.6692326044330463
2023-01-03,1,3,2023,2704.39,83.83,46.05,57.47,37.93,474.89,307.15,825.76,135.62,100.15,234.43,115.12,127.92,27.81,101.22,42.84,169.35,245.3,170.23,459.47,170.09,329.74,58.52,91.32,115.08,4527.29,-0.6740521892182711
2023-11-10,11,10,2023,3395.51,93.65,50.34,58.46,34.64,437.9,298.95,944.02,153.34,116.91,210.93,97.6,131.34,24.65,87.33,49.4,173.08,296.06,169.28,463.23,149.69,292.98,59.78,102.43,98.31,4594.300000000001,-0.35305152981437277
2023-02-27,2,27,2023,3415.01,91.74,42.47,50.25,45.89,348.9,260.2,802.8,136.37,115.64,206.85,103.34,178.3,30.31,102.83,48.33,166.15,332.19,214.15,461.98,121.56,321.76,53.61,95.77,103.61,4435.0,-0.2986784811757505
2023-02-24,2,24,2023,3404.37,68.92,41.62,67.94,42.55,392.65,354.62,830.15,120.35,118.79,212.49,118.04,139.49,32.78,109.37,59.15,205.53,265.36,163.89,422.98,139.39,246.66,41.41,118.08,95.26,4407.47,-0.29465069895457907
2023-07-24,7,24,2023,2706.2,71.68,55.42,57.57,32.33,353.32,286.62,768.77,158.83,118.18,172.33,91.94,168.07,32.83,116.87,58.07,208.28,283.09,167.69,378.79,131.99,293.45,47.76,90.74,104.01,4248.630000000001,-0.5699615697287714
2023-02-16,2,16,2023,3307.79,89.95,52.28,58.42,38.82,326.47,281.01,788.33,133.45,107.45,172.41,99.81,157.77,30.3,91.63,48.75,232.58,297.31,171.89,340.45,174.17,340.98,50.46,91.82,81.91,4258.42,-0.2873912793738418
2023-02-09,2,9,2023,3500.76,80.43,50.21,57.91,39.43,435.25,337.54,753.75,155.13,110.75,161.3,109.62,147.77,33.43,113.72,40.91,193.3,324.53,185.12,435.86,165.44,293.99,56.16,93.65,116.72,4491.919999999999,-0.2831270924027922
2023-04-06,4,6,2023,2653.28,66.5,59.64,54.22,42.77,389.41,242.15,766.38,120.8,106.23,196.81,96.2,159.46,32.93,109.04,46.06,225.05,314.01,215.25,474.1,160.51,336.56,41.75,85.4,87.63,4428.86,-0.6692018935053968
2023-01-09,1,9,2023,3235.24,70.02,40.54,59.55,34.32,358.68,341.05,914.62,152.31,83.44,221.58,85.93,145.31,25.4,116.1,54.78,195.62,298.21,161.57,391.92,134.56,275.38,56.59,95.67,93.35,4406.500000000001,-0.3620318739877107
2023-02-22,2,22,2023,3156.49,86.82,59.59,68.37,43.79,415.33,306.52,733.05,149.25,99.44,207.28,104.46,160.72,33.8,99.52,54.29,202.26,290.64,185.27,330.16,173.57,290.06,49.47,99.79,117.56,4361.01,-0.3816010822147387
2023-06-27,6,27,2023,2937.99,77.96,43.23,65.43,39.51,390.1,300.92,828.05,161.1,116.87,228.28,108.61,148.11,34.6,108.92,47.81,193.35,352.94,212.2,377.64,148.34,356.51,43.24,88.29,107.63,4579.64,-0.5587663674825308
2023-02-14,2,14,2023,3200.47,68.13,43.99,62.54,33.61,386.56,359.25,737.17,132.57,81.88,161.45,115.24,141.42,25.9,113.12,57.89,162.56,247.64,194.45,418.81,127.24,266.89,45.16,93.61,94.21,4171.289999999998,-0.3033366974225656
2023-01-24,1,24,2023,3324.11,81.82,57.93,68.48,45.98,416.69,252.5,656.14,176.78,111.96,237.01,110.23,178.48,33.38,104.39,57.17,168.15,307.5,200.58,346.73,127.08,264.65,47.23,109.13,108.33,4268.32,-0.2840489634819544
2023-09-17,9,17,2023,2998.07,91.86,43.09,56.73,45.11,339.68,264.23,950.28,166.15,80.26,226.79,98.95,137.21,26.06,90.64,54.3,193.2,315.53,179.64,440.51,151.78,334.47,42.76,97.15,116.72,4543.099999999999,-0.5153415363884096
2023-08-23,8,23,2023,3542.21,80.52,53.64,70.65,39.08,443.22,326.12,805.55,124.17,93.53,192.13,110.89,146.04,28.72,81.48,58.45,172.08,308.95,238.22,476.81,167.94,345.1,59.45,96.77,115.43,4634.94,-0.3084882036920452
2023-12-25,12,25,2023,3064.33,73.74,54.85,69.82,32.13,364.76,303.34,934.54,162.02,97.85,176.41,101.78,167.3,31.82,107.9,57.75,222.53,288.54,175.78,368.25,122.22,280.14,54.5,109.6,85.04,4442.610000000001,-0.4497818446446697
2023-10-04,10,4,2023,2740.71,66.97,51.04,60.51,44.11,345.6,243.35,894.91,155.55,89.65,221.93,109.06,179.22,25.33,82.4,47.46,210.16,282.54,163.82,424.15,127.48,275.76,54.74,98.13,119.32,4373.19,-0.595641275435927
2023-10-25,10,25,2023,3078.72,92.62,52.55,60.8,41.53,376.05,274.14,891.13,162.89,106.9,217.15,100.79,134.86,27.93,103.29,56.46,188.9,251.76,216.93,452.55,124.92,247.46,57.77,99.05,97.85,4436.280000000001,-0.44094948550046803
2023-07-09,7,9,2023,3212.19,76.89,51.18,66.69,45.95,413.49,316.38,958.88,161.34,117.91,218.54,96.68,129.77,30.07,99.39,49.15,237.44,301.58,202.33,431.12,147.33,243.91,43.14,102.36,116.87,4658.389999999999,-0.4502224339158018
2023-03-02,3,2,2023,3121.92,77.08,42.42,61.72,32.64,344.53,284.58,957.13,138.2,99.44,223.3,85.69,155.38,24.58,115.77,57.78,177.25,338.3,199.1,339.57,140.92,344.45,48.35,102.92,102.63,4493.730000000001,-0.4394122847478479
2023-06-22,6,22,2023,3337.62,79.21,54.4,62.54,44.19,400.76,295.31,783.98,146.94,114.65,186.02,111.99,159.87,28.92,89.31,47.91,203.28,354.97,231.2,437.75,158.75,343.91,54.14,102.88,111.85,4604.7300000000005,-0.37964477681701353
2023-12-29,12,29,2023,2770.62,84.65,52.88,50.04,47.28,406.69,330.91,946.33,151.31,110.02,200.21,80.75,159.5,30.38,118.5,45.5,176.46,339.56,227.11,412.73,125.08,304.03,46.41,103.56,99.66,4649.55,-0.6781622885852265
2023-01-12,1,12,2023,2807.95,69.78,40.48,60.67,38.11,334.56,357.57,813.37,137.12,87.31,221.46,86.17,177.13,32.14,82.36,59.22,174.52,325.6,183.84,335.8,128.55,347.16,45.16,117.66,115.98,4371.719999999999,-0.5569080646022898
2023-01-27,1,27,2023,2643.07,88.07,51.72,59.83,44.04,381.61,253.81,659.4,147.89,96.28,198.73,96.3,134.02,34.63,90.77,59.27,214.01,269.56,204.38,445.63,138.28,288.81,41.68,105.43,88.14,4192.290000000001,-0.5861441429852409
2023-03-14,3,14,2023,2847.97,95.53,55.64,60.9,38.78,465.84,294.21,640.32,147.88,113.17,183.14,118.88,120.03,35.2,99.29,51.96,227.16,285.62,188.11,421.15,155.11,301.24,40.91,109.57,102.52,4352.160000000001,-0.5281621646295436
2023-06-03,6,3,2023,2507.66,86.35,56.61,65.4,47.98,460.52,265.3,801.54,168.12,115.36,235.63,105.41,178.78,32.49,90.92,53.25,185.73,265.27,236.72,372.55,174.84,256.05,58.45,104.35,80.17,4497.79,-0.7936203472560077
2023-01-05,1,5,2023,3207.25,77.22,57.91,64.88,44.2,406.1,334.48,847.71,124.65,81.24,226.57,106.86,160.33,28.24,112.51,56.55,188.64,261.26,221.44,431.52,120.51,295.52,58.72,97.78,88.86,4493.7,-0.4011068672538779
2023-01-11,1,11,2023,3310.11,85.78,54.18,52.6,45.06,420.04,337.01,710.77,178.81,118.69,162.94,99.71,162.24,31.27,80.29,59.69,211.07,253.31,182.19,400.05,130.23,263.25,54.78,106.89,104.12,4304.97,-0.3005519454036271
2023-03-31,3,31,2023,2478.43,68.1,41.3,54.23,41.12,356.47,302.77,890.32,131.51,107.12,239.36,107.72,151.98,27.04,102.4,49.08,235.03,316.92,235.45,328.3,176.33,291.91,59.9,90.96,107.21,4512.53,-0.8207211823614143
2023-08-27,8,27,2023,2994.69,80.55,40.87,65.31,32.75,466.94,303.89,741.2,143.51,93.39,230.41,112.31,179.42,26.71,107.58,59.16,233.36,263.63,186.34,330.06,157.52,243.34,48.64,80.96,111.89,4339.740000000001,-0.4491449866263288
2023-06-21,6,21,2023,3408.61,71.91,49.47,71.01,45.32,451.46,302.36,715.76,124.37,104.0,195.08,83.83,146.79,25.5,118.98,58.33,190.19,346.81,215.47,445.22,123.72,336.29,41.1,104.43,97.27,4464.670000000001,-0.30982130545882364
2023-02-22,2,22,2023,3213.08,81.9,45.9,57.15,33.53,440.31,267.97,831.86,159.58,80.42,190.71,111.81,172.8,31.43,93.58,58.75,222.63,294.49,186.26,350.8,126.16,311.42,41.35,111.58,87.74,4390.13,-0.36633074806727506
2023-10-21,10,21,2023,2551.18,80.28,47.11,59.55,41.93,349.75,256.52,654.1,127.66,103.38,201.05,106.07,141.46,31.0,101.65,42.91,197.56,312.4,183.29,475.24,151.06,318.92,42.89,89.5,112.77,4228.05,-0.6572919198174964
2023-10-14,10,14,2023,3430.44,77.51,43.91,52.81,46.54,445.64,280.99,853.72,161.69,119.28,207.98,93.25,154.7,35.56,104.64,48.37,172.98,294.52,223.14,326.75,133.16,240.44,44.46,89.21,104.96,4356.209999999999,-0.26986917130164034
2023-05-03,5,3,2023,2976.9,88.59,56.29,67.37,38.01,384.05,339.13,642.15,120.59,94.32,204.38,85.7,146.42,31.58,116.51,47.2,238.02,263.89,182.73,355.03,135.72,260.91,56.95,89.84,87.84,4133.219999999998,-0.38843091806913177
2023-04-01,4,1,2023,3411.46,93.14,40.42,64.26,38.06,445.99,253.32,939.56,138.3,89.61,224.76,106.44,176.47,35.73,119.91,57.63,230.27,247.85,171.55,467.86,167.69,263.0,47.56,94.97,103.98,4618.33,-0.3537693538836744
2023-11-22,11,22,2023,2693.46,65.48,52.32,52.54,40.57,446.33,279.32,657.04,167.74,114.91,228.12,118.74,173.15,26.51,83.26,49.41,213.08,247.78,200.69,440.21,158.7,301.1,49.97,98.57,92.87,4358.41,-0.618145433754353
2023-07-11,7,11,2023,3030.57,79.47,59.12,59.37,41.3,422.1,334.87,847.92,132.43,115.8,196.17,89.38,133.12,29.1,95.08,43.14,227.39,270.54,166.78,440.26,137.7,302.26,44.6,81.65,100.49,4450.04,-0.46838383538410255
2023-06-22,6,22,2023,2911.32,78.96,48.18,67.31,37.07,381.18,261.55,714.81,158.72,94.36,166.59,113.7,150.77,31.72,111.43,58.53,167.87,248.56,163.06,352.05,131.8,279.51,46.05,112.62,107.34,4083.74,-0.4027107978511464
2023-05-21,5,21,2023,2628.77,83.33,42.76,68.52,43.46,406.9,271.34,886.42,136.91,93.87,239.75,117.83,169.31,33.09,80.48,53.08,239.14,354.18,229.24,356.41,163.4,265.19,44.67,103.48,102.1,4584.86,-0.744108461371668
2023-08-28,8,28,2023,3267.01,78.76,55.84,55.51,35.01,443.22,323.75,707.07,147.0,102.34,189.98,103.1,127.7,35.32,80.39,56.21,226.74,280.78,193.53,429.72,144.2,333.44,50.75,93.04,80.93,4374.329999999999,-0.33893988693025084
2023-01-17,1,17,2023,3506.57,68.92,59.05,55.93,42.08,416.48,312.94,917.42,178.81,88.17,191.25,101.38,131.3,25.3,102.78,49.03,231.58,251.19,168.35,408.47,121.92,322.68,49.77,87.47,82.78,4465.050000000002,-0.27333833347117037
2023-07-17,7,17,2023,2740.58,71.46,53.19,49.68,32.92,402.97,260.62,915.11,144.65,86.28,168.86,101.46,148.7,24.83,118.2,57.31,170.39,264.68,194.58,433.55,148.49,312.45,58.78,103.5,100.1,4422.759999999999,-0.6138043771756342
2023-12-17,12,17,2023,2950.75,70.45,59.82,58.7,45.19,416.78,269.62,745.25,154.15,99.64,197.02,81.56,125.47,31.76,116.76,46.94,227.41,335.08,191.29,451.75,170.99,289.81,43.59,104.71,97.28,4431.02,-0.50165890027959
2023-07-16,7,16,2023,3493.0,69.87,51.37,57.45,47.13,358.35,344.46,727.61,157.68,91.68,233.3,107.92,163.34,26.61,99.74,59.85,204.23,359.44,166.12,336.84,165.99,279.12,49.02,90.11,100.24,4347.47,-0.24462353277984547
2023-08-25,8,25,2023,2432.06,84.44,53.51,59.09,37.5,383.89,263.33,652.09,135.04,108.36,170.92,106.81,147.85,29.54,83.3,53.14,217.09,292.53,197.66,364.66,129.68,340.62,52.14,87.09,84.97,4135.25,-0.7003075582016891
2023-07-20,7,20,2023,2602.14,85.48,40.22,54.56,39.05,348.47,325.73,925.66,151.94,97.68,163.82,105.39,151.37,31.95,106.4,42.06,215.23,293.28,207.86,327.79,142.64,264.21,44.99,116.35,88.0,4370.13,-0.6794369249925063
2023-01-09,1,9,2023,2906.02,95.66,46.74,52.61,42.7,355.29,345.87,895.02,169.83,86.72,173.36,96.63,126.46,27.93,102.48,43.79,176.57,305.0,235.11,339.33,132.83,282.79,43.47,96.09,92.65,4364.93,-0.5020302682018707
2023-07-19,7,19,2023,2655.32,71.04,53.16,54.68,41.98,327.03,346.26,771.55,166.05,99.98,239.24,108.5,167.48,35.07,102.77,45.04,167.58,278.92,210.47,382.17,175.47,332.57,42.66,87.01,110.47,4417.15,-0.6635094828495245
2023-12-19,12,19,2023,2781.56,91.25,49.64,56.04,41.74,413.61,285.88,844.99,133.95,103.5,239.07,89.3,156.98,34.76,92.35,54.76,220.58,314.37,164.79,379.92,137.8,258.2,44.09,81.52,116.94,4406.030000000001,-0.5840140065287108
2023-11-03,11,3,2023,3586.26,78.2,57.55,51.22,37.08,445.92,244.75,893.37,144.89,112.51,220.04,89.16,163.97,28.11,88.23,41.08,233.41,358.61,224.12,431.4,133.35,344.72,50.43,87.34,105.19,4664.65,-0.300700451166396
2023-02-03,2,3,2023,3443.84,66.24,43.85,63.22,34.26,352.68,251.01,829.64,169.87,117.27,178.9,83.13,163.5,27.74,108.87,44.9,174.11,269.88,182.83,391.72,158.14,272.62,55.63,83.2,118.9,4242.11,-0.23179648299572556
2023-07-23,7,23,2023,2853.26,79.06,48.45,62.63,38.93,344.94,354.45,794.24,165.72,97.1,166.66,116.26,138.01,30.45,102.11,43.51,190.44,276.7,182.66,409.94,148.85,279.99,54.3,87.83,116.65,4329.879999999999,-0.5175203101014274
2023-01-03,1,3,2023,2415.4,80.02,54.51,59.79,46.81,470.45,356.46,759.41,149.37,105.64,207.06,96.35,122.33,35.06,95.39,51.31,175.54,292.36,180.42,466.09,163.33,301.15,49.77,107.54,107.86,4534.0199999999995,-0.8771300819739999
2023-11-30,11,30,2023,2862.4,77.57,44.94,59.47,46.74,377.83,324.79,649.04,159.94,85.92,208.43,117.77,128.84,26.97,103.13,53.25,172.91,254.01,167.38,433.86,143.06,324.73,59.48,83.21,116.4,4219.67,-0.47417202347680265
2023-08-05,8,5,2023,2598.99,77.66,53.84,60.02,40.53,461.86,310.33,874.86,165.15,116.97,229.55,84.37,154.36,33.57,112.57,45.38,176.76,329.79,215.92,321.03,130.1,299.01,41.94,110.95,96.71,4543.23,-0.7480752138330659
2023-08-02,8,2,2023,3185.43,87.46,43.41,56.99,43.26,351.68,261.84,943.51,147.04,112.57,174.85,82.36,130.96,33.11,90.37,58.05,192.7,315.22,209.95,458.94,129.97,275.18,47.55,91.07,93.69,4431.73,-0.3912501608887967
2023-10-27,10,27,2023,2681.74,79.53,55.21,48.23,36.26,472.83,319.84,892.55,122.51,88.44,223.34,95.03,151.2,35.54,90.63,49.72,220.55,312.52,186.92,429.1,140.58,277.83,44.79,94.45,95.94,4563.539999999999,-0.7017085921826871
2023-11-09,11,9,2023,2468.69,75.39,46.61,50.4,39.31,431.73,327.03,924.15,128.33,104.08,229.52,91.18,161.96,33.78,94.74,52.37,212.71,297.02,193.05,350.07,179.17,354.91,56.25,80.67,94.41,4608.84,-0.866917271913444
2023-01-24,1,24,2023,3563.52,87.55,53.56,53.61,39.75,438.27,335.28,751.47,176.35,117.66,198.09,106.33,161.97,25.21,95.39,52.14,216.96,344.38,230.1,445.58,163.0,243.81,49.96,83.48,113.29,4583.19,-0.28614123114224127
2023-10-08,10,8,2023,3584.66,78.94,57.93,70.92,39.71,406.51,269.2,694.54,176.65,108.0,168.44,119.73,121.75,35.15,93.06,47.67,182.43,326.3,213.27,472.24,160.24,319.86,58.45,105.34,99.68,4426.01,-0.23470845212656163
2023-12-21,12,21,2023,2799.36,71.16,51.52,70.17,33.03,374.92,349.22,877.75,163.5,106.16,222.81,118.65,146.22,26.8,90.36,45.82,168.91,280.83,207.38,350.11,176.52,308.74,42.55,92.53,95.21,4470.87,-0.5971043381344306
2023-01-01,1,1,2023,2772.96,82.88,43.8,57.32,38.78,443.4,335.7,938.86,127.58,106.55,207.26,84.26,120.55,34.23,92.64,56.32,183.75,266.27,214.4,343.59,137.0,329.65,56.98,113.11,81.37,4496.25,-0.6214622641509434
2023-06-13,6,13,2023,2770.67,95.69,42.47,71.92,43.3,396.53,339.44,798.41,162.25,95.07,238.49,93.33,169.67,26.53,109.31,56.21,216.03,246.31,229.23,348.64,149.25,287.02,59.69,106.37,113.94,4495.099999999999,-0.6223873647890219
2023-01-12,1,12,2023,3057.53,74.8,53.56,71.77,44.12,382.57,303.34,730.57,161.78,87.8,228.5,95.75,127.85,33.03,103.22,56.1,227.98,325.15,196.6,346.19,128.25,323.51,45.82,85.79,88.73,4322.779999999999,-0.4138144188282694
2023-04-11,4,11,2023,3282.38,64.29,54.52,61.82,42.85,478.16,257.71,944.13,145.63,113.67,234.08,83.84,178.45,26.16,82.1,59.61,212.01,311.21,237.58,420.32,144.24,244.08,44.82,99.55,107.52,4648.35,-0.41615230412079046
2023-03-30,3,30,2023,3183.36,76.01,53.84,67.09,42.54,444.44,343.79,848.1,136.51,106.13,189.39,84.8,124.96,29.87,106.75,50.19,161.84,308.76,205.81,363.8,164.72,335.32,43.62,99.37,105.78,4493.429999999999,-0.4115368667068755
2023-08-11,8,11,2023,2758.04,68.01,46.5,65.13,45.8,406.0,288.64,864.24,143.63,112.7,222.68,101.2,123.84,34.05,101.56,56.38,212.14,330.42,176.6,425.37,127.04,343.44,53.9,80.21,97.89,4527.37,-0.6415171643630985
2023-06-10,6,10,2023,2547.65,68.12,44.12,51.87,41.0,456.23,244.2,953.58,150.37,94.54,203.55,96.92,176.71,24.0,92.02,58.92,201.56,333.94,212.73,391.19,154.62,323.41,50.45,119.44,94.08,4637.57,-0.8203324632504463
2023-10-03,10,3,2023,3012.71,86.01,53.25,49.07,32.59,342.67,342.73,708.87,128.05,102.08,207.34,91.1,163.75,29.06,101.99,45.21,211.98,259.6,196.49,471.16,160.59,352.82,42.86,88.15,105.18,4372.5999999999985,-0.45138430184119893
2023-05-18,5,18,2023,3594.43,86.3,43.85,56.93,42.52,451.28,312.59,774.3,129.21,119.7,194.69,81.04,156.22,24.93,84.98,42.2,203.87,247.92,211.21,378.05,140.01,272.79,57.38,89.03,80.39,4281.389999999999,-0.19111792412148787
2023-07-13,7,13,2023,3575.38,71.11,59.04,66.79,33.98,404.24,345.06,828.42,168.41,83.82,187.91,102.89,136.92,27.25,83.96,40.96,185.44,330.22,174.45,448.97,160.67,334.65,51.03,115.28,96.11,4537.579999999999,-0.26911824757088726
2023-10-31,10,31,2023,2553.09,64.3,50.27,51.73,34.02,380.61,328.25,656.92,163.53,118.98,216.6,89.96,156.52,32.48,87.32,59.72,223.88,300.27,182.07,388.44,176.5,345.77,56.28,92.21,114.32,4370.95,-0.7120234695995831
2023-06-06,6,6,2023,2887.82,74.01,41.8,49.91,43.68,471.18,259.81,658.37,164.6,102.17,199.43,114.97,177.73,29.09,100.35,54.62,198.37,301.8,239.84,462.09,161.87,288.66,52.33,116.44,109.84,4472.96,-0.5489054026913034
2023-08-06,8,6,2023,3243.11,87.99,44.88,65.74,47.21,451.74,345.64,809.0,156.55,104.29,237.17,106.98,172.92,30.28,89.0,41.5,227.15,301.64,236.2,387.64,142.75,284.79,42.26,116.56,89.99,4619.870000000001,-0.42451844063260286
2023-10-04,10,4,2023,3420.93,91.45,45.8,59.59,36.24,320.36,315.74,765.96,175.38,117.16,236.73,100.62,173.61,35.22,115.7,56.97,164.6,240.71,196.83,367.74,126.43,281.97,54.45,96.08,80.35,4255.689999999999,-0.2440155162485052
2023-08-09,8,9,2023,2990.46,66.71,50.29,51.69,33.98,397.99,258.68,850.12,133.57,95.81,183.94,97.13,130.93,33.74,84.35,48.77,227.15,259.42,188.3,389.43,141.55,344.46,43.97,87.58,81.61,4281.169999999999,-0.43160918387137737
2023-07-22,7,22,2023,2905.27,74.6,40.63,63.99,47.17,473.55,357.95,678.01,149.34,99.82,214.54,85.1,165.07,33.36,96.0,54.52,219.35,339.08,170.51,473.23,167.56,255.13,46.88,80.55,107.38,4493.320000000001,-0.546610125737023
2023-01-27,1,27,2023,3213.97,74.95,59.53,65.7,38.95,366.31,298.31,883.49,134.86,86.1,200.9,89.98,166.0,34.37,119.77,44.95,225.65,263.81,216.52,449.59,162.07,300.28,43.62,119.7,103.65,4549.0599999999995,-0.41540213505415413
2023-11-21,11,21,2023,2578.47,67.85,48.03,54.57,35.07,343.39,242.12,703.89,171.86,95.21,202.0,108.01,178.81,26.66,97.04,41.23,194.17,246.2,168.8,378.17,176.58,325.39,44.94,115.8,87.27,4153.06,-0.61066834207883
2023-01-01,1,1,2023,2462.56,87.83,44.24,59.33,46.54,336.12,262.18,943.47,141.81,92.17,167.75,80.55,153.11,34.34,93.25,54.83,188.91,333.46,202.31,379.45,159.01,265.2,47.68,115.49,85.22,4374.25,-0.7763018972126567
2023-11-05,11,5,2023,2544.43,82.77,58.24,63.7,35.05,432.75,351.06,663.96,152.79,93.72,218.03,119.59,132.12,32.65,81.75,43.83,204.04,270.3,230.17,456.55,174.41,357.02,57.9,97.94,108.69,4519.029999999999,-0.7760480736353522
2023-08-12,8,12,2023,2481.25,77.41,58.63,60.09,32.35,415.86,323.6,681.26,122.73,102.65,223.55,107.75,164.44,28.77,107.39,57.41,237.72,259.86,220.06,381.46,166.76,288.1,45.43,87.36,86.4,4337.04,-0.7479254408060453
2023-04-22,4,22,2023,3110.54,64.28,58.57,60.31,40.06,435.29,271.06,912.79,137.78,90.74,169.53,88.96,152.01,27.5,105.58,58.84,182.22,255.96,229.87,328.24,178.8,358.74,44.2,84.65,105.95,4441.929999999999,-0.4280253589408911
2023-11-20,11,20,2023,3126.19,75.81,41.66,64.93,40.79,435.53,289.0,835.67,139.48,82.29,225.27,112.96,133.16,35.58,87.07,59.43,202.99,357.45,222.25,444.88,126.39,329.49,47.64,106.15,114.8,4610.67,-0.47485277606287524
2023-11-21,11,21,2023,3125.21,70.6,48.84,55.78,35.26,420.77,342.99,766.55,146.76,109.19,194.71,85.93,148.74,29.95,98.38,56.31,174.09,308.36,235.47,348.87,136.92,277.22,57.71,112.7,107.49,4369.589999999999,-0.3981748426505736
2023-04-07,4,7,2023,2483.34,66.31,44.91,69.82,47.53,336.04,303.21,872.56,168.48,104.13,190.23,80.83,169.59,33.16,105.78,40.87,179.87,250.03,171.41,420.38,120.81,355.96,59.15,84.25,109.45,4384.759999999999,-0.765670427730395
2023-06-23,6,23,2023,3423.26,66.72,42.78,66.23,46.28,450.47,276.89,793.25,134.63,101.74,181.4,101.74,121.27,24.53,101.79,42.05,230.92,289.83,160.1,355.89,133.6,286.25,47.07,91.47,116.87,4263.7699999999995,-0.24552911552146178
2023-12-17,12,17,2023,2861.69,92.3,56.46,50.7,34.71,337.62,252.21,945.87,141.44,104.63,169.47,116.93,175.19,34.75,104.18,43.56,202.44,311.95,214.35,344.04,160.04,276.19,56.35,93.94,84.16,4403.479999999999,-0.538769049058423
2023-09-13,9,13,2023,3194.08,93.85,56.21,65.07,33.22,320.35,351.97,687.57,159.35,92.81,191.25,108.85,167.13,29.74,82.69,51.56,236.77,273.42,167.24,479.16,130.91,286.2,46.39,96.95,107.74,4316.4,-0.3513750438310874
2023-07-31,7,31,2023,3122.09,84.37,42.76,70.66,46.75,381.31,305.92,812.4,149.56,101.45,178.41,83.34,162.9,30.32,111.06,56.23,177.55,250.47,188.94,352.52,171.04,283.49,49.48,85.34,84.41,4260.68,-0.364688397836065
2023-06-28,6,28,2023,2833.03,91.18,55.57,51.34,39.37,453.64,306.18,938.03,145.26,88.43,177.97,109.88,127.03,32.35,85.72,54.66,215.69,290.97,164.33,336.96,154.9,297.22,51.88,86.33,85.88,4440.7699999999995,-0.5674984027701786
2023-03-14,3,14,2023,2494.79,66.47,51.38,67.53,34.4,349.19,329.23,879.39,161.91,91.98,192.92,93.49,166.88,32.34,91.47,43.12,230.49,243.85,220.09,400.53,120.65,339.92,53.6,115.04,102.17,4478.04,-0.7949566897414211
2023-05-13,5,13,2023,3502.98,80.06,54.19,58.17,34.51,475.7,302.58,952.94,127.51,88.47,209.52,88.76,131.02,32.95,102.37,56.83,225.32,296.21,185.06,422.7,169.64,259.78,56.07,105.87,87.79,4604.0199999999995,-0.31431524016694345
2023-02-25,2,25,2023,2525.28,75.61,55.58,56.05,35.83,346.04,252.78,707.81,120.66,116.39,175.02,88.07,175.75,26.88,83.4,51.4,163.59,358.38,198.7,327.69,125.59,277.03,59.61,110.07,118.35,4106.280000000002,-0.626069188367231
2023-09-14,9,14,2023,2633.86,88.06,54.51,71.37,43.24,335.58,288.87,877.26,126.06,112.3,172.01,103.49,142.93,31.04,114.08,45.8,172.12,295.57,230.82,334.93,163.11,346.13,56.15,106.17,110.75,4422.349999999999,-0.6790376101994788
2023-03-24,3,24,2023,3592.1,80.05,59.85,62.61,40.37,442.98,293.7,681.98,137.45,104.94,235.21,81.6,162.77,32.19,89.56,59.94,208.55,354.96,205.35,479.1,125.84,241.79,55.33,92.38,114.7,4443.2,-0.23693661089613316
2023-02-14,2,14,2023,2998.69,78.55,43.39,55.09,33.09,412.24,282.4,662.76,162.64,98.43,238.89,119.14,165.79,29.3,116.97,58.8,237.73,298.59,189.08,365.86,144.54,314.36,53.61,97.63,100.5,4359.38,-0.4537614758444521
2023-11-16,11,16,2023,3542.45,75.96,53.64,60.14,36.21,460.09,321.91,838.6,158.63,109.64,179.59,112.85,120.48,34.24,91.63,43.16,191.94,248.76,191.06,393.96,125.61,295.91,52.85,116.01,98.59,4411.460000000001,-0.24531327188810037
2023-02-13,2,13,2023,2616.33,67.47,59.19,57.53,38.93,384.24,247.74,749.58,156.26,88.51,219.3,84.57,147.27,30.54,117.94,42.91,177.08,308.18,239.02,443.87,123.74,337.02,55.79,119.14,88.54,4384.36,-0.6757672006207167
2023-04-19,4,19,2023,3441.62,94.48,53.67,54.48,42.17,333.37,248.31,769.62,137.9,108.49,229.7,100.99,160.18,27.11,113.22,41.85,232.13,281.04,220.25,346.33,140.96,290.29,49.51,107.55,86.43,4270.03,-0.24070350590710185
2023-12-23,12,23,2023,2924.14,93.2,51.41,67.75,40.97,463.0,263.83,871.27,154.71,85.78,213.13,112.94,164.06,33.9,109.33,40.28,231.72,352.06,199.96,370.63,167.52,320.87,45.26,108.89,119.53,4682.000000000001,-0.6011545274850045
2023-03-06,3,6,2023,3161.15,84.45,51.57,48.88,43.93,350.03,323.57,887.8,156.06,88.65,176.78,87.65,160.78,35.46,94.81,47.28,184.16,276.84,225.52,339.96,149.95,359.89,48.28,94.07,113.13,4429.5,-0.4012305648260917
2023-08-07,8,7,2023,3027.8,88.48,42.27,52.22,38.85,348.3,311.39,813.68,142.89,113.8,215.08,97.5,136.99,31.44,117.01,57.14,239.63,336.71,168.3,423.94,156.98,289.35,49.93,110.07,117.09,4499.040000000001,-0.4859105621243149
2023-02-21,2,21,2023,3160.23,80.11,56.12,64.03,45.63,353.9,333.23,816.51,126.87,114.25,236.04,94.02,167.63,29.57,116.32,52.9,222.77,287.5,235.17,445.15,150.45,272.11,53.17,92.3,116.11,4561.860000000001,-0.4435215158390372
2023-08-01,8,1,2023,3207.96,64.13,58.18,48.78,32.42,446.48,340.89,806.07,164.47,92.7,173.63,102.89,145.8,30.67,95.65,52.33,191.47,246.19,234.56,388.66,176.36,286.85,54.56,96.12,92.72,4422.580000000001,-0.37862691554757566
2023-03-23,3,23,2023,2924.88,67.19,56.02,60.1,42.1,445.49,341.16,840.74,135.61,102.12,235.9,88.15,125.6,29.25,105.16,51.87,162.23,324.91,233.65,332.6,142.94,329.08,42.61,98.15,105.26,4497.889999999999,-0.537803260304696
2023-07-03,7,3,2023,2623.87,84.88,44.44,52.65,45.45,436.21,336.85,760.99,135.63,82.07,166.64,85.75,121.39,35.82,114.68,42.22,234.18,254.72,171.35,361.92,130.84,249.29,56.89,116.51,88.32,4209.689999999999,-0.6043820768559414
2023-02-21,2,21,2023,2989.24,64.7,41.47,71.02,33.22,429.97,285.03,740.35,174.5,112.34,174.38,80.41,130.72,30.81,104.27,40.63,238.07,359.25,198.71,418.24,152.79,259.01,54.83,117.06,87.71,4399.490000000001,-0.47177543455861726
2023-01-16,1,16,2023,3043.15,80.58,55.22,53.19,37.84,463.77,243.54,684.34,125.01,107.66,170.13,90.95,131.95,25.1,108.32,53.04,197.36,337.08,194.88,471.42,175.34,270.01,43.96,113.84,108.7,4343.2300000000005,-0.4272152210702727
2023-07-21,7,21,2023,2523.47,89.38,51.75,51.98,35.29,435.53,292.02,782.77,155.78,90.87,185.5,84.3,142.98,26.4,94.12,57.96,225.55,293.93,231.16,473.3,135.18,289.18,52.08,115.09,118.02,4510.120000000001,-0.7872691175246788
2023-09-29,9,29,2023,2822.7,64.96,43.6,55.74,44.65,377.24,248.72,850.23,142.32,111.18,169.78,92.74,120.65,27.95,98.62,55.9,231.9,307.4,190.85,416.29,151.64,252.35,45.56,104.32,115.33,4319.919999999999,-0.5304212279023628
2023-12-10,12,10,2023,2489.79,92.57,48.44,66.15,37.08,371.22,263.65,896.87,149.92,119.61,193.7,84.96,130.27,27.92,95.31,51.53,182.8,317.24,228.49,478.07,174.7,274.12,56.83,96.11,115.83,4553.39,-0.8288249209772713
2023-09-28,9,28,2023,2446.94,84.63,41.39,50.28,44.84,435.72,272.96,881.18,144.02,102.26,185.05,104.49,143.6,32.36,98.18,56.97,237.37,254.57,189.91,418.88,121.76,245.74,40.21,84.21,92.91,4363.49,-0.7832435613460076
2023-12-19,12,19,2023,3269.1,71.24,41.76,65.38,45.0,450.58,304.51,641.58,161.29,82.1,230.67,81.72,122.88,27.65,90.55,53.76,223.33,285.55,215.89,467.98,155.01,254.39,46.39,85.92,103.37,4308.5,-0.3179468355204797
2023-07-31,7,31,2023,3164.28,85.38,50.44,53.77,39.65,398.42,273.66,887.25,148.96,83.67,221.3,108.46,141.18,34.03,89.7,52.94,228.47,323.4,166.01,399.14,132.75,320.46,49.36,95.4,99.51,4483.3099999999995,-0.41684996270873603
2023-06-24,6,24,2023,2650.39,82.9,50.55,68.6,44.17,369.89,294.48,689.28,150.27,116.57,177.5,94.55,178.5,34.41,100.54,55.6,175.04,273.34,173.14,369.14,172.19,317.81,42.95,115.05,109.8,4256.2699999999995,-0.6059032821584747
2023-05-04,5,4,2023,2419.91,78.75,45.34,59.43,40.49,376.31,254.2,816.1,141.27,88.48,191.75,97.23,140.02,29.3,94.79,40.98,190.6,351.36,175.51,350.31,130.6,273.11,52.15,100.74,84.37,4203.19,-0.7369199680979871
2023-01-26,1,26,2023,3175.61,94.69,44.39,49.28,32.57,362.59,247.9,672.33,133.59,104.81,217.27,95.68,126.08,32.81,115.18,45.37,176.46,334.29,187.81,366.08,155.78,328.07,41.88,100.13,108.02,4173.06,-0.3140971340939222
2023-09-02,9,2,2023,3286.91,91.28,53.76,52.09,42.9,346.66,279.86,785.67,177.73,106.64,194.23,80.83,178.46,34.58,86.83,55.21,160.78,282.26,197.91,320.16,172.39,296.71,40.9,80.7,107.2,4225.74,-0.28562692620120417
2023-05-29,5,29,2023,3402.43,80.81,43.35,51.52,33.5,368.74,328.34,784.84,164.09,119.59,180.59,99.46,141.86,24.16,94.11,54.2,231.31,332.94,228.56,464.35,155.74,253.53,53.72,109.13,80.83,4479.2699999999995,-0.31649144875868124
2023-07-30,7,30,2023,3427.52,85.1,42.83,59.95,35.91,438.56,356.79,755.01,164.66,87.75,236.39,105.55,177.93,34.53,107.15,57.98,195.94,355.0,202.15,362.45,160.74,346.56,47.82,96.69,119.76,4633.200000000001,-0.3517645411259455
2023-06-08,6,8,2023,2628.69,82.54,54.04,68.02,33.97,447.25,308.0,893.61,140.82,84.41,160.67,117.09,128.83,32.17,100.93,45.8,204.65,259.51,198.95,330.34,137.68,294.46,44.35,113.02,84.94,4366.05,-0.6609223605674309
2023-09-08,9,8,2023,2766.99,77.77,53.21,48.02,36.02,376.03,273.99,914.88,159.92,110.76,172.4,83.44,136.24,35.95,87.87,51.7,166.46,266.26,197.85,376.74,168.7,316.45,48.45,118.68,83.93,4361.72,-0.5763410782113417
2023-05-14,5,14,2023,3504.23,83.11,43.47,58.46,46.01,448.7,256.7,885.65,135.0,96.65,175.96,92.2,137.84,35.13,98.45,43.67,222.59,340.06,167.68,404.25,161.65,300.46,53.7,94.3,94.17,4475.86,-0.27727346663889063
2023-08-27,8,27,2023,2904.61,77.13,40.55,61.41,47.32,387.35,330.7,836.87,138.14,89.71,200.98,85.09,152.6,30.79,91.73,55.11,191.41,288.35,160.48,449.2,172.49,295.23,41.09,82.19,113.2,4419.119999999999,-0.5214159560147485
2023-11-29,11,29,2023,2528.46,83.02,56.44,61.57,43.05,458.29,254.57,827.08,150.65,108.68,216.13,100.65,153.72,35.61,85.46,57.9,211.17,258.57,210.26,435.06,176.19,336.67,52.47,88.03,82.69,4543.93,-0.7971136581160074
2023-03-20,3,20,2023,3124.55,67.87,41.94,52.9,39.58,453.24,293.26,657.81,127.31,96.18,238.62,112.81,170.5,30.56,112.87,53.63,228.75,314.06,194.59,421.79,131.09,338.23,53.15,86.83,109.67,4427.24,-0.4169208366004703
2023-10-07,10,7,2023,2640.42,79.37,45.79,50.4,41.42,378.77,273.02,763.46,167.99,98.56,225.08,85.93,137.01,25.44,95.58,51.61,162.73,318.05,212.58,391.12,174.49,282.57,42.79,115.3,98.33,4317.390000000001,-0.6351148680891681
2023-01-05,1,5,2023,3578.1,75.45,57.12,60.08,37.58,433.0,286.87,660.09,159.36,94.07,217.54,93.57,162.91,33.44,91.13,55.25,184.23,287.27,233.29,423.22,142.59,296.61,53.18,103.04,117.1,4357.990000000001,-0.21796204689639775
2023-12-04,12,4,2023,3030.52,68.14,46.48,70.92,37.57,418.8,288.45,654.38,171.12,86.37,167.72,84.25,176.05,29.72,110.4,59.63,224.68,327.92,178.93,463.97,130.44,347.1,55.12,96.8,82.57,4377.53,-0.44448147512638086
2023-11-10,11,10,2023,2700.58,65.2,55.0,58.6,37.99,421.01,243.54,695.7,126.46,97.98,170.66,105.5,153.39,26.35,99.64,53.58,178.04,329.06,194.73,404.56,167.4,250.32,40.48,118.39,83.85,4177.43,-0.546864006991091
2023-01-18,1,18,2023,3372.01,92.59,47.19,57.79,40.75,331.51,262.24,873.59,174.66,105.69,199.69,113.3,154.22,29.68,94.08,52.37,204.7,256.54,165.37,388.4,142.57,248.5,41.56,111.3,91.93,4280.219999999999,-0.2693378726634853
2023-03-02,3,2,2023,2998.45,65.65,50.81,48.54,45.14,366.38,339.38,764.94,141.47,114.9,172.63,91.52,152.07,26.9,100.71,52.22,184.98,314.24,203.68,462.69,154.97,352.43,59.7,106.13,81.29,4453.37,-0.4852240324167487
2023-08-04,8,4,2023,2713.06,74.71,55.29,51.34,40.75,437.42,350.9,852.27,172.7,89.42,165.83,117.92,174.26,32.44,110.62,40.71,238.48,353.99,207.85,417.99,124.84,306.17,58.93,90.82,81.67,4647.32,-0.7129440557894038
2023-01-19,1,19,2023,2995.92,71.21,47.01,59.46,44.5,460.23,267.33,938.0,121.58,111.27,175.69,104.33,142.76,32.2,80.72,49.64,190.97,285.27,170.02,432.21,152.97,253.87,42.36,104.63,116.14,4454.369999999999,-0.48681206440759395
2023-06-30,6,30,2023,2632.37,77.97,41.16,53.57,41.42,356.34,329.7,924.27,167.59,102.72,239.28,80.6,163.19,33.75,83.06,42.53,174.45,245.25,187.97,424.83,134.65,275.09,52.12,99.15,84.9,4415.559999999999,-0.6774085709835619
2023-02-09,2,9,2023,2491.65,94.03,44.12,64.93,45.01,463.62,343.05,781.93,138.16,94.68,204.11,114.76,134.65,34.72,92.75,50.83,168.35,281.6,192.87,472.09,149.17,249.41,58.24,113.66,100.84,4487.58,-0.8010474986454758
2023-06-06,6,6,2023,3290.29,70.74,47.45,67.59,34.27,476.47,323.8,847.97,147.23,84.57,199.91,81.35,136.68,28.61,113.09,41.69,182.33,313.17,199.63,458.04,143.08,245.33,44.11,87.38,97.24,4471.73,-0.35906865352294165
2023-01-27,1,27,2023,3192.48,65.0,55.26,70.49,46.56,440.72,280.35,905.01,135.75,110.13,177.32,81.09,163.55,31.46,114.63,55.65,234.29,330.29,224.59,408.53,177.15,351.9,45.75,119.64,101.39,4726.500000000001,-0.48051044955645794
2023-08-06,8,6,2023,3087.12,82.19,50.38,51.9,38.1,439.3,350.96,682.2,120.91,111.98,236.08,83.42,135.0,30.51,93.5,47.89,209.24,283.4,212.74,445.19,168.62,312.96,42.49,102.74,92.84,4424.54,-0.43322578973282544
2023-05-16,5,16,2023,3417.11,78.2,40.35,48.21,32.59,377.4,316.53,818.11,144.52,103.18,166.36,115.88,153.09,35.44,97.62,45.16,222.94,271.14,199.59,356.39,130.47,344.55,53.12,89.31,106.18,4346.33,-0.2719315444922756
2023-04-05,4,5,2023,3221.33,91.54,51.6,49.01,43.48,329.73,325.75,722.9,135.45,107.14,228.6,94.13,163.1,31.21,93.99,41.55,195.51,301.32,178.96,372.13,142.28,338.72,48.32,105.68,115.03,4307.130000000001,-0.33706574613591317
2023-03-15,3,15,2023,2429.63,83.42,47.21,71.4,46.36,379.95,353.1,734.1,121.87,94.73,183.27,86.0,155.47,25.27,88.46,46.26,217.26,329.05,222.68,434.05,176.4,285.46,51.65,106.28,86.0,4425.7,-0.8215530759827626
2023-11-29,11,29,2023,2494.13,66.47,58.71,53.39,40.06,411.91,305.79,773.79,163.98,113.9,202.22,82.06,148.34,30.29,97.64,45.38,226.88,275.17,179.52,358.89,166.06,283.44,49.12,109.93,84.62,4327.56,-0.7350980101277801
2023-05-04,5,4,2023,2934.01,94.64,48.2,49.91,40.97,332.23,283.48,794.93,133.82,111.45,178.38,113.11,179.2,35.11,89.8,58.19,213.93,319.91,208.44,447.34,140.49,254.16,48.17,100.2,85.94,4362.0,-0.4867024993098182
2023-09-11,9,11,2023,3159.16,88.72,58.0,69.03,32.25,339.33,271.61,817.47,175.81,109.71,170.11,81.36,145.89,32.28,119.6,42.65,229.35,350.23,232.34,376.7,144.14,306.83,54.24,84.76,115.9,4448.3099999999995,-0.40806733435470177
2023-06-22,6,22,2023,3109.77,83.73,59.88,49.09,43.82,376.79,293.87,770.84,146.99,113.39,183.14,99.08,128.08,26.2,110.64,58.33,234.93,250.05,231.65,414.97,142.19,317.93,47.59,97.54,100.35,4381.07,-0.40880836846454877
2023-10-29,10,29,2023,2735.16,88.74,44.65,59.84,32.77,402.83,303.02,802.63,175.68,91.41,190.73,110.29,177.21,24.5,117.8,57.65,218.48,291.66,182.26,460.73,138.86,281.68,43.31,91.51,99.47,4487.710000000002,-0.6407486216528474
2023-04-25,4,25,2023,3462.42,73.23,58.35,71.73,44.06,467.92,319.97,685.12,132.41,113.55,220.39,81.09,174.15,35.52,101.59,55.98,160.53,339.9,162.06,352.5,176.51,308.54,54.64,100.84,113.24,4403.820000000001,-0.27189075848683886
2023-06-01,6,1,2023,3501.59,86.92,58.38,50.88,46.22,398.92,250.42,683.78,136.71,106.75,237.48,112.15,164.66,26.67,82.97,43.13,186.83,294.42,218.84,427.53,124.45,322.55,57.85,81.53,84.02,4284.06,-0.22346134184756075
2023-12-28,12,28,2023,3353.04,74.16,56.83,63.87,46.04,325.7,316.14,642.55,128.21,95.05,235.45,106.93,135.92,25.82,112.55,54.67,182.61,263.83,230.07,472.13,171.43,329.93,40.06,82.69,102.31,4294.950000000001,-0.2809122467969367
2023-04-17,4,17,2023,3251.99,65.24,53.76,62.72,42.1,357.55,281.84,809.75,177.26,115.12,227.26,115.0,160.08,29.88,105.2,51.96,203.47,275.45,177.51,474.07,173.81,331.67,48.39,97.89,89.9,4526.88,-0.3920338008419461
2023-08-06,8,6,2023,2538.98,78.87,46.38,50.72,43.15,432.77,332.84,794.8,168.28,99.57,192.96,89.39,137.46,30.09,115.59,55.66,164.86,332.62,180.93,370.82,143.48,293.03,47.97,116.49,90.73,4409.459999999999,-0.7367052911011505
2023-04-23,4,23,2023,2807.81,90.19,46.17,57.84,41.16,346.65,264.74,840.09,176.87,104.53,186.37,104.2,121.2,32.67,112.1,41.81,216.38,349.47,221.35,408.46,159.3,302.24,47.24,87.94,86.28,4445.249999999999,-0.5831733628699944
2023-10-02,10,2,2023,2874.63,86.97,45.8,51.87,37.98,386.14,306.35,719.59,120.82,113.82,220.41,101.06,150.09,33.5,81.69,45.66,161.94,315.79,215.05,325.4,164.99,337.56,47.56,96.03,112.73,4278.799999999999,-0.4884698204638507
2023-05-19,5,19,2023,3434.38,66.45,50.09,64.88,43.72,323.22,329.12,813.34,175.14,83.82,207.06,95.64,169.89,34.31,111.39,48.5,219.48,276.26,196.71,335.95,178.16,309.14,47.53,97.18,88.89,4365.87,-0.2712250828388238
2023-07-28,7,28,2023,3073.2,79.47,58.15,60.8,35.91,322.75,299.64,765.97,142.36,101.86,168.66,88.96,178.51,28.77,89.28,47.4,205.05,317.14,186.59,449.55,178.55,251.45,43.39,114.59,99.59,4314.390000000001,-0.40387543928153113
2023-05-08,5,8,2023,2500.67,76.9,56.76,60.56,45.43,441.69,247.07,797.89,144.71,109.62,226.75,81.46,161.34,31.18,114.86,45.36,176.74,307.49,199.1,399.97,177.57,268.29,49.23,99.32,102.19,4421.48,-0.7681181443373174
2023-02-11,2,11,2023,3505.48,77.62,41.55,51.05,32.22,403.19,254.58,703.16,172.18,84.55,230.84,99.81,157.57,30.3,85.59,57.48,193.45,241.11,169.41,479.32,163.2,345.63,45.42,92.9,115.58,4327.71,-0.23455561007337083
2023-10-16,10,16,2023,3180.26,68.53,50.47,52.91,41.82,434.32,302.33,720.4,147.77,117.45,234.17,108.81,171.14,25.62,100.98,56.59,160.79,289.96,172.03,330.73,178.62,277.42,43.75,107.76,101.51,4295.88,-0.3507952180010439
2023-06-19,6,19,2023,2513.66,84.0,51.89,49.6,42.18,461.33,281.39,644.52,131.56,91.37,232.92,97.05,163.76,28.41,110.68,58.69,204.89,316.99,176.21,414.82,126.18,265.97,43.57,102.55,85.07,4265.599999999999,-0.6969677681150194
2023-09-25,9,25,2023,3104.78,88.51,46.6,66.53,41.47,364.36,336.88,918.83,160.11,98.94,173.45,111.33,179.35,25.1,112.13,42.93,173.19,344.95,185.87,463.35,123.13,301.4,48.79,106.59,93.08,4606.869999999999,-0.4837991741765918
2023-09-14,9,14,2023,3312.01,71.7,47.86,66.57,43.3,376.8,340.64,741.43,124.69,104.22,177.11,86.64,158.03,27.33,85.72,48.74,195.33,323.41,180.04,339.24,173.99,318.25,43.56,114.65,114.21,4303.459999999999,-0.299349941576263
2023-12-10,12,10,2023,2815.19,77.57,52.34,69.03,46.73,350.56,284.9,938.62,179.73,87.83,188.88,87.8,155.17,27.94,116.44,58.32,200.22,241.56,181.84,423.55,158.5,287.8,59.91,108.17,90.97,4474.380000000001,-0.5893705220606783
2023-01-30,1,30,2023,3565.37,90.35,57.26,70.26,47.96,421.16,298.84,791.5,172.5,110.02,224.59,81.53,121.73,34.73,86.13,54.72,229.67,255.8,193.57,455.33,123.36,316.5,41.25,83.9,101.76,4464.42,-0.2521617672219153
2023-04-10,4,10,2023,3186.13,87.6,46.65,64.13,46.39,463.64,260.31,955.61,163.33,94.65,161.13,106.58,144.98,32.01,82.46,43.86,220.9,257.7,181.33,347.61,122.67,313.02,53.77,96.37,105.41,4452.110000000001,-0.3973409747875951
2023-01-02,1,2,2023,2773.4,81.94,42.35,59.19,45.38,333.78,351.63,668.21,175.08,87.3,166.91,92.7,157.6,24.24,86.77,40.21,211.04,295.24,230.18,470.92,138.47,321.71,58.85,114.58,109.9,4364.179999999999,-0.5735847695968844
2023-03-09,3,9,2023,2772.58,76.14,45.74,54.7,41.04,386.24,340.23,727.3,131.95,119.17,180.75,97.58,125.54,28.26,94.54,55.45,201.84,339.54,214.96,347.28,176.98,310.23,43.11,102.75,119.75,4361.07,-0.5729284637413528
2023-08-11,8,11,2023,2816.31,89.95,55.93,52.98,43.19,400.6,339.58,894.17,125.45,110.94,180.66,98.71,121.89,25.38,106.33,43.73,171.19,310.42,189.78,380.47,155.3,244.06,54.03,105.18,114.77,4414.690000000001,-0.5675440558745314
2023-01-05,1,5,2023,2590.5,79.22,46.73,69.67,34.99,377.28,259.53,814.97,165.12,97.56,209.33,103.74,161.67,32.77,98.94,44.87,217.87,312.11,198.6,384.18,122.41,351.48,44.69,117.39,117.08,4462.199999999999,-0.7225246091488126
2023-02-25,2,25,2023,2905.18,88.77,59.08,57.62,32.46,401.95,350.68,923.71,177.91,117.71,175.88,118.9,165.11,25.56,93.33,59.2,237.63,277.11,221.27,448.24,147.52,259.84,40.02,85.9,115.32,4680.72,-0.6111635079409884
2023-06-04,6,4,2023,2769.03,69.91,57.16,58.48,43.59,344.66,306.64,888.19,120.3,86.37,167.99,101.99,143.64,26.55,98.89,47.53,197.08,269.13,233.36,382.01,139.1,352.23,48.0,93.08,91.33,4367.21,-0.5771623998295431
2023-12-12,12,12,2023,3276.45,77.59,47.88,49.72,39.81,438.47,310.37,710.94,156.51,110.71,189.53,93.59,169.39,31.33,110.07,58.29,211.65,256.57,175.04,353.8,146.12,280.75,53.08,97.03,91.4,4259.64,-0.30007782813716083
2023-07-18,7,18,2023,3210.33,79.38,45.22,70.92,34.87,383.71,302.08,674.06,168.37,93.85,218.61,106.23,144.27,33.68,86.44,42.57,200.56,322.36,160.93,424.61,160.21,290.69,41.09,97.0,109.68,4291.39,-0.3367441976370032
2023-03-01,3,1,2023,3124.36,89.68,49.01,56.95,39.58,373.61,304.2,756.76,167.13,119.23,202.54,95.34,160.48,25.8,93.48,58.68,207.21,263.71,225.03,436.42,147.3,245.83,45.63,84.86,99.58,4348.040000000001,-0.3916578115197995
2023-07-07,7,7,2023,2460.09,83.18,47.39,58.22,42.8,442.69,242.82,725.52,137.59,96.68,195.74,91.91,122.14,25.34,109.28,50.63,191.7,261.03,202.8,340.17,128.68,299.21,57.85,93.82,98.32,4145.51,-0.6851050164831368
2023-11-13,11,13,2023,2692.92,90.42,56.7,65.58,40.38,393.35,249.18,759.29,128.81,119.07,211.03,115.28,142.91,35.76,83.15,58.55,219.94,290.7,161.79,472.06,135.41,318.35,57.66,113.47,97.34,4416.18,-0.6399224633483357
2023-03-01,3,1,2023,3352.37,82.27,59.9,62.77,40.63,447.0,323.31,655.63,154.4,88.61,234.84,90.99,161.33,26.23,100.06,40.91,191.89,261.75,182.79,320.81,132.43,333.85,53.14,90.99,98.5,4235.029999999999,-0.2632943261036219
2023-11-22,11,22,2023,2781.79,71.08,40.36,55.79,33.02,366.05,325.44,904.63,155.27,105.39,186.3,95.56,175.79,24.15,93.62,46.93,195.55,295.43,219.41,353.7,161.86,320.76,45.11,81.29,114.09,4466.579999999999,-0.6056495997181668
2023-02-10,2,10,2023,3157.66,81.96,46.91,52.98,47.76,379.07,275.02,740.91,160.47,81.18,209.99,86.67,141.1,29.18,119.83,40.47,237.87,306.77,199.26,357.55,175.27,255.8,52.14,113.99,83.88,4276.03,-0.35417682714415105
2023-04-22,4,22,2023,2653.57,67.54,45.79,68.76,44.27,477.5,357.47,816.02,141.12,88.71,232.04,91.16,166.23,31.56,106.57,53.74,210.65,316.35,200.18,405.2,133.51,288.48,55.14,91.45,116.98,4606.419999999998,-0.7359331014444683
2023-03-22,3,22,2023,3508.69,69.68,45.77,60.78,37.34,394.24,260.67,930.33,143.0,106.12,237.94,96.41,158.19,31.43,85.54,52.4,239.91,311.95,218.57,471.28,139.5,269.99,51.39,98.88,83.64,4594.95,-0.3095913289575311
2023-07-09,7,9,2023,2427.26,83.24,55.8,57.34,40.18,350.89,349.58,786.49,163.38,89.57,197.77,108.51,131.99,25.59,82.59,40.62,206.21,295.1,214.69,390.98,134.51,261.23,49.23,105.66,112.15,4333.3,-0.7852640425829948
2023-06-19,6,19,2023,3446.5,93.08,44.9,65.33,33.12,439.78,321.84,770.03,151.19,98.81,190.83,111.32,177.45,34.6,101.49,54.32,208.56,358.71,217.18,390.16,169.67,247.17,56.23,113.13,109.01,4557.909999999999,-0.3224749746119248
2023-01-21,1,21,2023,2836.05,86.93,50.23,63.59,38.86,339.85,257.52,724.0,169.51,110.14,168.94,86.76,144.77,28.08,116.52,55.91,176.81,251.66,211.36,331.85,173.95,298.99,44.89,90.4,91.81,4113.33,-0.4503728777701379
2023-08-16,8,16,2023,2796.79,78.41,45.16,54.61,32.57,342.4,302.61,648.3,172.81,102.54,217.1,92.27,162.95,30.81,92.19,54.26,213.86,258.53,224.42,340.57,156.45,343.1,45.15,89.12,114.04,4214.2300000000005,-0.5068095924256024
2023-10-26,10,26,2023,2763.55,82.7,45.19,65.31,43.93,479.38,288.7,837.91,130.22,93.77,172.47,114.1,138.86,28.49,114.62,49.7,173.53,303.03,174.03,463.54,120.85,353.63,46.85,92.37,88.97,4502.150000000001,-0.6291183441587813
2023-05-23,5,23,2023,3130.37,87.32,42.39,52.73,39.98,411.11,316.64,643.9,164.78,112.76,223.01,115.93,164.48,28.36,81.31,52.53,236.16,300.89,181.72,473.86,170.8,304.53,41.59,111.92,97.87,4456.57,-0.42365598954756145
2023-09-25,9,25,2023,2697.57,72.19,54.79,64.55,42.41,359.21,322.76,785.94,122.41,104.37,204.16,83.65,131.4,33.97,82.55,58.06,201.8,247.3,178.21,413.71,154.88,295.71,50.74,111.26,92.75,4268.780000000001,-0.5824538380839053
2023-11-21,11,21,2023,2487.67,79.31,48.84,59.42,33.6,414.3,311.8,735.99,120.58,97.19,232.4,108.8,146.56,31.71,103.56,52.7,220.44,359.07,180.14,385.15,136.24,315.74,46.57,99.33,91.35,4410.79,-0.7730607355477213
2023-11-27,11,27,2023,2759.56,91.75,44.98,54.61,40.98,369.41,292.81,952.71,176.74,99.5,185.54,118.97,148.23,25.96,82.62,48.64,184.37,351.04,195.46,422.06,152.32,261.92,55.58,110.51,88.53,4555.239999999999,-0.6507124324167617
2023-09-14,9,14,2023,2766.46,88.53,49.44,64.43,46.84,353.65,320.63,743.6,131.51,95.85,173.74,86.32,159.76,27.91,100.66,49.48,207.62,290.03,218.12,356.6,135.77,352.12,56.69,94.83,92.25,4296.379999999999,-0.5530244427897021
2023-07-01,7,1,2023,3395.08,74.09,46.16,61.52,44.2,320.91,352.8,657.7,144.53,105.83,171.19,98.28,136.45,33.82,88.09,53.24,180.47,339.91,161.89,388.4,142.94,306.97,54.78,111.9,104.7,4180.7699999999995,-0.23142017272052487
2023-08-14,8,14,2023,3427.68,67.42,44.86,55.81,39.67,435.4,296.38,950.76,122.76,106.38,215.02,116.36,149.22,27.36,104.27,47.5,168.12,316.76,182.08,379.11,175.42,253.32,42.69,109.99,92.98,4499.639999999999,-0.3127363114409745
2023-07-31,7,31,2023,3389.17,91.97,51.8,61.78,40.99,390.12,279.34,814.91,159.64,102.27,225.38,107.58,128.43,33.24,114.83,53.99,219.12,354.86,188.9,443.63,164.84,265.78,46.43,89.11,94.49,4523.429999999999,-0.3346719108218234
2023-04-12,4,12,2023,3213.2,86.53,45.11,65.94,32.37,339.07,289.29,766.82,149.18,81.92,202.27,116.52,150.74,24.19,97.49,40.64,200.34,335.79,223.21,398.72,154.49,316.12,54.69,102.61,118.97,4393.0199999999995,-0.36717913606373703
2023-02-27,2,27,2023,3038.11,89.55,56.93,50.11,46.76,417.61,359.15,880.61,166.03,97.24,182.15,98.05,172.83,32.87,106.02,41.46,211.83,280.78,202.22,430.81,169.21,291.89,40.43,102.99,80.25,4607.78,-0.5166600287678852
2023-07-19,7,19,2023,2422.65,71.21,48.54,54.21,35.57,427.93,279.19,786.48,159.92,110.8,205.96,94.19,172.82,34.41,86.1,55.46,176.49,261.79,162.1,416.31,170.68,333.54,50.8,118.19,93.1,4405.79,-0.8185829566796688
2023-06-11,6,11,2023,3514.16,85.06,44.03,51.92,47.86,357.28,350.39,887.15,121.64,115.11,235.55,84.92,176.88,24.31,114.7,57.08,176.69,245.91,195.08,351.78,166.26,310.83,42.49,118.77,100.27,4461.960000000001,-0.2697088351128011
2023-10-24,10,24,2023,3269.42,67.89,55.13,50.89,39.83,416.78,329.96,741.4,131.46,119.41,223.98,94.39,135.32,25.34,98.28,40.15,224.27,288.04,228.6,376.75,176.74,340.38,48.68,113.91,92.03,4459.610000000001,-0.3640370463262598
2023-12-26,12,26,2023,2501.34,84.59,47.79,59.31,47.22,363.95,317.68,743.45,128.44,89.96,205.17,85.12,129.35,32.34,110.49,41.22,224.19,343.96,212.88,379.47,144.89,258.9,43.45,117.45,118.61,4329.879999999999,-0.7310241710443198
2023-12-09,12,9,2023,2617.94,92.13,42.19,51.9,39.96,368.97,315.04,930.87,135.91,92.84,222.66,93.26,173.33,24.41,114.88,58.27,163.72,285.24,207.88,404.03,129.49,241.79,57.94,83.68,119.53,4449.919999999999,-0.6997792157192293
2023-02-27,2,27,2023,3562.48,78.86,48.3,69.56,39.05,457.11,337.13,640.23,148.57,115.98,180.55,92.92,152.4,35.48,106.74,41.93,199.42,339.73,205.7,340.13,150.88,336.65,42.85,106.37,109.73,4376.2699999999995,-0.2284335631357929
2023-07-26,7,26,2023,2738.76,83.68,45.0,54.02,43.68,368.18,325.26,787.89,155.45,100.68,239.01,90.67,173.97,27.94,94.99,42.9,218.91,342.09,219.83,447.96,157.91,335.3,59.59,80.57,105.39,4600.87,-0.6799098862258831
2023-05-02,5,2,2023,2594.26,74.32,51.44,59.61,37.5,420.59,338.04,824.7,147.13,88.59,209.71,101.84,127.07,27.35,110.74,58.48,186.98,347.1,180.42,449.12,149.24,305.87,53.26,106.72,93.7,4549.5199999999995,-0.753686985884221
2023-09-23,9,23,2023,2715.44,89.02,48.53,48.61,40.69,335.13,357.01,905.62,127.22,108.51,170.1,93.9,147.15,30.64,117.58,59.33,237.73,261.91,225.6,461.7,150.65,257.01,53.61,111.04,87.95,4526.239999999999,-0.6668532539846208
2023-07-01,7,1,2023,3030.69,88.96,51.26,60.73,32.75,405.31,304.73,861.98,179.83,86.67,172.7,107.22,158.09,34.31,89.05,58.61,217.29,304.9,236.41,387.84,132.13,245.87,59.38,96.03,95.59,4467.64,-0.47413295322187365
2023-09-25,9,25,2023,3566.41,92.6,49.36,51.27,47.01,320.06,270.16,817.84,138.7,116.92,209.05,118.37,123.55,28.92,85.75,56.45,221.17,336.84,236.07,358.79,167.18,317.53,47.82,87.73,113.37,4412.509999999999,-0.23724137157533753
2023-02-06,2,6,2023,2671.57,94.37,42.81,57.63,43.62,413.75,320.68,705.87,128.54,91.02,186.2,105.47,151.24,30.29,110.87,51.97,178.57,292.59,225.78,406.6,156.6,258.44,57.6,110.17,108.8,4329.4800000000005,-0.6205751674109232
2023-05-20,5,20,2023,3539.39,65.31,56.76,54.13,42.03,388.15,260.21,867.12,171.93,99.49,183.29,100.91,125.31,32.78,118.39,57.3,179.3,342.0,199.56,432.26,145.95,246.8,42.1,110.8,113.69,4435.570000000001,-0.25320182291298804
2023-05-22,5,22,2023,3485.68,84.49,46.58,64.01,36.02,377.07,241.55,868.19,149.13,103.43,177.71,97.35,135.95,35.97,113.05,49.76,208.53,307.87,208.53,459.26,160.05,245.05,42.16,113.53,105.71,4430.95,-0.27118668380344724
2023-02-20,2,20,2023,3090.75,67.76,55.28,56.66,42.76,464.61,290.62,766.0,164.66,93.89,223.05,114.09,154.4,30.27,117.61,56.26,210.25,333.32,213.53,324.1,154.02,242.9,58.92,83.95,116.83,4435.740000000001,-0.4351662217908277
2023-01-15,1,15,2023,3274.87,91.18,45.07,67.64,37.5,475.77,269.84,782.72,122.87,98.33,239.28,90.53,167.62,26.51,110.83,50.95,185.75,288.16,187.88,450.48,170.68,342.8,46.68,104.66,109.59,4563.320000000001,-0.39343546461386275
2023-04-27,4,27,2023,2779.84,73.79,58.28,50.17,38.5,419.49,316.74,882.1,132.13,114.24,198.84,93.48,146.27,28.34,86.37,43.37,161.27,262.77,184.84,400.98,158.54,275.54,51.2,87.12,104.74,4369.11,-0.5717127604466442
2023-02-08,2,8,2023,2638.34,66.9,51.96,69.05,38.47,362.14,325.91,810.5,143.81,116.85,168.29,118.24,168.87,34.65,91.76,51.4,166.58,359.93,195.4,326.52,152.88,320.1,45.48,99.78,113.33,4398.799999999999,-0.6672604743891989
2023-04-23,4,23,2023,2694.42,71.23,52.96,53.18,32.2,358.99,242.49,835.91,170.28,96.58,204.1,102.72,144.74,34.17,103.24,52.55,231.09,357.5,219.74,433.08,178.91,336.41,45.27,94.81,116.0,4568.150000000001,-0.695411257339242
2023-05-01,5,1,2023,2784.19,75.43,59.16,51.23,45.76,477.8,269.63,812.25,127.73,119.24,222.74,100.3,148.54,27.76,112.29,52.08,217.61,326.11,211.6,408.65,179.1,295.83,51.49,82.13,104.75,4579.210000000001,-0.6447189308200952
2023-09-12,9,12,2023,3109.28,66.07,59.92,48.53,39.18,424.04,347.5,792.52,162.38,82.55,188.35,118.19,136.57,27.02,115.86,40.55,207.82,291.7,221.15,341.34,143.77,319.42,46.2,107.89,92.19,4420.71,-0.42177931868471147
2023-04-30,4,30,2023,3083.83,92.03,58.93,51.46,40.63,429.01,277.74,642.17,156.58,108.48,188.67,84.79,178.64,31.37,101.19,54.61,218.6,269.86,208.12,441.41,130.76,261.75,52.99,99.8,84.78,4264.369999999999,-0.3828161733947718
2023-02-15,2,15,2023,2512.99,76.91,54.02,64.45,44.88,381.01,296.93,911.12,130.98,92.45,174.19,97.21,135.12,25.09,90.42,44.01,188.1,317.67,166.53,392.28,125.64,270.93,57.59,82.44,102.29,4322.26,-0.7199670512019549
2023-12-16,12,16,2023,2847.78,69.39,59.27,60.7,32.07,381.56,243.32,929.65,153.8,114.37,236.46,87.54,157.25,26.18,88.73,46.9,229.77,349.51,207.98,411.84,173.49,324.76,57.59,87.1,85.95,4615.180000000001,-0.6206237841406291
2023-08-16,8,16,2023,2436.41,65.24,50.75,70.99,47.05,449.15,277.4,733.26,140.94,87.22,201.48,116.01,149.86,31.24,119.89,58.4,235.03,351.43,203.84,382.22,146.88,253.97,51.09,93.53,94.63,4411.500000000001,-0.8106558419970371
2023-05-03,5,3,2023,3552.46,79.7,55.88,49.0,32.94,477.18,297.65,909.95,159.58,110.18,207.29,113.91,125.46,31.86,116.47,51.26,216.18,302.6,220.55,422.91,136.95,256.26,55.27,91.72,105.05,4625.800000000001,-0.30213992557270203
2023-07-26,7,26,2023,2922.17,66.64,40.48,50.5,40.98,417.55,276.71,957.53,166.24,110.83,215.91,101.1,122.5,35.36,92.28,51.75,232.02,305.13,211.27,438.28,152.06,245.66,46.06,87.53,118.57,4582.9400000000005,-0.5683344911487013
2023-01-27,1,27,2023,3388.5,85.89,48.68,60.2,45.59,401.4,321.74,654.31,132.87,98.29,174.86,88.86,139.22,32.57,99.81,51.42,209.04,245.43,190.52,464.05,126.98,274.85,58.09,106.38,116.61,4227.66,-0.2476494023904382
2023-06-19,6,19,2023,3581.28,95.59,56.53,56.92,45.4,327.16,257.0,718.78,160.11,115.28,193.83,102.82,171.82,31.51,88.2,57.57,218.93,272.71,215.22,386.54,144.82,273.37,58.02,112.67,99.53,4260.33,-0.18961097708082017
2023-11-04,11,4,2023,2412.52,86.16,40.84,66.41,34.06,430.32,248.46,676.6,129.54,111.65,165.32,101.48,130.04,32.88,118.21,54.3,215.6,274.18,182.92,456.88,135.69,331.32,47.9,115.42,88.09,4274.27,-0.771703447018056
2023-02-14,2,14,2023,3065.7,79.93,42.54,71.89,39.5,337.5,267.44,906.59,131.07,110.5,224.51,89.67,156.92,29.26,85.71,51.94,163.28,352.03,221.34,350.24,132.63,278.15,51.38,117.94,93.65,4385.61,-0.4305411488403953
2023-05-09,5,9,2023,3506.21,75.2,44.01,63.46,38.26,344.5,275.02,660.37,131.04,87.77,212.64,97.55,172.28,24.83,89.83,50.57,204.55,257.2,237.13,329.07,161.09,289.19,50.69,104.74,86.8,4087.7900000000004,-0.16587141101074962
2023-06-14,6,14,2023,2844.45,68.59,42.08,53.61,38.1,410.03,337.64,885.98,127.18,88.98,210.26,102.55,124.44,31.79,116.43,58.74,211.58,273.9,209.28,391.95,164.88,321.95,52.25,93.81,119.52,4535.52,-0.5945156357116492
2023-08-21,8,21,2023,2974.95,92.75,49.08,69.11,35.58,365.9,327.72,948.17,143.31,90.29,172.83,109.6,145.9,27.6,81.7,48.21,230.38,342.2,239.0,340.0,157.59,264.97,48.12,115.34,98.42,4543.7699999999995,-0.5273433166943982
2023-08-20,8,20,2023,2932.67,76.43,47.27,55.82,38.38,435.73,264.71,709.43,131.46,87.78,229.89,106.37,157.13,34.8,101.93,55.28,192.66,317.28,177.08,342.61,126.52,318.27,46.01,113.32,110.98,4277.14,-0.45844571670184514
2023-11-16,11,16,2023,2894.54,70.38,46.75,69.36,42.55,469.94,291.81,941.82,121.43,88.26,205.39,86.89,179.02,32.17,110.77,52.82,206.01,336.1,172.05,370.64,134.74,328.62,55.25,99.47,104.41,4616.65,-0.594951183953236
2023-11-10,11,10,2023,3036.71,84.1,40.71,50.33,33.05,323.43,350.42,918.23,139.89,83.6,234.53,94.27,164.62,35.5,92.3,41.32,209.86,277.86,232.36,391.46,140.32,261.03,46.06,112.09,86.39,4443.730000000001,-0.4633369666514094
2023-03-19,3,19,2023,2595.91,67.79,58.2,57.83,40.99,420.59,323.98,730.0,170.88,89.98,169.07,117.82,174.55,25.16,81.58,57.6,197.83,297.23,221.37,413.79,179.27,283.49,48.82,102.88,97.89,4428.59,-0.7059874957144124
2023-01-11,1,11,2023,3564.36,94.29,51.34,69.25,47.81,461.84,248.27,683.18,138.01,95.74,171.96,119.72,167.46,32.03,118.46,46.41,216.91,353.85,166.65,416.45,167.96,241.91,57.82,96.71,86.76,4350.79,-0.2206370849184706
2023-05-10,5,10,2023,2630.43,72.97,50.41,69.98,39.83,464.93,246.24,716.42,138.4,97.96,194.64,81.62,165.0,33.12,98.32,41.6,204.1,255.68,238.26,419.87,164.08,242.31,47.61,116.18,95.2,4294.73,-0.6327102412913478
2023-01-19,1,19,2023,3234.35,72.65,47.5,56.8,40.2,478.98,290.94,866.33,127.94,93.85,180.93,87.72,136.9,25.0,97.99,53.44,224.44,349.6,228.92,463.33,121.38,255.42,55.24,89.72,87.08,4532.299999999999,-0.4013016525731598
2023-02-03,2,3,2023,2584.81,89.65,55.58,68.73,32.15,322.15,336.84,918.45,157.05,86.25,210.09,114.85,147.65,34.48,111.45,42.12,169.76,324.5,175.96,439.37,124.87,251.0,59.03,80.15,111.66,4463.789999999999,-0.7269315733071287
2023-04-30,4,30,2023,2652.26,86.94,47.74,63.01,35.08,450.81,324.99,798.5,162.38,98.77,218.53,103.67,171.65,29.31,100.3,41.59,237.94,271.59,230.25,412.07,131.36,254.88,55.23,87.53,113.94,4528.0599999999995,-0.7072458959528851
2023-04-27,4,27,2023,2594.91,84.33,51.85,62.44,40.11,365.66,291.18,903.83,164.13,101.22,212.39,118.73,135.1,33.05,82.59,41.26,187.54,327.95,209.59,450.83,124.8,331.73,54.32,80.48,109.77,4564.88,-0.7591669845967685
2023-02-15,2,15,2023,2782.08,88.68,58.29,64.75,41.69,473.49,308.3,872.69,139.14,94.32,224.88,94.82,138.01,29.87,101.84,54.9,178.25,260.47,215.27,385.56,172.8,278.92,55.93,117.81,96.13,4546.810000000001,-0.6343203646192782
2023-08-26,8,26,2023,2942.61,68.55,55.01,58.07,32.39,342.31,278.01,956.72,157.93,95.98,161.12,111.66,159.71,26.07,103.72,43.68,167.59,286.95,171.99,373.97,121.3,287.07,46.07,118.21,101.97,4326.050000000001,-0.4701404535429435
2023-04-27,4,27,2023,2627.94,83.42,49.98,58.44,45.63,397.97,319.89,753.08,126.36,118.12,216.48,104.31,128.49,30.23,99.77,44.33,199.24,354.82,210.52,374.17,138.64,314.22,52.23,103.96,101.19,4425.489999999999,-0.6840148557425203
2023-06-24,6,24,2023,3269.71,89.83,57.28,56.87,47.53,330.1,293.65,773.44,132.57,93.05,178.68,114.87,138.75,34.99,118.9,55.74,204.4,309.27,186.48,351.1,127.63,278.62,52.65,118.85,89.16,4234.41,-0.2950414562759388
2023-10-31,10,31,2023,3131.26,90.03,44.98,61.52,46.25,370.15,345.69,762.93,128.9,92.87,202.34,98.51,174.03,35.37,109.11,41.34,191.17,263.18,221.6,433.91,141.83,333.33,49.47,88.93,80.12,4407.56,-0.40759949668823414
2023-07-02,7,2,2023,3389.8,79.44,42.92,54.55,37.12,477.65,312.57,811.62,169.45,105.83,236.62,103.9,127.22,32.8,109.42,43.9,223.91,273.89,223.26,387.68,169.12,241.31,45.22,85.76,81.01,4476.17,-0.320482034338309
2023-11-30,11,30,2023,3172.79,77.49,47.37,66.62,47.89,391.47,285.84,690.23,146.65,92.56,234.95,98.24,131.87,31.28,91.39,51.73,185.82,242.03,164.19,372.25,148.63,257.01,56.64,95.0,81.02,4088.17,-0.2885094821907533
2023-08-11,8,11,2023,3175.59,76.66,46.53,68.07,32.55,365.27,307.87,821.93,173.0,82.23,217.38,85.27,123.83,24.81,86.06,50.46,235.21,268.2,220.37,475.57,140.29,289.52,55.02,99.7,101.8,4447.6,-0.4005586363478913
2023-09-26,9,26,2023,2899.62,89.27,53.89,61.15,33.43,353.16,259.09,884.08,172.12,89.1,164.52,107.34,121.45,31.71,107.89,49.57,163.37,331.02,236.0,472.71,128.26,278.34,47.75,105.37,95.83,4436.42,-0.530000482821887
2023-09-19,9,19,2023,3318.64,79.75,53.39,64.73,40.8,326.42,310.76,706.83,154.96,80.29,216.15,103.26,142.09,34.78,86.57,44.26,202.9,349.82,219.54,365.03,153.38,301.31,43.2,88.06,104.3,4272.580000000001,-0.2874490755249141
2023-06-21,6,21,2023,2634.93,92.73,47.85,63.61,39.23,391.29,356.13,854.99,166.2,88.18,169.02,95.5,126.4,35.2,88.22,55.2,218.86,275.83,215.18,354.29,155.6,276.4,49.28,105.91,89.19,4410.289999999998,-0.6737788100632648
2023-05-10,5,10,2023,2660.17,64.76,40.25,67.91,45.77,353.02,353.62,764.34,139.64,119.37,208.15,86.61,149.5,30.73,91.41,59.74,228.59,269.82,209.31,461.51,171.16,314.31,57.14,117.87,117.21,4521.740000000001,-0.6997936222121145
2023-06-05,6,5,2023,2934.07,87.32,59.22,50.33,37.89,423.32,356.51,877.39,142.37,91.2,212.29,91.9,122.1,25.44,85.67,49.14,234.58,357.99,233.17,339.25,158.2,354.29,55.86,115.21,117.28,4677.919999999999,-0.5943450565255767
2023-03-31,3,31,2023,2417.21,66.76,44.7,68.88,41.28,409.19,272.41,864.92,148.78,109.26,172.26,82.61,160.68,24.36,99.9,56.61,192.99,356.75,206.14,327.05,123.78,332.34,45.62,91.26,99.17,4397.700000000001,-0.8193288957103441
2023-05-17,5,17,2023,2429.3,72.7,57.44,53.64,39.17,320.31,318.02,919.53,170.12,97.41,236.17,99.54,133.89,34.18,81.89,47.28,207.84,294.75,197.8,346.22,159.52,284.55,51.02,85.83,109.41,4418.23,-0.8187255588029471
2023-06-27,6,27,2023,2888.4,82.57,47.44,71.6,44.28,343.62,320.72,924.62,160.54,96.31,236.91,83.46,135.19,25.65,116.99,52.91,196.06,304.71,214.43,462.36,140.61,350.2,59.65,85.8,93.67,4650.299999999999,-0.6099916909015369
2023-11-20,11,20,2023,3398.42,69.1,55.97,51.35,45.06,352.93,323.19,666.16,145.14,84.48,200.11,81.68,126.23,24.05,117.38,53.29,173.18,267.21,216.78,373.58,127.02,327.82,55.94,101.94,95.8,4135.39,-0.21685665691703798
2023-12-03,12,3,2023,3383.23,71.01,47.02,57.79,44.03,337.03,316.86,785.17,170.06,115.81,175.07,80.02,167.62,30.05,84.31,42.89,165.78,354.01,179.35,384.98,169.51,305.04,41.93,112.58,80.94,4318.86,-0.2765493330338167
2023-01-16,1,16,2023,2754.94,70.63,56.55,64.33,33.07,392.42,254.27,942.36,159.7,80.42,207.8,93.73,142.49,27.65,104.77,58.39,210.82,311.2,214.33,476.32,150.0,282.18,45.12,98.94,111.91,4589.4,-0.6658802006577275
2023-10-03,10,3,2023,3323.74,77.53,51.74,69.14,47.19,429.58,359.36,761.59,177.77,110.36,166.95,90.09,125.52,26.94,113.23,52.63,167.52,285.58,186.99,416.58,148.16,278.74,51.05,108.16,98.05,4400.45,-0.32394531461546333
2023-11-11,11,11,2023,2892.73,64.33,42.57,68.71,44.49,469.69,293.33,800.66,147.79,107.89,191.05,117.0,159.22,24.58,103.43,53.96,199.29,348.27,183.47,346.04,137.42,279.77,42.19,86.19,113.49,4424.829999999998,-0.529638092735927
2023-04-12,4,12,2023,2978.58,71.97,47.75,65.87,42.46,348.26,285.21,736.73,133.41,114.62,206.69,99.73,162.83,33.7,117.92,42.32,173.15,255.84,238.3,416.83,121.42,299.54,55.89,97.2,108.34,4275.9800000000005,-0.4355766841917963
2023-12-22,12,22,2023,2841.95,81.39,48.37,48.8,38.98,432.33,248.03,667.92,172.67,106.59,197.97,100.28,134.59,35.13,85.5,40.48,166.91,262.41,175.72,425.58,152.76,306.88,49.56,118.83,106.25,4203.93,-0.4792413659635112
2023-10-26,10,26,2023,2895.91,81.91,44.64,51.54,34.13,432.24,241.34,659.2,167.29,84.51,213.27,103.42,120.53,34.56,85.48,58.41,228.85,336.15,175.09,395.96,148.72,251.89,47.76,105.34,101.66,4203.889999999999,-0.45166458902383005
2023-02-06,2,6,2023,2575.33,68.06,50.2,68.67,33.09,402.14,358.48,821.17,134.82,110.14,227.18,94.47,133.52,27.15,82.39,48.64,229.65,333.68,162.21,427.46,175.85,286.89,52.13,114.68,109.94,4552.61,-0.7677773333902839
2023-03-07,3,7,2023,2975.24,94.38,50.19,57.76,45.95,421.66,268.96,806.8,149.83,83.0,207.99,96.69,153.7,32.45,111.08,55.46,163.2,273.29,182.47,424.03,179.2,280.98,56.73,104.21,116.77,4416.78,-0.4845121738078273
2023-08-29,8,29,2023,3013.73,76.36,57.42,64.52,43.12,467.75,312.62,851.52,154.44,98.77,167.28,99.59,140.54,30.2,105.25,45.03,181.46,272.55,183.12,402.16,138.78,348.7,58.14,102.64,93.94,4495.900000000001,-0.4918058352938055
2023-06-06,6,6,2023,2630.22,74.72,53.52,54.68,41.56,427.15,262.6,836.18,167.21,112.09,215.07,87.6,161.16,32.55,102.12,44.09,197.02,302.41,169.38,435.64,137.49,269.64,51.96,105.34,93.49,4434.67,-0.6860452737793798
2023-11-28,11,28,2023,3371.49,76.0,47.83,65.21,46.92,393.45,280.97,721.51,124.32,84.98,190.12,102.03,143.58,24.8,112.48,45.1,199.6,352.17,204.05,451.39,150.67,290.46,45.31,119.26,105.12,4377.330000000001,-0.2983369370812315
2023-09-08,9,8,2023,3114.33,79.24,47.74,50.87,34.9,377.81,336.16,657.44,170.83,91.09,203.88,90.74,167.03,35.11,107.47,44.1,231.3,307.99,160.79,374.02,157.46,273.26,48.6,89.22,104.73,4241.779999999999,-0.3620200813658151
2023-10-20,10,20,2023,3302.07,93.69,47.07,53.67,32.37,413.46,331.48,694.99,177.98,95.33,203.34,80.7,129.62,30.85,104.57,59.48,224.76,254.95,179.7,385.02,134.52,313.15,57.84,116.71,91.18,4306.429999999999,-0.30416072342500283
2023-01-02,1,2,2023,2686.52,73.87,51.59,62.39,38.19,354.14,252.04,666.24,162.75,97.7,219.13,95.38,156.9,28.56,101.65,45.43,230.54,298.98,223.17,403.83,139.32,299.88,52.31,113.53,104.26,4271.780000000001,-0.5900793591709723
2023-07-10,7,10,2023,2573.42,66.48,56.74,64.4,34.69,384.64,266.15,753.04,136.45,108.6,231.88,95.18,172.66,35.53,107.46,51.27,211.64,247.76,217.05,323.5,154.3,283.14,40.41,97.45,97.81,4238.2300000000005,-0.6469251035586886
2023-08-06,8,6,2023,2507.35,72.16,44.57,56.8,47.95,396.56,260.22,913.17,158.7,103.96,224.81,113.84,178.75,28.37,110.43,41.8,233.27,251.09,215.63,328.01,124.76,351.84,49.06,91.73,114.34,4511.820000000001,-0.7994376532993004
2023-05-23,5,23,2023,3445.21,69.95,48.19,52.0,33.07,459.49,314.51,823.23,166.99,114.87,229.34,109.64,137.29,29.64,96.93,43.36,161.37,355.36,208.21,332.33,166.37,272.29,55.66,101.36,111.16,4492.61,-0.304016300893124
2023-10-11,10,11,2023,3313.03,87.14,43.05,70.37,35.93,321.4,342.65,885.23,150.79,80.83,200.36,82.27,128.1,24.58,86.24,42.65,228.94,340.11,205.91,364.68,134.75,261.02,42.2,89.93,105.61,4354.74,-0.3144281820569085
2023-01-22,1,22,2023,2480.49,76.08,40.01,59.06,44.78,428.4,287.4,813.27,144.23,101.0,236.97,117.73,141.24,31.27,108.73,54.99,220.13,302.82,192.61,400.5,149.98,336.58,44.14,103.99,94.7,4530.610000000001,-0.8264979903164298
2023-06-02,6,2,2023,2538.64,92.93,47.65,55.19,32.38,397.96,330.04,708.98,166.5,110.01,196.0,103.62,165.53,25.68,111.75,47.93,171.39,348.06,232.29,360.47,143.95,325.55,47.43,88.19,85.22,4394.7,-0.7311237512999086
2023-01-27,1,27,2023,2694.44,68.66,52.8,50.43,37.98,376.09,349.13,923.85,172.33,83.12,183.52,112.84,153.1,24.49,119.25,56.94,165.42,279.77,184.83,401.07,120.66,252.16,54.89,102.46,82.4,4408.19,-0.6360319769599618
2023-09-18,9,18,2023,2662.43,80.67,40.48,57.68,44.78,393.65,314.61,731.18,123.05,100.68,169.86,97.54,149.25,33.16,81.45,55.59,218.29,307.96,165.38,474.9,175.98,285.35,53.21,97.59,108.9,4361.19,-0.6380486998719215
2023-05-17,5,17,2023,2572.74,88.39,43.93,62.8,36.41,355.24,245.28,643.88,127.98,96.74,175.49,111.98,172.99,29.12,102.73,59.81,176.85,358.92,173.07,325.99,163.63,334.44,44.38,116.61,86.62,4133.28,-0.6065673173348259
2023-12-11,12,11,2023,2992.18,66.56,49.19,69.59,41.87,476.71,342.07,945.81,135.49,102.34,231.13,112.58,139.84,31.98,101.07,53.36,226.83,310.77,214.61,448.99,166.7,269.44,56.3,97.35,90.89,4781.470000000001,-0.5979887573608544
2023-09-18,9,18,2023,2760.68,95.13,59.83,49.23,41.47,448.27,270.92,903.7,153.3,113.78,177.52,118.25,147.86,25.84,83.94,50.84,189.04,329.1,193.54,372.99,124.87,259.49,49.62,117.14,82.65,4458.32,-0.6149354506860628
2023-06-10,6,10,2023,3511.35,65.82,48.12,58.37,38.63,476.54,280.05,758.52,138.48,99.46,239.82,117.11,143.78,26.57,97.2,44.7,179.46,336.54,186.89,415.68,155.61,342.38,42.01,83.29,109.5,4484.53,-0.27715266208153555
2023-03-18,3,18,2023,3048.44,79.76,41.85,71.28,44.93,423.68,359.02,640.67,130.65,85.34,238.7,94.67,161.14,33.92,94.29,51.44,163.23,347.15,186.41,326.23,154.97,358.58,52.29,112.86,87.69,4340.749999999999,-0.42392502394667403
2023-03-29,3,29,2023,3476.47,90.37,49.81,54.42,36.66,453.9,248.6,836.08,128.32,98.49,228.19,86.3,166.56,30.18,99.86,44.48,182.7,287.21,187.09,346.05,148.36,294.3,59.03,92.26,106.14,4355.360000000001,-0.25281104108477875
2023-07-25,7,25,2023,2901.56,93.78,55.89,68.33,42.66,353.69,295.35,865.04,122.21,82.35,230.01,85.91,179.89,25.51,108.91,45.65,186.62,278.39,179.14,397.06,144.59,351.58,53.37,106.87,109.18,4461.98,-0.5377865699830435
2023-06-04,6,4,2023,3524.92,70.71,49.46,48.81,34.5,350.64,247.93,650.04,171.18,90.09,174.92,99.9,159.5,28.77,108.37,46.47,170.63,279.23,237.34,387.58,138.89,349.86,51.33,107.99,80.3,4134.44,-0.1729173995438193
2023-03-26,3,26,2023,3545.15,77.31,49.74,71.72,34.37,461.48,268.8,833.25,177.42,116.29,217.66,96.71,166.25,31.58,108.45,56.0,189.84,240.33,198.62,451.89,150.06,265.33,46.65,106.35,109.46,4525.5599999999995,-0.27654965234193174
2023-09-16,9,16,2023,2728.14,76.5,50.57,62.17,46.83,351.47,332.37,874.01,122.37,118.57,207.28,91.61,179.81,29.48,91.38,40.36,207.15,355.81,165.02,452.73,145.03,295.63,57.69,102.88,116.92,4573.64,-0.6764682164405055
2023-10-30,10,30,2023,2667.48,72.47,57.83,68.45,45.07,426.95,309.55,766.34,120.26,89.17,177.74,112.86,134.34,24.03,81.91,41.52,224.26,304.23,231.96,470.39,120.98,344.23,54.66,110.67,111.52,4501.39,-0.6875065604990479
2023-11-04,11,4,2023,3195.98,79.89,51.6,60.82,40.84,444.75,342.63,936.2,143.34,109.03,174.18,106.24,120.85,29.15,93.15,44.91,198.39,251.94,234.49,436.96,130.14,275.08,45.14,86.47,97.06,4533.250000000001,-0.41842251828860033
2023-03-25,3,25,2023,2833.72,88.48,45.78,71.95,43.06,422.24,249.15,689.78,127.29,117.48,236.29,82.64,166.22,33.1,90.8,43.58,221.19,280.5,200.04,453.63,152.08,301.29,49.62,104.57,111.42,4382.179999999999,-0.5464407210310122
2023-07-02,7,2,2023,3346.8,75.3,47.76,52.54,47.12,436.05,349.31,838.51,178.17,110.66,239.37,86.49,140.53,30.27,107.58,43.88,239.29,330.88,188.11,374.43,143.36,330.81,42.07,100.5,112.47,4645.46,-0.38803035735628055
2023-04-19,4,19,2023,2601.03,83.87,49.67,62.07,43.16,476.18,329.36,907.04,176.03,111.23,204.6,98.31,139.33,28.43,116.0,40.73,175.05,308.51,161.37,426.33,142.35,280.65,54.99,80.3,92.61,4588.169999999999,-0.7639819609923756
2023-08-26,8,26,2023,2502.27,90.98,51.89,61.47,33.86,341.72,299.32,958.76,163.55,93.63,210.0,81.3,170.11,27.8,92.48,56.44,183.48,343.04,164.39,368.03,177.84,256.43,45.17,95.18,86.12,4452.990000000001,-0.7795801412317619
2023-06-24,6,24,2023,3419.68,95.4,59.5,56.73,39.97,438.18,288.82,648.37,137.11,87.39,167.45,85.5,151.5,31.19,84.0,42.27,237.97,332.16,185.46,339.8,154.58,309.87,41.58,81.96,92.46,4189.219999999999,-0.22503275160248898
2023-10-09,10,9,2023,3305.81,93.22,41.59,65.11,46.96,459.25,305.53,930.02,159.47,84.02,192.29,117.23,138.71,34.54,83.72,46.67,219.29,256.43,167.55,471.15,120.24,346.97,40.85,112.38,96.24,4629.429999999999,-0.40039203704992105
2023-02-24,2,24,2023,2717.14,82.91,51.22,67.06,33.31,346.94,317.82,822.08,172.0,105.23,161.35,88.74,162.49,26.03,118.29,57.28,200.77,358.76,160.42,403.68,136.4,335.36,55.53,87.5,101.9,4453.069999999999,-0.6388813237448195
2023-01-31,1,31,2023,2915.67,83.62,47.77,67.8,36.68,341.79,356.85,771.69,154.7,90.77,209.31,115.58,162.41,27.06,104.21,40.03,169.17,310.89,219.74,430.61,154.6,337.73,51.6,118.69,89.95,4493.25,-0.5410694625935033
2023-12-31,12,31,2023,2448.25,95.94,54.9,65.55,42.95,341.27,266.18,947.01,154.47,106.07,217.38,113.2,120.83,25.28,88.25,42.89,217.95,334.27,229.5,372.02,144.67,319.14,53.61,97.74,88.06,4539.13,-0.8540304298989074
2023-11-22,11,22,2023,2575.1,76.45,43.76,63.98,47.15,358.84,298.67,727.65,122.94,80.12,197.09,82.46,173.34,24.72,98.35,45.78,193.07,345.76,171.26,364.69,145.57,241.65,55.71,101.18,103.46,4163.650000000001,-0.616888664517883
2023-06-28,6,28,2023,2763.83,71.18,44.02,68.73,45.43,474.16,272.36,793.71,146.29,85.34,222.48,105.81,143.07,35.84,102.07,52.84,171.58,272.12,189.67,360.77,125.93,343.44,50.33,92.41,96.15,4365.73,-0.5795942586917429
2023-02-02,2,2,2023,3080.59,92.31,44.82,54.79,44.96,441.24,320.21,817.91,156.82,111.96,202.39,87.32,149.82,30.34,85.96,40.39,221.48,332.36,193.58,374.61,148.86,262.48,54.65,108.84,96.99,4475.09,-0.45267302692016786
2023-12-23,12,23,2023,3365.51,82.76,52.58,64.08,47.37,410.43,282.83,761.57,157.48,115.61,185.98,114.31,141.41,33.11,101.3,49.86,194.47,307.49,215.18,336.51,173.76,267.76,57.33,88.2,96.49,4337.869999999999,-0.2889190642725764
2023-02-07,2,7,2023,2523.14,95.67,50.97,65.24,35.53,354.33,284.51,651.72,120.7,103.5,169.62,91.22,155.32,29.4,88.36,46.82,178.94,254.25,224.43,446.58,152.21,315.49,55.22,81.77,107.56,4159.360000000001,-0.6484856171278648
2023-10-05,10,5,2023,2600.45,88.23,54.57,70.23,39.83,478.76,335.49,923.99,126.01,100.15,178.35,103.03,120.01,32.36,117.39,55.07,204.5,259.72,219.11,476.91,154.3,320.08,43.85,112.89,89.37,4704.200000000001,-0.8089945970889658
2023-01-24,1,24,2023,3278.93,70.27,44.18,51.18,39.37,425.87,267.08,683.04,127.07,116.49,176.33,105.09,172.81,27.6,107.47,43.08,165.06,348.14,197.9,321.22,142.47,303.96,53.69,115.72,84.34,4189.429999999999,-0.2776820487171119
2023-03-22,3,22,2023,2654.14,68.92,42.17,53.5,45.0,362.58,302.43,817.6,160.63,118.0,234.56,115.96,175.03,35.81,115.46,43.15,239.78,303.94,205.38,472.58,145.49,313.31,55.89,91.17,90.41,4608.750000000001,-0.7364381682955689
2023-04-20,4,20,2023,3511.46,89.55,56.71,52.71,36.73,443.61,295.78,669.13,154.88,111.86,170.14,82.15,164.22,30.4,114.29,51.2,191.57,317.96,217.0,450.67,123.17,261.58,57.52,111.96,89.62,4344.41,-0.23720902416658593
2023-01-26,1,26,2023,3010.1,83.42,57.69,53.8,40.84,374.26,304.51,723.09,139.92,85.45,174.26,97.11,171.01,26.46,112.11,44.41,210.9,302.15,209.99,331.43,163.26,305.61,54.75,92.87,86.59,4245.890000000001,-0.41054782233148446
2023-05-22,5,22,2023,3591.3,74.81,40.66,48.28,32.44,426.38,242.9,899.07,121.82,92.9,220.6,112.32,155.15,24.99,87.62,59.06,167.86,334.04,203.12,379.45,167.25,329.82,52.1,108.77,119.54,4500.950000000001,-0.25329267953108914
2023-06-10,6,10,2023,2854.85,67.69,58.29,63.49,44.04,361.73,250.2,900.09,156.02,103.06,198.14,99.65,174.62,24.92,87.03,55.26,200.11,334.6,185.13,395.02,150.43,296.08,40.88,81.95,106.48,4434.91,-0.5534651557875195
2023-05-06,5,6,2023,2853.47,84.37,41.77,65.37,36.4,343.99,285.33,679.34,144.78,111.91,200.93,119.63,142.17,24.59,92.41,43.4,206.15,327.55,204.2,326.3,148.19,288.81,44.81,104.08,104.57,4171.05,-0.4617465752224486
2023-08-24,8,24,2023,3141.71,89.17,40.34,62.99,42.18,470.18,350.96,699.13,123.87,90.71,163.76,84.9,143.5,34.02,84.97,51.12,202.34,240.6,210.05,361.39,171.42,261.29,58.97,99.94,117.24,4255.039999999999,-0.3543707089451283
2023-09-22,9,22,2023,2632.63,86.98,43.75,63.55,38.4,358.76,320.76,685.28,144.0,107.12,218.08,100.87,158.71,32.0,92.3,45.95,161.66,345.53,220.52,340.88,163.33,341.4,48.62,84.16,118.43,4321.04,-0.6413396489442116
2023-05-09,5,9,2023,2498.6,91.95,56.44,55.0,47.72,382.38,282.56,880.09,165.46,114.65,163.39,96.13,133.74,32.11,93.6,53.66,183.51,355.11,232.91,323.72,125.08,285.27,48.22,91.19,91.62,4385.509999999999,-0.7551869046666131
2023-10-22,10,22,2023,3551.97,80.97,58.33,48.54,35.61,337.43,268.97,863.17,151.12,113.22,182.03,109.02,128.06,31.32,107.89,53.47,187.19,274.76,211.13,478.9,137.48,264.56,44.32,118.79,112.96,4399.24,-0.23853523537642493
2023-04-10,4,10,2023,3394.23,72.25,46.3,65.01,38.32,355.5,256.97,672.7,125.67,103.99,202.1,108.85,167.24,30.53,104.26,43.97,207.47,315.7,175.84,354.69,144.3,278.76,44.51,115.3,114.19,4144.42,-0.22101920023098023
2023-02-09,2,9,2023,3547.45,93.38,52.24,60.12,44.13,372.39,286.72,787.75,150.04,96.29,204.2,114.56,173.51,24.13,87.39,56.41,239.78,243.53,168.54,444.58,126.72,255.35,51.94,116.97,89.78,4340.45,-0.22354085328898224
2023-07-13,7,13,2023,2800.62,84.38,49.95,65.5,45.17,415.37,355.24,930.54,175.0,115.29,214.41,95.67,156.58,28.15,115.44,41.53,208.3,337.02,229.67,422.29,154.5,253.06,45.84,89.25,101.2,4729.35,-0.688679649506181
2023-06-25,6,25,2023,3405.68,82.77,55.13,57.77,34.73,435.67,352.99,834.1,150.35,82.94,196.1,93.41,145.1,25.11,117.35,53.91,228.58,275.27,201.57,385.16,164.83,339.55,52.61,111.12,93.5,4569.619999999999,-0.3417643466209389
2023-09-10,9,10,2023,3522.71,77.72,59.33,65.85,40.31,335.36,329.56,776.49,170.79,117.55,235.51,114.99,123.32,34.62,94.45,47.96,208.59,338.18,221.02,381.81,161.09,248.72,58.81,88.51,118.11,4448.650000000001,-0.2628487726778533
2023-04-22,4,22,2023,2704.83,74.9,41.04,58.32,40.8,389.8,253.05,840.44,149.12,110.52,211.53,85.7,132.65,30.29,90.55,54.99,163.23,269.05,231.71,320.79,151.67,293.69,43.88,91.94,99.08,4228.740000000001,-0.5634032453056202
2023-12-08,12,8,2023,3495.27,87.57,50.57,57.78,35.39,423.22,313.74,679.72,126.15,94.82,215.29,80.72,169.34,30.09,119.73,51.62,165.19,274.72,205.93,469.59,162.88,294.37,45.1,112.29,96.11,4361.93,-0.2479522325886127
2023-11-03,11,3,2023,3247.39,83.96,52.52,66.4,41.16,380.14,333.66,734.85,153.16,104.19,208.02,109.19,160.7,35.77,98.25,57.78,183.64,304.23,189.29,381.46,177.12,269.78,46.61,84.12,80.85,4336.85,-0.3354878841161673
2023-09-14,9,14,2023,3464.81,82.22,55.85,68.56,47.25,462.49,253.0,908.54,168.42,88.92,222.44,111.05,145.79,30.77,118.43,41.1,209.78,242.76,204.63,344.8,158.41,294.86,48.35,115.66,105.68,4529.76,-0.30736173123490185
2023-03-31,3,31,2023,3299.13,73.9,58.86,65.39,40.32,355.26,320.42,832.77,141.71,89.76,236.01,85.54,173.82,33.08,113.44,59.62,226.24,347.67,236.8,461.97,127.07,257.09,53.9,104.4,93.65,4588.69,-0.39087880744317427
2023-10-09,10,9,2023,3365.5,89.09,48.12,66.31,40.71,343.46,319.31,669.92,153.04,102.92,187.58,105.21,175.41,26.6,102.47,56.17,167.86,339.67,230.58,442.64,168.43,277.64,46.74,116.95,84.81,4361.639999999999,-0.29598573763185243
2023-04-09,4,9,2023,3332.66,76.76,42.98,62.1,44.37,455.96,272.63,927.68,171.28,113.3,173.14,110.09,120.06,32.01,100.56,52.01,232.59,286.71,239.88,338.69,178.78,286.46,44.04,83.25,87.73,4533.06,-0.3601927589373055
2023-11-10,11,10,2023,2801.81,95.02,57.09,49.15,33.06,404.45,313.45,729.36,137.58,104.26,228.63,92.86,147.19,33.28,114.52,50.44,229.75,353.93,211.37,420.32,123.02,284.2,52.75,90.8,115.83,4472.31,-0.5962217280971945
2023-08-14,8,14,2023,2931.23,73.01,43.25,65.14,39.18,342.36,288.39,916.17,160.28,103.85,187.56,102.22,125.52,34.47,109.0,56.52,233.83,350.77,238.56,410.47,175.95,248.02,55.55,80.91,117.46,4558.44,-0.5551287343538377
2023-12-12,12,12,2023,3040.24,66.15,43.91,52.86,35.71,469.96,354.5,740.54,162.9,86.85,187.58,118.44,126.52,30.54,83.17,40.21,227.96,347.89,173.14,336.27,156.18,240.06,42.25,110.01,89.52,4323.120000000001,-0.421966686840513
2023-09-20,9,20,2023,3575.45,74.17,49.35,61.11,47.62,380.16,262.85,783.2,173.48,101.81,184.57,103.7,163.56,26.02,103.15,40.96,229.13,275.28,163.44,450.79,145.87,274.17,41.06,98.07,107.28,4340.799999999999,-0.2140569718496971
2023-02-22,2,22,2023,2878.03,81.09,58.55,69.72,43.85,399.95,301.61,932.85,124.51,113.36,211.12,115.13,173.66,31.07,113.09,42.05,175.47,302.33,237.89,347.46,152.77,328.15,49.83,109.25,104.26,4619.0199999999995,-0.6049242016240273
2023-04-30,4,30,2023,3309.45,91.73,44.63,67.74,35.89,338.4,301.84,813.92,179.75,96.34,187.08,102.9,146.98,32.87,99.71,54.06,203.57,316.4,192.22,468.34,127.14,297.4,41.22,114.44,99.86,4454.429999999999,-0.3459728957983954
2023-07-27,7,27,2023,3021.93,89.84,57.2,48.37,44.23,380.18,257.24,850.85,130.26,88.96,187.94,106.96,125.17,28.72,114.94,47.32,222.18,304.69,195.78,336.78,135.89,308.33,54.65,100.91,110.8,4328.1900000000005,-0.43226017809810313
2023-03-31,3,31,2023,2487.3,82.26,46.55,57.55,39.31,415.07,244.73,829.0,166.35,90.74,194.4,104.36,137.33,30.56,80.65,43.17,231.37,244.53,186.47,325.43,156.31,327.56,53.25,101.69,119.0,4307.639999999999,-0.7318538173923528
2023-11-03,11,3,2023,3260.1,72.02,59.38,63.56,36.77,416.9,341.54,835.11,153.21,82.64,166.72,93.87,157.56,30.09,118.5,55.02,162.86,318.58,167.33,467.78,134.12,305.28,48.95,99.1,101.57,4488.459999999999,-0.3767859881598722
2023-12-03,12,3,2023,2624.11,93.88,49.04,57.13,33.25,418.24,326.33,852.38,147.68,104.42,199.4,101.68,171.42,30.9,97.46,49.94,227.64,340.45,170.36,402.58,131.77,359.3,40.76,105.73,92.73,4604.469999999999,-0.7546787291691275
2023-09-26,9,26,2023,2400.79,84.59,53.65,67.02,37.9,431.28,345.96,852.34,172.07,110.22,191.21,109.11,139.91,29.48,81.53,53.46,173.43,347.97,174.07,439.44,171.15,272.2,43.65,100.94,98.43,4581.01,-0.9081260751669243
2023-07-21,7,21,2023,2635.33,75.3,56.3,55.06,42.21,421.43,255.97,810.46,154.56,90.77,191.31,114.65,171.98,26.33,118.42,58.48,234.76,280.82,173.15,332.74,160.83,279.35,50.66,93.52,119.58,4368.64,-0.6577202855050412
2023-09-05,9,5,2023,2613.48,94.24,47.78,71.25,34.75,471.37,266.6,862.27,140.6,104.32,214.91,84.09,171.63,35.27,84.25,54.21,189.54,243.08,211.67,403.03,177.38,353.95,51.17,80.63,92.82,4540.8099999999995,-0.737457336578049
2023-09-07,9,7,2023,3327.6,73.19,45.23,48.18,36.91,419.71,345.33,926.04,169.46,82.98,226.59,116.56,155.94,25.98,87.97,56.66,186.69,268.32,223.48,333.76,141.85,287.34,41.76,91.75,84.3,4475.98,-0.34510758504627953
2023-06-17,6,17,2023,2642.76,70.93,43.47,62.87,35.43,387.12,327.34,944.2,125.84,111.95,195.79,92.69,120.96,31.45,118.11,42.99,229.14,336.29,182.68,443.16,125.23,333.16,43.55,95.32,101.17,4600.839999999999,-0.7409223690384291
2023-03-04,3,4,2023,3235.29,80.76,51.23,62.52,45.36,441.24,240.81,755.52,134.1,100.57,204.62,110.68,144.13,34.68,117.41,51.15,233.03,333.1,193.29,472.89,171.84,310.03,48.31,110.17,101.56,4549.000000000001,-0.40605633498079025
2023-05-24,5,24,2023,2758.38,69.36,49.85,56.11,37.4,438.53,320.32,813.23,140.37,103.53,237.16,111.86,139.04,32.55,104.55,43.56,170.31,354.96,232.84,474.82,168.75,291.37,46.65,85.45,114.04,4636.61,-0.6809177850767477
2023-01-21,1,21,2023,2451.45,89.65,47.45,53.51,42.36,357.13,355.02,681.96,172.64,115.32,226.17,111.97,172.11,24.83,80.22,46.8,162.7,264.49,210.64,408.89,130.93,252.04,46.07,114.04,100.99,4267.9299999999985,-0.7409818678741148
2023-07-16,7,16,2023,2862.99,83.84,54.33,51.46,47.41,430.46,352.4,775.38,173.93,111.55,217.55,91.71,144.8,32.96,85.19,56.92,238.78,324.44,233.54,366.07,176.98,248.35,44.37,112.54,108.3,4563.260000000001,-0.5938791263678886
2023-02-24,2,24,2023,3284.46,70.09,41.26,52.8,34.29,454.59,240.85,737.56,125.56,95.09,160.65,83.59,134.68,27.15,86.41,54.35,197.05,242.91,173.2,395.47,151.12,250.45,49.12,111.48,115.99,4085.7099999999987,-0.24395182160842227
2023-09-03,9,3,2023,2957.11,72.33,59.47,61.49,36.25,341.71,258.57,822.79,121.96,85.7,167.22,112.67,171.29,32.9,95.3,53.15,179.29,252.27,164.25,459.04,163.1,355.24,52.91,87.02,98.29,4304.21,-0.45554612442553705
2023-04-21,4,21,2023,2637.99,89.19,54.57,70.22,42.49,474.66,354.8,936.35,139.55,86.9,206.13,102.67,156.89,32.89,115.26,59.11,218.62,335.93,212.58,413.63,158.42,268.35,51.01,89.46,86.66,4756.340000000001,-0.8030166907380246
2023-12-01,12,1,2023,2836.43,94.85,55.79,68.54,40.64,371.23,352.76,725.37,127.33,108.99,197.04,109.75,149.59,25.94,95.72,44.94,161.56,279.91,229.23,412.42,177.18,299.77,54.31,84.66,115.73,4383.249999999999,-0.5453404455600876
2023-11-06,11,6,2023,3389.84,91.54,48.78,52.48,34.79,331.18,246.65,718.88,174.06,98.74,202.16,99.91,126.75,29.88,115.82,46.54,206.37,307.0,233.2,358.88,128.95,337.48,55.05,83.94,111.73,4240.759999999999,-0.2510206971420477
2023-07-23,7,23,2023,3275.04,87.24,41.09,52.52,32.6,327.11,331.32,796.46,168.65,107.44,197.25,100.14,171.82,29.26,107.34,53.87,217.76,345.42,213.39,377.18,134.21,304.2,58.49,111.95,116.9,4483.61,-0.3690245004641164
2023-01-21,1,21,2023,2642.39,72.9,46.04,70.14,42.33,450.35,342.62,823.63,126.57,82.66,226.81,86.52,132.6,32.74,115.94,57.35,161.83,257.91,206.18,444.68,163.79,310.43,46.96,80.96,92.11,4474.049999999999,-0.6931830653310069
2023-09-02,9,2,2023,2732.62,91.77,50.23,49.36,45.17,465.86,309.19,957.5,124.96,107.47,199.99,104.35,126.91,28.77,105.33,54.64,169.24,258.89,229.34,467.84,177.61,289.21,55.05,85.59,84.61,4638.88,-0.6975942502067614
2023-12-11,12,11,2023,2507.08,67.61,48.05,51.11,34.89,339.35,326.6,782.88,163.38,106.47,234.04,110.4,175.94,26.38,104.92,54.59,162.96,308.63,194.52,373.97,152.17,319.24,49.11,115.07,112.45,4414.73,-0.7609051167094786
2023-09-24,9,24,2023,2524.36,88.46,45.64,50.41,36.55,446.37,321.97,840.11,128.44,93.49,160.7,106.6,178.92,25.8,91.47,42.58,227.2,310.97,216.05,378.68,178.06,326.59,56.79,82.64,109.68,4544.17,-0.8001275570837756
2023-12-02,12,2,2023,2401.48,93.78,54.31,61.65,37.52,444.68,310.02,903.52,166.58,89.15,196.3,85.68,131.45,35.22,101.99,50.79,190.99,331.51,170.43,455.41,135.56,248.99,54.85,86.25,85.63,4522.259999999999,-0.8831137465229772
2023-09-04,9,4,2023,3516.22,77.52,47.24,51.89,35.69,399.18,247.24,831.7,123.69,108.75,237.12,97.25,171.72,24.27,89.13,42.53,182.51,318.01,232.09,374.78,135.66,343.69,56.56,107.38,105.68,4441.280000000001,-0.26308365233119685
2023-04-24,4,24,2023,3241.44,91.73,40.65,49.41,32.27,378.11,348.61,946.11,153.87,110.74,196.12,96.93,167.21,31.47,94.84,51.8,222.27,281.76,182.8,454.96,176.75,270.15,56.83,85.47,112.4,4633.259999999999,-0.4293832370798161
2023-08-25,8,25,2023,2921.02,67.54,51.1,66.46,44.76,402.27,244.65,648.53,174.69,111.7,204.31,84.02,143.92,33.16,83.6,43.24,201.3,305.32,201.35,449.97,160.21,293.73,42.96,81.22,108.79,4248.8,-0.45456039328727643
2023-06-25,6,25,2023,3245.16,78.83,43.91,49.02,39.25,359.44,295.43,713.34,124.78,81.91,229.62,94.44,151.84,27.31,92.01,56.02,174.0,324.49,161.98,410.42,130.9,303.8,50.56,94.21,97.04,4184.550000000001,-0.28947417076507825
2023-08-08,8,8,2023,3115.39,79.88,44.09,61.47,37.34,479.96,336.44,888.64,156.42,86.26,224.79,117.55,175.32,34.06,115.59,48.74,171.91,282.39,165.13,358.49,128.29,342.45,40.38,82.3,90.64,4548.530000000001,-0.4600194518182317
2023-08-01,8,1,2023,2910.68,73.94,46.61,62.14,44.08,447.22,246.07,828.32,159.99,84.97,180.19,80.79,159.31,31.03,101.76,58.83,165.44,325.79,220.58,457.27,157.86,272.35,40.06,89.97,119.9,4454.470000000001,-0.5303880880069267
2023-02-03,2,3,2023,2780.0,69.51,45.11,62.61,32.61,414.34,317.59,831.34,149.81,116.5,222.67,101.17,149.57,26.68,82.6,49.26,195.12,254.43,193.17,416.48,164.99,252.25,58.16,118.22,85.94,4410.13,-0.5863776978417267
2023-09-06,9,6,2023,2743.99,65.57,49.6,54.39,35.73,347.87,278.68,698.56,164.22,118.68,213.58,103.8,154.97,34.94,119.83,48.92,161.17,325.38,232.89,346.42,145.85,358.57,53.21,81.05,98.69,4292.57,-0.5643533686347254
2023-09-21,9,21,2023,2952.89,92.93,56.89,50.54,38.57,454.56,319.29,850.96,157.85,106.42,180.76,113.98,174.12,30.55,118.93,41.67,189.55,324.22,209.22,402.07,150.27,359.17,51.69,116.03,115.9,4706.1399999999985,-0.5937403696040147
2023-02-12,2,12,2023,3571.21,94.8,54.62,60.9,42.02,474.33,351.34,802.63,168.92,114.06,237.64,117.12,173.65,27.65,85.53,55.16,196.1,345.62,188.48,402.1,175.63,308.53,48.81,100.27,97.51,4723.42,-0.3226385454789833
2023-01-06,1,6,2023,3046.92,65.97,40.51,60.96,38.7,371.23,319.99,905.22,130.79,87.56,205.07,91.98,144.19,33.18,106.72,58.68,200.87,299.96,225.37,363.27,129.92,320.45,51.19,100.19,98.53,4450.499999999998,-0.46065535032097926
2023-07-20,7,20,2023,3094.32,95.97,58.6,59.45,42.17,362.74,310.66,713.39,127.07,116.19,167.07,103.24,126.75,29.13,99.77,51.04,179.85,298.5,213.94,449.36,153.19,266.9,54.46,94.16,111.16,4284.76,-0.38471780552754725
2023-08-24,8,24,2023,3097.24,91.49,53.17,63.39,34.91,422.4,346.17,936.39,162.12,91.32,208.79,95.35,134.92,27.18,104.47,40.51,196.24,277.49,165.18,321.86,153.65,252.27,42.85,119.25,94.22,4435.59,-0.4321105242086504
2023-05-05,5,5,2023,3390.62,77.01,50.85,51.0,40.04,411.82,334.72,711.04,152.08,101.31,200.14,104.56,172.82,25.65,90.34,49.59,239.25,330.35,195.61,412.12,145.49,314.79,41.27,92.0,88.58,4432.43,-0.30726238858969757
2023-02-27,2,27,2023,3103.8,88.21,54.5,56.59,44.09,415.95,337.78,959.55,172.39,108.59,168.64,88.53,163.18,34.73,93.67,59.62,163.5,270.54,204.5,335.1,139.95,339.61,40.44,86.62,116.26,4542.539999999999,-0.46354146530059886
2023-05-23,5,23,2023,3300.57,79.86,45.24,62.79,38.86,424.05,344.77,863.04,136.42,111.51,193.31,113.81,148.2,32.88,115.86,58.63,165.23,301.89,216.02,415.13,154.39,305.59,40.84,101.64,116.3,4586.26,-0.38953574685584613
2023-01-02,1,2,2023,3439.56,78.78,51.02,50.33,33.27,363.34,302.04,958.49,167.24,113.59,209.8,116.76,157.6,35.37,101.84,52.33,203.07,336.57,179.92,476.04,143.75,314.23,48.81,117.21,95.25,4706.6500000000015,-0.368387235576644
2023-06-09,6,9,2023,3226.43,91.74,46.55,62.12,47.66,448.57,245.92,679.72,128.09,103.96,174.45,113.79,166.86,35.94,89.86,58.57,231.13,245.34,169.07,395.92,145.35,327.38,44.54,103.84,110.11,4266.4800000000005,-0.32235318912854166
2023-10-12,10,12,2023,3369.0,70.63,46.29,57.86,43.35,340.12,301.76,723.17,142.34,82.23,198.84,81.97,155.65,31.82,92.05,42.72,202.43,309.64,174.31,366.93,142.58,285.01,57.3,111.42,109.62,4170.039999999999,-0.23776788364499823
2023-10-13,10,13,2023,3136.07,77.8,48.21,55.84,38.97,345.89,338.42,938.05,138.88,114.61,199.2,97.72,152.25,24.35,98.02,59.06,221.44,355.77,175.38,401.03,156.52,291.02,44.85,111.29,90.32,4574.889999999999,-0.45879715695121576
2023-07-27,7,27,2023,3451.06,89.06,57.09,52.42,38.7,432.1,246.5,766.88,140.04,104.33,178.31,82.15,161.69,32.1,86.41,43.73,173.99,275.29,237.06,447.71,145.69,345.76,53.88,98.96,96.05,4385.900000000001,-0.2708848875417989
2023-06-11,6,11,2023,3135.93,76.48,42.07,52.25,43.35,335.99,284.7,951.17,150.2,118.26,202.67,100.68,143.29,24.72,110.42,59.59,161.2,296.95,201.3,383.37,162.66,359.0,42.56,114.98,86.92,4504.78,-0.436505279135695
2023-11-01,11,1,2023,3458.97,75.47,58.61,69.53,46.9,363.71,256.19,869.85,167.55,114.11,211.09,97.0,128.84,25.33,86.58,44.08,180.1,328.25,230.76,374.74,145.81,323.57,54.59,114.66,101.29,4468.61,-0.29189036042521327
2023-08-25,8,25,2023,3064.93,95.16,52.71,56.84,36.24,402.25,277.17,679.49,153.45,110.05,200.28,115.15,141.72,33.03,118.0,40.94,214.07,291.51,184.44,378.79,159.13,280.62,42.91,87.87,115.2,4267.02,-0.3922079786487785
2023-02-27,2,27,2023,2567.93,70.19,58.69,71.63,36.57,405.96,331.84,873.91,149.48,117.6,218.68,119.33,147.05,34.81,95.93,44.13,213.16,317.41,214.28,346.62,130.18,263.0,56.65,101.56,107.4,4526.059999999999,-0.7625324677853363
2023-02-07,2,7,2023,3477.29,75.32,40.25,61.03,44.82,330.76,334.08,947.94,169.6,90.2,217.18,87.77,143.2,35.93,119.15,46.5,203.63,339.57,181.34,463.01,139.86,267.54,46.11,81.43,116.83,4583.05,-0.3179947602874653
2023-12-25,12,25,2023,3345.41,87.69,50.29,65.16,38.34,395.87,274.39,929.6,170.55,93.81,173.78,90.16,175.01,35.47,90.47,48.55,226.07,265.23,202.81,377.86,123.96,312.33,44.35,108.18,102.1,4482.030000000002,-0.3397550673908435
2023-01-08,1,8,2023,3170.14,84.83,58.21,65.42,37.13,422.98,254.8,811.72,177.62,100.5,180.44,101.55,143.16,31.47,103.17,59.76,202.22,333.17,230.78,442.29,155.93,276.73,59.71,99.25,108.12,4540.96,-0.43241623398335727
2023-09-03,9,3,2023,2525.58,90.87,53.62,54.09,35.72,449.64,343.42,955.68,152.43,118.54,216.84,87.0,127.93,26.44,102.27,44.53,195.96,302.58,179.06,446.78,129.06,253.53,52.92,101.99,81.2,4602.099999999999,-0.8221952977137923
2023-03-22,3,22,2023,3532.44,82.13,59.67,60.41,40.23,327.9,309.37,935.72,130.07,84.85,225.3,80.6,133.8,34.67,80.65,53.83,190.88,292.08,169.17,465.61,150.48,315.77,53.43,102.32,112.08,4491.02,-0.27136483563768965
2023-09-04,9,4,2023,3257.84,67.89,50.95,67.63,35.03,381.39,251.15,659.75,163.47,115.91,183.15,92.77,134.64,35.32,103.59,55.1,222.89,273.16,222.64,442.63,153.02,256.59,46.3,96.35,119.3,4230.620000000001,-0.29859661616285654
2023-06-11,6,11,2023,3398.47,89.28,40.7,52.77,44.37,322.7,340.24,769.37,130.94,94.8,225.25,117.74,177.15,31.06,97.5,41.49,161.56,322.68,194.87,475.59,160.11,290.65,41.84,80.52,105.89,4409.070000000001,-0.2973691102172451
2023-07-09,7,9,2023,2758.91,66.77,41.81,68.18,47.89,355.97,273.86,898.48,152.5,84.02,209.13,116.9,155.49,33.27,98.78,50.46,161.2,332.76,220.82,388.78,152.89,275.3,42.82,101.37,102.7,4432.15,-0.6064858947917837
2023-11-15,11,15,2023,2886.31,76.43,49.18,48.37,35.75,389.35,306.65,927.27,153.95,98.9,239.6,106.42,149.12,31.37,94.56,47.42,207.31,261.67,196.28,332.41,147.27,285.25,53.86,89.47,80.89,4408.75,-0.5274693293513171
2023-02-14,2,14,2023,2559.24,92.2,55.28,56.6,45.59,420.97,309.28,905.93,131.21,80.59,238.22,102.13,120.35,35.32,115.89,47.37,171.14,248.74,196.88,373.7,138.86,354.88,49.21,98.28,108.24,4496.859999999999,-0.7571075788124596
2023-12-10,12,10,2023,3297.54,79.62,47.7,52.44,33.19,406.69,335.67,846.39,128.68,83.68,217.02,96.11,128.27,27.2,86.51,52.06,198.2,301.47,165.96,328.54,162.43,359.48,57.68,108.84,94.66,4398.49,-0.3338700971026886
2023-03-09,3,9,2023,2526.28,81.71,53.62,56.95,45.34,327.26,292.21,801.86,120.17,103.12,170.11,114.79,149.82,24.0,102.98,58.76,163.98,315.85,177.56,432.66,140.53,273.01,41.06,86.87,113.09,4247.31,-0.6812506927181469
2023-05-23,5,23,2023,3417.14,79.04,43.55,51.91,40.96,372.5,326.53,892.02,120.3,83.56,201.61,117.81,169.01,26.19,107.55,54.34,179.23,256.35,193.57,382.32,176.04,350.9,55.9,94.93,99.26,4475.380000000001,-0.30968587766377764
2023-01-31,1,31,2023,3343.56,94.18,52.83,66.07,32.94,338.59,284.62,640.33,130.68,98.55,224.58,119.24,159.42,27.78,97.1,54.95,163.49,283.53,235.76,457.95,146.44,338.5,42.72,81.75,98.5,4270.499999999999,-0.27723145389943626
2023-08-09,8,9,2023,3112.38,85.78,40.09,59.61,46.5,452.8,318.44,920.72,154.44,92.49,216.91,107.97,133.62,31.75,111.9,50.44,193.06,306.64,177.07,457.19,140.68,311.42,45.58,98.89,84.62,4638.61,-0.4903739260630127
2023-02-15,2,15,2023,3551.2,89.38,50.29,51.39,39.59,448.76,337.31,666.45,174.1,109.01,165.66,90.31,122.72,28.22,102.46,52.22,177.74,261.98,197.46,367.48,178.25,334.04,54.57,97.51,100.96,4297.86,-0.2102556882180671
2023-05-04,5,4,2023,2804.87,93.39,48.41,49.45,45.79,476.64,292.25,878.51,146.87,103.53,177.52,108.71,135.08,27.59,101.68,43.9,184.29,261.23,224.02,381.22,178.88,348.93,59.38,91.92,116.6,4575.790000000001,-0.6313732900277021
2023-10-04,10,4,2023,2456.92,74.69,48.91,58.66,36.43,328.02,283.21,838.36,141.15,94.57,191.77,88.24,130.97,33.9,103.76,50.82,186.66,331.88,168.57,398.94,161.99,327.67,53.32,104.0,115.58,4352.070000000001,-0.7713519365709915
2023-02-21,2,21,2023,3541.25,95.9,49.25,60.18,38.21,416.16,322.4,685.54,168.33,108.17,195.61,95.56,161.2,26.13,105.35,48.12,209.68,350.33,185.21,467.19,136.08,352.86,53.65,119.93,115.72,4566.759999999999,-0.289589834098129
2023-12-08,12,8,2023,2562.28,78.01,46.27,67.05,41.05,459.51,247.14,690.53,145.06,112.5,233.52,83.16,126.66,26.58,108.78,43.66,230.28,355.99,212.37,429.82,135.58,316.05,52.35,81.28,91.3,4414.5,-0.7228796228359117
2023-09-10,9,10,2023,2519.87,78.17,43.83,51.1,41.52,327.92,282.46,877.81,160.44,105.76,233.08,106.66,169.75,24.58,119.3,45.76,214.2,265.95,184.32,435.42,132.2,347.67,42.37,91.1,85.04,4466.41,-0.7724763579073524
2023-01-17,1,17,2023,3453.94,77.71,50.13,64.77,44.17,330.31,305.13,840.6,174.59,118.22,239.24,93.47,156.92,34.7,118.39,47.18,220.8,269.24,189.9,410.73,128.79,283.36,41.41,82.37,118.55,4440.679999999999,-0.2856853332715679
2023-10-19,10,19,2023,3528.68,64.42,40.38,61.71,47.09,465.41,305.7,663.58,143.21,97.57,181.02,111.13,173.73,35.95,100.04,53.89,170.02,346.77,177.42,351.02,170.9,276.81,53.98,119.46,114.48,4325.69,-0.22586632961900763
2023-01-11,1,11,2023,2403.33,79.7,47.54,68.35,34.51,372.49,266.16,842.52,169.71,82.92,177.0,95.18,135.31,34.79,87.35,42.12,202.98,262.05,164.89,349.88,176.82,324.29,42.99,111.57,92.31,4263.43,-0.773967786363088
2023-02-18,2,18,2023,2483.69,87.59,40.64,48.96,46.32,387.48,321.21,753.97,120.34,110.57,203.28,116.54,150.63,26.92,86.06,58.06,167.07,287.11,177.6,341.77,175.65,273.79,53.57,118.31,116.94,4270.38,-0.7193691644287331
2023-08-22,8,22,2023,2800.9,92.05,51.25,66.96,40.69,371.72,307.87,699.54,130.26,109.48,221.69,92.47,143.71,26.77,113.73,48.38,224.33,261.5,160.68,431.07,147.45,282.45,43.73,90.23,119.33,4277.339999999999,-0.527130565175479
2023-01-13,1,13,2023,3233.88,68.03,58.15,50.75,44.82,454.7,267.08,880.62,120.37,87.56,216.03,86.73,158.82,31.3,106.41,41.35,232.55,302.93,169.96,411.66,149.33,240.51,47.32,83.78,84.26,4395.0199999999995,-0.35905475775229734
2023-02-27,2,27,2023,3003.76,70.77,47.43,61.21,33.3,414.17,277.55,879.88,161.42,98.82,216.32,83.77,153.36,24.53,82.01,59.85,187.17,268.36,202.8,449.33,156.23,265.91,50.95,95.02,117.7,4457.860000000001,-0.4840932697685568
2023-09-18,9,18,2023,3490.34,79.35,43.45,60.22,37.31,461.13,343.95,850.35,179.73,85.52,217.79,99.07,120.07,26.13,88.55,45.89,170.2,351.19,238.35,341.64,176.73,247.1,41.77,91.15,119.5,4516.14,-0.2938968696459371
2023-12-02,12,2,2023,2653.71,68.21,54.99,60.6,33.76,387.43,354.42,755.17,156.15,87.85,160.82,85.06,157.64,24.16,81.44,44.16,164.06,352.45,215.67,355.04,127.87,326.03,49.96,114.02,85.09,4302.05,-0.6211454906527089
2023-02-22,2,22,2023,2692.44,86.97,40.83,66.64,34.09,334.97,280.26,655.05,135.21,87.88,214.57,113.0,140.67,33.52,89.23,56.56,196.55,282.7,232.25,335.35,152.24,255.84,41.42,80.92,86.48,4033.2000000000003,-0.49797209965681694
2023-11-03,11,3,2023,2507.59,85.84,56.26,71.48,33.18,367.77,343.82,653.08,176.69,103.28,236.46,88.73,176.65,24.35,89.92,59.31,203.3,273.11,209.61,382.7,129.05,249.74,57.37,117.56,96.79,4286.05,-0.7092307753659889
2023-01-08,1,8,2023,3001.3,75.74,51.14,56.85,45.46,454.63,348.89,787.36,165.19,115.64,190.65,108.02,175.79,25.01,100.49,47.87,188.93,276.38,182.96,442.09,135.28,318.72,48.82,97.26,119.19,4558.36,-0.5187951887515408
2023-12-17,12,17,2023,2767.4,88.65,54.35,61.62,37.5,368.37,312.54,693.53,131.39,113.86,190.83,97.35,170.04,25.06,118.75,45.11,222.87,319.86,233.57,438.22,176.45,306.58,46.41,106.94,84.06,4443.91,-0.6058068945580688
2023-09-21,9,21,2023,3420.18,84.36,59.1,60.81,39.89,477.81,354.04,837.66,164.39,117.21,171.8,89.6,138.67,33.85,83.39,52.02,214.62,271.64,176.08,374.21,134.37,256.08,59.31,119.57,117.89,4488.37,-0.31231981942470866
2023-04-06,4,6,2023,3466.76,85.33,47.29,53.66,35.93,471.88,353.92,651.12,161.37,83.1,216.51,94.63,160.11,29.99,81.12,59.6,181.37,343.63,222.27,382.46,161.39,321.02,49.99,111.84,96.06,4455.589999999999,-0.2852317437607446
2023-12-31,12,31,2023,3473.9,89.52,45.37,66.53,46.42,421.72,353.64,755.36,134.4,94.83,197.78,114.29,143.58,35.17,103.79,50.06,236.98,247.63,176.69,364.86,124.74,281.19,47.4,101.42,116.33,4349.7,-0.2521085811335962
2023-10-21,10,21,2023,2798.45,90.84,52.37,70.56,40.13,450.36,262.24,767.71,128.56,111.46,189.7,95.25,138.13,29.36,84.51,58.45,161.08,344.41,182.09,358.34,166.62,310.62,42.37,87.26,84.9,4307.32,-0.5391806178420196
2023-05-27,5,27,2023,2463.17,85.37,45.3,61.07,35.13,446.82,258.89,772.95,126.98,111.07,230.89,88.54,168.58,29.43,96.51,53.16,196.63,252.51,232.6,464.59,121.8,317.47,54.62,99.83,101.23,4451.969999999999,-0.8074148353544414
2023-07-02,7,2,2023,3503.7,68.55,42.4,56.84,40.78,334.78,351.9,729.87,129.39,94.51,237.56,91.17,173.78,29.2,116.23,55.95,180.78,341.3,212.04,428.59,122.92,299.67,52.86,86.54,105.92,4383.53,-0.25111453606187745
2023-12-13,12,13,2023,2430.38,80.93,55.93,69.01,45.13,355.61,293.37,784.95,154.64,96.01,185.91,87.53,148.08,25.34,116.44,52.91,163.73,331.58,216.02,450.45,168.82,351.89,41.26,117.1,94.7,4487.340000000001,-0.8463532451715373
2023-11-29,11,29,2023,3022.97,95.49,40.73,70.1,39.74,429.19,327.54,661.03,131.18,98.52,227.73,87.79,145.53,31.25,89.07,51.47,223.34,332.31,177.41,383.68,168.37,323.3,49.89,86.58,81.4,4352.639999999999,-0.4398555063397916
2023-03-04,3,4,2023,2637.74,83.92,47.02,51.7,44.41,348.16,326.5,832.3,131.19,109.05,228.48,111.36,140.64,32.63,118.65,47.04,231.46,319.11,177.06,357.54,130.14,316.79,55.42,97.71,107.97,4446.250000000001,-0.6856286063069147
2023-04-08,4,8,2023,3472.35,83.31,43.49,54.9,45.65,430.59,339.4,890.15,133.32,94.16,170.34,96.93,125.23,28.2,81.39,47.94,232.59,306.15,196.73,401.83,143.35,299.74,59.19,110.58,112.28,4527.439999999999,-0.3038547381456359
2023-04-13,4,13,2023,2857.36,67.16,49.83,51.74,33.6,423.17,354.26,953.75,133.34,118.51,214.22,105.28,130.97,25.08,114.36,53.32,227.35,292.17,216.6,361.94,171.57,333.52,49.57,92.97,110.15,4684.429999999999,-0.6394259036313237
2023-03-09,3,9,2023,2574.18,95.35,59.28,71.57,47.72,342.66,259.37,867.86,121.01,84.25,208.59,90.15,129.24,30.72,106.81,54.81,172.34,337.88,239.26,421.01,131.05,328.11,47.07,82.29,87.32,4415.719999999999,-0.71538897823773
2023-11-13,11,13,2023,3591.48,74.8,47.43,49.18,38.23,453.3,316.25,871.06,171.87,89.79,228.41,84.59,123.33,28.76,111.72,45.52,226.21,240.76,213.52,356.66,153.53,276.59,42.44,102.47,85.94,4432.36,-0.2341318899172485
2023-12-04,12,4,2023,2486.08,88.79,43.49,63.87,40.14,365.89,287.92,822.69,163.21,106.27,190.89,92.55,136.61,29.71,94.46,45.03,165.82,260.91,210.1,330.77,125.19,357.28,45.35,83.1,110.66,4260.700000000001,-0.7138225640365559
2023-12-11,12,11,2023,2810.67,77.7,40.34,70.4,33.46,435.34,311.09,707.69,139.26,101.88,188.62,87.39,148.63,24.01,85.48,45.07,194.77,259.0,161.19,419.64,159.12,251.53,54.58,83.59,92.3,4172.08,-0.48437205363845626
2023-04-14,4,14,2023,3085.89,88.06,48.6,70.72,38.46,405.12,317.67,769.91,153.98,100.93,177.25,86.6,149.43,29.81,83.2,52.04,221.64,255.82,212.16,427.99,121.7,355.1,53.91,118.55,101.39,4440.04,-0.43881991905090595
2023-09-01,9,1,2023,3178.5,77.45,44.74,63.3,35.33,420.95,308.6,933.07,161.58,88.12,208.21,105.2,142.93,27.71,81.24,50.25,218.01,309.39,186.79,357.31,128.68,259.02,51.72,94.08,80.94,4434.619999999999,-0.3951927009595718
2023-06-28,6,28,2023,2983.55,76.1,59.86,61.51,39.3,467.47,297.59,867.51,120.07,96.83,204.9,95.83,138.55,31.98,97.41,48.02,205.79,311.17,233.87,461.57,125.34,337.95,47.71,93.9,107.63,4627.86,-0.5511253372660084
2023-01-18,1,18,2023,2708.32,74.58,40.46,53.86,37.04,355.29,263.9,828.44,143.17,90.9,194.13,87.46,147.86,24.95,115.31,51.31,188.65,308.32,190.41,371.38,122.97,284.52,49.32,80.32,94.72,4199.27,-0.550507325574526
2023-02-26,2,26,2023,2593.81,69.16,48.27,52.95,36.8,477.99,342.4,836.51,174.97,104.83,204.77,102.8,140.12,28.72,116.9,48.28,194.77,275.82,186.43,361.88,174.07,350.8,54.91,92.3,90.3,4566.750000000001,-0.7606339708768186
2023-02-07,2,7,2023,3350.05,73.77,42.43,61.67,41.66,359.13,312.9,906.81,176.68,90.34,206.27,91.4,154.5,27.24,96.4,40.34,220.73,340.41,215.97,347.41,133.47,311.2,50.01,85.13,108.92,4494.79,-0.34170833271145196
2023-04-22,4,22,2023,3585.99,85.41,50.66,66.49,40.36,457.3,272.35,719.74,126.22,80.32,231.54,102.84,127.75,32.3,84.61,49.57,163.47,279.22,231.94,402.97,131.56,315.64,55.69,94.82,98.9,4301.669999999999,-0.19957668593610117
2023-10-27,10,27,2023,2558.29,88.89,40.75,48.24,36.83,410.67,341.79,762.08,123.85,108.94,177.88,82.18,121.64,34.77,114.99,42.13,222.3,264.48,229.1,373.33,143.61,282.75,54.14,95.66,93.23,4294.23,-0.6785548159121912
2023-06-22,6,22,2023,3153.61,90.87,59.28,61.33,38.88,448.99,350.72,835.03,176.66,90.44,188.84,91.93,135.56,27.93,95.52,41.69,177.83,305.04,189.68,461.6,137.8,262.03,56.58,86.3,106.83,4517.36,-0.4324409169174373
2023-03-11,3,11,2023,2440.18,71.96,46.2,55.03,36.24,353.27,252.93,736.4,159.8,108.57,193.25,109.66,160.49,31.9,111.26,50.81,162.24,306.26,232.13,471.93,138.83,324.94,42.82,114.41,95.26,4366.59,-0.7894540566679509
2023-10-26,10,26,2023,3551.12,68.9,56.09,50.15,42.6,397.97,346.71,660.61,135.81,119.74,184.17,113.66,123.51,26.74,111.76,56.69,235.78,259.6,225.21,417.52,136.82,286.9,43.62,110.06,109.19,4319.81,-0.2164641014665797
2023-03-23,3,23,2023,2638.76,68.27,59.88,62.97,35.74,341.81,256.13,768.41,179.49,88.62,230.23,89.19,133.17,27.04,98.74,41.35,215.38,320.44,194.22,393.01,175.97,241.28,57.12,85.68,99.14,4263.280000000001,-0.6156376479861755
2023-11-09,11,9,2023,2816.85,90.04,44.98,65.96,34.78,422.68,265.27,665.04,174.21,116.41,218.78,102.25,135.5,29.85,89.4,44.34,217.34,354.09,170.54,340.33,137.76,248.17,59.44,103.26,109.66,4240.08,-0.5052558709196443
2023-01-09,1,9,2023,2509.04,86.97,59.15,63.89,34.12,328.34,284.8,780.59,172.72,96.54,226.51,106.42,152.79,32.76,118.34,56.63,198.1,316.33,199.62,451.97,144.84,314.68,56.65,117.43,87.32,4487.51,-0.7885366514682908
2023-05-16,5,16,2023,2460.06,75.51,50.83,60.88,46.73,344.65,321.32,841.26,140.37,114.89,165.13,86.22,155.93,33.63,103.4,53.76,190.82,330.99,182.54,360.76,150.43,328.74,58.94,99.42,105.09,4402.24,-0.7894848093135939
2023-08-20,8,20,2023,3088.08,94.1,55.89,50.39,33.35,476.69,254.31,786.52,150.81,89.43,187.73,107.53,144.96,35.02,104.57,53.39,231.27,347.86,196.35,327.92,169.46,274.96,40.72,105.17,89.02,4407.420000000001,-0.42723634102743485
2023-03-19,3,19,2023,2823.03,82.81,52.39,54.04,37.68,415.71,328.23,927.17,126.56,84.08,174.04,116.21,176.72,32.98,89.99,51.15,174.54,242.58,228.57,343.94,126.78,261.14,53.58,107.4,90.43,4378.72,-0.5510710123519764
2023-11-27,11,27,2023,2859.0,94.66,58.18,65.76,32.02,406.33,263.46,952.37,137.67,97.71,232.39,80.74,150.13,30.22,100.34,51.6,186.45,272.52,161.66,346.59,171.61,313.66,47.55,100.3,93.97,4447.89,-0.555750262329486
2023-11-10,11,10,2023,3319.31,74.02,55.76,58.76,36.12,432.32,261.8,776.68,159.48,86.4,230.21,109.64,144.85,27.22,98.09,49.96,185.51,260.46,232.96,410.76,121.05,249.67,47.99,101.71,85.67,4297.09,-0.2945732697458207
2023-11-06,11,6,2023,2560.59,84.93,51.45,70.26,34.41,365.73,248.56,935.7,177.3,110.74,177.47,86.07,139.06,33.09,108.05,48.04,194.87,295.59,217.62,344.67,144.52,339.2,54.45,106.56,118.16,4486.5,-0.7521352500790832
2023-01-22,1,22,2023,2917.76,66.43,53.26,62.96,32.43,427.01,280.76,702.25,163.43,88.92,203.06,114.05,122.62,30.89,114.07,44.49,228.44,247.71,211.39,348.28,129.11,353.97,43.46,83.05,109.97,4262.01,-0.46071301272208814
2023-09-19,9,19,2023,3195.3,92.27,54.22,60.92,45.92,406.95,304.29,957.26,137.88,80.34,221.09,84.39,139.6,30.68,82.34,46.19,184.45,256.03,226.95,320.15,167.68,261.32,58.56,116.62,99.91,4436.009999999999,-0.3882921791381088
2023-11-23,11,23,2023,3029.3,71.83,46.27,55.86,43.79,382.03,288.21,942.63,143.96,92.43,219.63,103.83,163.45,26.61,106.34,42.24,171.27,351.62,224.69,348.65,131.6,242.05,53.8,81.82,86.52,4421.13,-0.45945597992935655
2023-05-10,5,10,2023,3038.28,89.47,42.26,65.59,47.0,466.73,308.2,915.8,171.95,83.6,229.02,97.86,169.52,28.88,104.38,59.54,182.21,322.88,167.72,345.74,161.9,253.31,50.99,82.28,115.01,4561.84,-0.5014547704622352
2023-08-05,8,5,2023,2891.79,87.6,54.9,64.95,33.0,375.65,263.61,691.61,140.2,101.76,175.08,83.85,139.31,24.56,112.38,45.4,230.9,347.9,203.99,320.31,141.32,322.69,58.5,113.7,104.64,4237.810000000001,-0.4654625681671219
2023-12-04,12,4,2023,3334.02,88.55,41.25,58.83,40.54,389.15,338.72,882.01,176.01,114.31,174.18,102.23,173.37,34.58,100.06,57.86,213.85,345.93,176.31,450.33,144.45,329.64,50.11,105.4,115.33,4702.999999999999,-0.4106094144606208
2023-10-05,10,5,2023,3495.66,88.0,55.36,52.25,39.28,359.65,306.26,948.84,126.52,118.93,175.19,106.55,167.47,26.41,89.02,52.18,167.93,304.87,200.65,475.33,140.96,262.42,54.74,109.13,82.53,4510.469999999998,-0.29030569334546225
2023-09-02,9,2,2023,2790.44,94.01,54.73,64.81,38.5,463.3,299.16,670.39,122.61,110.22,217.87,113.02,130.02,31.62,117.37,50.45,228.5,337.59,179.79,332.01,127.65,312.8,59.13,84.67,116.73,4356.949999999999,-0.5613845845099693
2023-12-22,12,22,2023,2532.8,95.04,48.38,68.48,42.29,406.56,275.87,851.44,130.69,107.02,239.25,112.88,129.04,28.69,94.75,59.07,191.94,286.14,173.67,459.18,154.48,251.3,46.47,88.17,104.67,4445.47,-0.7551602969046115
2023-10-31,10,31,2023,3078.61,94.48,46.87,53.36,36.37,389.62,316.38,884.48,164.29,115.46,206.35,104.31,146.7,31.53,85.71,52.35,193.84,358.62,184.36,442.32,154.45,287.56,40.43,80.15,111.27,4581.26,-0.48809365265493193
2023-08-23,8,23,2023,2768.39,85.75,45.1,56.45,41.88,411.36,288.68,664.09,150.54,112.11,224.16,113.88,126.75,29.54,91.56,49.17,235.5,281.2,191.89,413.04,168.51,252.82,47.62,111.06,101.35,4294.01,-0.5510856490595618
2023-05-16,5,16,2023,2748.02,64.32,52.1,63.91,40.24,383.12,241.19,948.75,127.1,115.51,162.51,95.94,177.67,24.47,96.01,51.06,232.14,242.17,203.55,363.29,170.01,283.03,42.09,88.86,102.25,4371.29,-0.5907053078216316
2023-10-04,10,4,2023,3087.76,70.08,53.31,48.99,39.72,426.68,304.9,715.83,155.7,98.95,226.67,109.74,126.36,28.17,119.37,44.73,171.95,355.22,223.06,466.43,122.83,265.54,53.59,108.81,110.39,4447.02,-0.4402090836075343
2023-07-26,7,26,2023,2522.19,92.44,55.57,56.54,35.25,465.79,354.04,763.97,125.83,90.44,205.23,113.02,178.72,31.98,115.89,45.88,195.91,246.21,220.89,466.24,174.74,318.44,50.62,86.48,115.13,4605.249999999998,-0.8258933704439388
2023-01-18,1,18,2023,2437.48,84.19,44.08,56.94,43.01,327.62,272.57,734.6,176.98,90.08,208.12,117.53,143.6,27.29,93.72,48.44,232.19,288.1,233.32,346.37,176.4,285.34,55.75,85.04,92.94,4264.219999999999,-0.7494379441062078
2023-06-26,6,26,2023,3133.54,77.96,49.55,55.57,38.81,348.52,352.67,697.86,156.54,93.27,177.24,105.41,159.59,29.27,81.18,49.98,198.43,286.66,203.29,429.56,139.54,311.67,52.02,93.05,83.86,4271.499999999999,-0.3631547706427871
2023-04-29,4,29,2023,3041.25,74.0,49.78,49.96,34.19,373.28,281.72,672.52,162.09,114.47,207.67,80.13,134.95,25.53,87.39,41.83,229.51,351.52,222.33,357.89,166.73,257.18,59.4,99.79,97.02,4230.88,-0.3911648170982327
2023-05-19,5,19,2023,3043.29,81.46,44.93,56.32,37.14,428.02,306.5,694.71,155.07,92.21,214.5,93.85,162.77,27.75,96.24,59.55,186.22,284.19,166.72,330.65,140.16,246.27,57.03,81.89,92.34,4136.489999999999,-0.35921650582100256
2023-02-17,2,17,2023,2709.99,78.53,45.38,53.53,37.86,354.37,332.69,735.22,172.43,109.27,228.25,91.83,170.0,34.13,84.76,51.61,216.19,357.6,196.76,361.59,170.84,312.36,40.73,89.25,100.42,4425.6,-0.6330687567112796
2023-01-16,1,16,2023,2666.69,67.99,44.36,50.0,44.6,430.14,268.76,846.18,175.11,119.22,194.17,81.5,148.47,30.42,87.0,58.27,165.47,335.33,198.39,396.03,120.58,339.27,48.7,92.64,82.5,4425.0999999999985,-0.659397980267672
2023-04-03,4,3,2023,2546.67,86.13,48.17,67.96,35.4,372.39,267.17,899.89,167.05,82.0,200.95,114.54,141.37,32.23,87.52,45.58,190.52,250.51,198.34,438.77,176.01,311.1,47.95,117.29,119.48,4498.32,-0.7663537089611138
2023-04-25,4,25,2023,2651.88,76.67,51.75,61.81,46.22,420.66,291.6,950.93,140.49,104.38,206.01,111.61,161.37,25.35,101.29,51.08,198.38,309.29,202.5,357.43,175.87,325.06,43.27,108.17,101.61,4622.799999999999,-0.7432161334600356
2023-07-29,7,29,2023,3196.29,73.3,45.75,63.61,38.24,437.78,301.75,805.34,157.16,117.57,227.15,104.6,147.47,28.45,86.83,58.22,189.67,333.02,199.22,421.62,154.26,330.51,42.53,100.73,84.45,4549.229999999999,-0.42328449546192576
2023-10-31,10,31,2023,2461.61,68.59,48.82,62.01,43.7,417.47,347.66,910.63,170.32,112.8,183.94,101.62,158.36,34.89,98.07,41.64,161.15,279.38,206.45,367.88,177.93,351.05,56.22,111.6,111.79,4623.970000000001,-0.8784332205345285
2023-04-16,4,16,2023,2910.54,88.34,43.2,71.88,47.71,336.77,261.87,709.64,121.78,101.13,187.34,97.38,152.18,33.3,103.12,52.2,238.87,340.12,166.38,471.24,140.19,241.36,56.42,109.52,104.69,4276.629999999999,-0.46935963773045525
2023-10-21,10,21,2023,3156.33,69.34,42.11,59.23,32.75,370.5,307.23,776.07,145.38,88.31,225.85,94.95,157.68,31.88,109.78,50.77,161.65,326.63,236.89,321.9,170.17,278.21,42.53,95.78,109.85,4305.4400000000005,-0.3640652276536359
2023-03-04,3,4,2023,2546.23,71.72,51.69,48.25,47.34,405.22,342.34,955.12,138.44,105.85,185.21,84.85,163.41,24.51,82.36,50.62,226.11,335.71,228.45,434.75,122.56,279.33,57.59,91.97,108.59,4641.990000000001,-0.8230835391932388
2023-04-16,4,16,2023,2880.55,92.98,58.65,67.08,40.49,352.9,330.9,684.76,146.39,88.68,187.89,108.82,144.06,26.94,94.13,55.97,164.83,240.85,186.71,371.48,172.43,330.15,59.42,83.61,105.31,4195.43,-0.456468382774123
2023-05-30,5,30,2023,2940.44,71.88,53.01,68.66,45.13,358.31,298.48,699.5,140.8,115.09,168.1,91.61,143.57,32.15,81.7,42.68,200.64,268.8,198.89,393.11,171.32,305.36,48.44,110.63,95.13,4202.99,-0.42937451537865073
2023-01-03,1,3,2023,2811.74,71.98,43.54,49.97,44.92,361.03,338.04,858.55,124.59,115.73,209.88,107.86,177.53,27.88,115.67,46.7,229.78,316.18,183.97,452.52,122.57,284.8,42.49,87.56,102.41,4516.150000000001,-0.6061762467368963
2023-01-01,1,1,2023,2562.44,95.36,40.17,51.43,38.72,387.56,352.04,802.92,126.15,105.35,214.11,98.13,151.73,30.95,103.68,55.88,234.13,309.04,206.01,327.18,149.72,271.22,55.12,116.7,114.41,4437.709999999999,-0.7318298184542854
2023-11-17,11,17,2023,3558.23,93.44,51.39,52.16,40.59,457.31,352.62,802.93,165.92,114.85,220.35,94.02,171.34,26.85,113.26,46.57,219.89,294.44,227.67,339.73,135.95,263.59,52.84,96.99,102.11,4536.8099999999995,-0.2750187593269686
2023-10-14,10,14,2023,3582.14,89.24,55.15,68.14,45.13,444.11,331.88,651.24,138.3,88.33,200.31,100.91,123.9,29.92,101.94,48.86,219.79,355.42,177.8,357.45,144.28,331.32,48.99,113.18,83.77,4349.360000000001,-0.21417923364245975
2023-01-05,1,5,2023,3126.05,83.93,42.25,70.84,35.09,452.14,344.8,950.18,131.18,85.11,170.66,90.58,130.01,24.47,90.48,53.1,173.63,344.39,231.56,417.79,163.45,282.73,49.24,80.29,110.32,4608.219999999998,-0.4741350906095546
2023-02-03,2,3,2023,2423.62,86.63,49.89,62.2,43.27,335.95,265.81,726.63,179.87,89.61,204.07,83.01,157.28,32.58,92.38,59.1,233.89,257.3,182.16,472.34,121.69,327.62,51.16,86.04,95.59,4296.070000000001,-0.7725839859383901
2023-05-11,5,11,2023,3438.66,82.38,44.09,52.26,33.25,399.36,275.83,686.13,137.38,90.6,231.21,105.83,132.84,29.03,84.32,56.57,164.13,263.09,190.61,389.06,161.25,265.81,49.5,85.97,95.97,4106.470000000001,-0.1942064641459177
2023-12-22,12,22,2023,3183.36,65.79,58.6,66.7,32.51,373.64,335.09,765.1,168.16,108.86,165.61,94.42,144.56,30.52,81.25,46.78,198.06,277.56,164.79,399.19,128.19,354.64,51.26,80.49,111.94,4303.709999999999,-0.3519394601930033
2023-04-21,4,21,2023,3138.4,66.86,55.05,48.83,39.22,345.64,253.1,812.97,142.84,81.65,200.75,115.38,159.31,29.95,87.43,40.5,225.89,277.95,233.76,443.76,164.61,335.08,59.98,84.44,86.69,4391.6399999999985,-0.3993244965587555
2023-02-05,2,5,2023,2968.75,64.2,45.14,53.88,32.86,476.54,339.01,883.06,137.59,111.46,232.19,87.35,128.65,31.78,80.62,46.85,177.17,310.53,220.43,342.71,163.95,352.38,54.61,103.33,92.2,4568.489999999999,-0.5388597894736838
2023-08-17,8,17,2023,3357.4,79.18,43.61,62.81,35.33,349.22,316.99,753.0,125.66,116.92,197.63,83.16,147.94,33.82,108.81,40.48,237.65,256.07,235.84,452.35,141.55,304.81,42.24,81.48,84.23,4330.78,-0.2899207720259724
2023-10-22,10,22,2023,3200.9,74.23,58.6,61.95,45.47,347.32,291.58,921.87,179.6,108.12,218.6,112.09,173.09,27.06,102.24,55.82,232.66,301.64,193.7,354.22,142.76,247.05,40.19,101.02,92.48,4483.36,-0.40065606548158317
2023-05-13,5,13,2023,2428.36,87.97,48.77,63.78,47.62,476.28,253.14,650.41,137.49,113.85,170.45,97.49,122.62,28.84,109.48,55.28,234.66,332.22,235.39,352.26,156.48,327.64,42.56,87.9,93.04,4325.619999999999,-0.7812927243077628
2023-04-28,4,28,2023,2734.32,72.61,48.74,58.78,47.21,400.67,254.07,823.71,151.67,92.74,194.54,85.92,171.34,26.02,119.91,43.99,218.15,322.36,219.4,458.6,141.56,279.46,57.57,110.45,80.08,4479.549999999999,-0.6382683811697237
2023-01-11,1,11,2023,2421.81,80.61,44.97,55.0,43.43,384.53,268.71,675.59,120.29,100.65,205.74,111.13,179.96,25.46,84.76,55.97,161.85,354.59,228.03,381.52,165.18,315.33,56.41,85.55,99.78,4285.04,-0.7693543258967467
2023-08-22,8,22,2023,3290.6,82.62,50.64,66.56,43.63,438.4,314.13,764.23,152.51,109.32,184.02,119.56,177.06,35.31,114.66,50.95,198.4,270.96,179.6,328.11,175.28,337.91,59.45,100.6,107.37,4461.28,-0.35576490609615263
2023-05-08,5,8,2023,2921.47,92.49,54.46,53.86,39.13,468.73,302.81,667.25,125.55,104.17,211.66,107.77,139.78,25.7,102.93,56.1,172.01,242.18,210.87,448.79,159.88,248.21,44.07,110.51,91.11,4280.0199999999995,-0.46502274539872046
2023-07-30,7,30,2023,2435.97,74.29,58.87,62.57,36.01,413.12,324.49,916.23,145.92,85.93,164.29,82.34,128.28,34.57,108.84,56.2,216.51,304.69,167.33,401.12,175.24,318.31,50.27,103.86,110.68,4539.960000000001,-0.8637175334671615
2023-01-01,1,1,2023,2579.15,92.5,42.81,60.74,40.01,331.2,271.45,743.92,128.16,89.1,233.02,105.49,131.56,27.74,118.04,44.45,239.66,242.09,183.57,345.52,125.68,332.59,59.01,102.07,93.28,4183.66,-0.6221080588565999
2023-10-09,10,9,2023,2539.43,77.4,41.39,52.24,42.1,372.38,307.74,731.8,171.98,95.9,230.67,82.43,156.1,26.63,90.58,48.17,164.3,255.33,179.38,342.93,125.2,250.77,57.58,116.3,88.02,4107.32,-0.61741808201053
2023-03-07,3,7,2023,3081.36,95.69,52.54,49.65,33.43,324.7,348.53,942.88,162.92,80.46,218.83,97.41,139.51,35.47,110.88,54.61,237.88,271.03,190.55,327.36,172.52,318.61,57.88,119.14,96.76,4539.240000000001,-0.47312874834488683
2023-04-23,4,23,2023,3422.56,73.6,56.5,48.6,41.95,373.26,240.82,799.75,164.61,105.04,176.4,109.28,149.51,25.79,89.4,51.17,193.75,298.94,192.79,347.05,176.41,330.82,54.99,85.05,98.35,4283.830000000002,-0.2516449675097009
2023-04-04,4,4,2023,2873.09,95.58,50.19,68.34,43.26,381.99,282.13,863.61,144.01,86.11,170.4,119.34,177.38,31.46,97.68,59.96,228.18,293.04,228.5,363.13,157.41,296.8,56.6,106.5,103.13,4504.7300000000005,-0.5679042424706502
2023-11-24,11,24,2023,2649.23,64.48,48.26,70.38,44.9,368.53,307.88,957.89,178.41,85.02,185.06,90.88,132.57,24.64,109.04,57.57,220.31,305.72,235.8,344.13,140.18,316.46,56.87,104.18,110.05,4559.21,-0.7209566553300393
2023-03-25,3,25,2023,2828.3,82.39,43.44,71.28,42.56,364.23,273.97,901.88,165.98,84.04,216.82,99.72,131.73,30.61,101.25,49.27,160.2,320.24,178.68,356.06,160.63,334.67,50.01,114.56,112.25,4446.47,-0.5721352048933989
2023-02-03,2,3,2023,3033.88,72.87,56.03,60.88,47.89,384.82,343.94,645.85,170.8,112.66,239.44,87.27,129.66,34.54,92.44,53.13,182.32,336.26,174.92,458.11,127.11,288.17,46.22,109.76,101.12,4356.210000000001,-0.4358544174456474
2023-01-03,1,3,2023,3388.55,71.67,42.85,65.12,42.27,400.84,246.34,658.71,129.79,119.98,176.13,103.79,153.05,31.11,104.18,59.16,166.41,336.91,162.59,322.11,137.87,352.41,56.27,89.63,110.01,4139.2,-0.22152543123164764
2023-09-12,9,12,2023,3297.05,82.87,49.33,63.65,38.64,444.91,252.6,841.71,143.28,117.09,220.84,117.6,161.02,31.4,110.05,41.02,200.59,251.82,211.84,455.26,158.17,338.58,46.57,94.59,80.38,4553.81,-0.3811771128736295
2023-03-03,3,3,2023,2492.45,94.66,46.81,56.1,34.65,339.1,296.71,693.27,151.71,114.69,195.49,109.79,148.3,33.35,103.95,41.12,178.14,253.43,193.24,388.28,153.15,301.44,55.58,98.8,113.39,4195.15,-0.6831430921382575
2023-03-08,3,8,2023,3472.51,85.66,57.58,62.11,47.81,360.21,298.85,678.6,131.88,93.55,178.13,97.9,145.15,34.36,115.99,40.14,223.86,305.64,213.9,434.61,141.98,282.23,57.34,100.02,80.59,4268.090000000001,-0.22910805152468985
2023-11-30,11,30,2023,2708.27,91.78,43.88,66.43,35.41,383.24,262.35,950.49,127.29,103.4,223.15,95.38,160.13,28.59,94.1,49.12,191.87,296.66,191.11,390.8,160.96,247.96,52.39,84.74,103.12,4434.35,-0.6373367500286162
2023-07-06,7,6,2023,3236.38,94.07,58.87,50.15,32.88,338.47,288.79,735.42,128.71,82.91,198.43,80.39,131.86,24.56,117.64,56.27,201.81,270.96,222.54,365.13,132.71,329.77,42.25,101.53,88.89,4175.01,-0.2900246571786997
2023-03-12,3,12,2023,2746.27,91.37,50.07,53.29,32.16,466.06,328.63,832.22,168.57,112.56,185.31,89.15,128.84,28.42,82.85,49.53,189.18,336.91,204.0,382.1,137.45,325.55,44.9,106.71,117.43,4543.26,-0.6543384299431594
2023-06-18,6,18,2023,2679.21,81.6,41.87,55.82,45.12,460.87,273.14,799.57,135.57,119.75,199.25,112.81,155.11,29.09,118.37,46.4,179.74,280.44,219.56,466.3,126.67,305.52,41.53,97.96,99.71,4491.7699999999995,-0.676527782443332
2023-02-20,2,20,2023,2560.78,82.95,55.3,59.95,33.58,377.96,258.57,913.31,158.37,110.5,224.97,98.47,133.62,28.6,86.14,55.74,194.81,328.58,239.26,443.47,145.37,295.51,42.83,94.32,97.66,4559.839999999998,-0.7806449597388287
2023-01-14,1,14,2023,2952.83,65.96,50.0,50.94,38.15,362.17,318.28,810.1,158.47,89.2,213.17,82.45,125.86,27.82,119.15,50.6,222.11,346.64,183.72,331.66,138.1,341.6,54.11,106.87,95.33,4382.459999999999,-0.484155877581845
2023-03-24,3,24,2023,3075.15,74.63,55.41,57.47,40.45,477.0,347.22,699.5,150.97,92.01,163.66,96.66,135.04,24.12,106.11,47.54,176.55,297.39,165.41,453.57,132.39,280.59,54.53,118.68,96.04,4342.9400000000005,-0.41226932019576296
2023-08-02,8,2,2023,3229.95,75.46,42.51,69.43,38.9,400.63,297.02,656.68,173.76,107.76,223.79,100.68,176.17,35.92,103.65,44.68,164.6,280.15,189.64,357.65,120.36,334.58,53.75,117.74,104.16,4269.67,-0.3218997198099043
2023-03-16,3,16,2023,2969.12,82.49,54.84,70.97,37.24,456.6,291.49,722.36,120.53,87.67,212.5,92.87,147.01,32.84,100.01,57.64,199.98,280.68,180.38,389.81,124.62,324.54,40.55,113.25,101.08,4321.95,-0.4556333189631945
2023-03-17,3,17,2023,3414.09,79.26,57.21,65.99,34.08,436.58,261.63,865.97,130.53,105.74,198.57,84.26,124.5,29.58,94.84,57.74,194.07,254.48,199.35,387.67,123.43,275.34,52.34,101.73,84.56,4299.45,-0.259325325342917
2023-05-18,5,18,2023,3404.58,76.93,51.07,48.78,34.81,336.57,290.98,825.15,132.44,114.26,174.33,81.18,130.81,28.96,118.44,51.37,203.97,251.48,238.34,362.58,160.72,272.24,56.58,82.42,101.85,4226.26,-0.24134548167468536
2023-02-06,2,6,2023,2940.69,92.27,55.19,70.12,44.9,332.86,350.86,782.61,166.71,115.53,214.82,117.65,137.47,26.38,87.39,56.7,174.68,350.02,190.14,355.82,126.79,337.0,43.2,91.15,97.74,4417.999999999999,-0.5023684917485348
2023-05-04,5,4,2023,3499.06,64.17,44.45,61.51,43.86,441.0,279.01,659.48,172.86,104.63,209.02,119.47,139.5,32.39,88.76,52.09,170.18,324.09,239.3,398.92,152.46,250.44,57.9,84.71,95.5,4285.700000000001,-0.22481466450989718
2023-06-28,6,28,2023,3182.66,73.55,55.45,67.61,32.95,452.87,326.22,784.82,158.75,112.96,196.29,86.65,158.67,28.27,88.22,49.79,209.87,315.19,189.89,392.42,120.03,343.1,48.7,112.64,96.75,4501.660000000001,-0.41443320995645183
2023-09-11,9,11,2023,3592.46,88.11,56.93,48.52,32.71,321.64,325.78,673.05,177.59,113.78,207.6,86.64,166.3,34.85,111.07,58.89,230.57,268.58,162.61,361.45,154.35,244.15,44.5,115.95,93.94,4179.5599999999995,-0.16342561921357496
2023-04-09,4,9,2023,2696.72,69.55,59.15,53.87,33.08,344.63,284.91,848.63,139.88,114.14,164.75,104.73,163.76,35.87,91.35,55.92,214.64,244.01,228.43,412.94,168.79,337.02,45.7,111.33,104.95,4432.029999999999,-0.643489127532706
2023-05-06,5,6,2023,2631.3,69.19,57.0,57.46,34.61,388.28,240.87,811.97,140.81,109.86,203.07,105.8,127.35,33.98,111.55,55.05,167.24,345.56,164.6,444.81,165.08,287.14,58.15,104.47,104.59,4388.49,-0.6678029871166342
2023-01-29,1,29,2023,2541.49,71.77,49.93,52.75,39.7,369.44,284.6,691.22,174.38,95.36,207.62,114.68,158.46,30.8,116.07,46.84,238.88,251.73,170.6,383.28,124.56,267.49,49.63,89.28,96.03,4175.100000000001,-0.642776481512814
2023-08-05,8,5,2023,3425.97,72.77,46.37,64.03,40.14,466.85,270.22,672.92,174.34,108.05,231.23,97.03,146.91,33.2,81.06,51.42,172.67,329.02,202.64,362.97,172.47,272.46,43.82,108.21,82.51,4303.31,-0.2560851379317392
2023-12-20,12,20,2023,2676.33,74.62,40.2,50.26,35.36,443.5,252.04,844.75,137.97,106.65,163.95,114.05,149.11,31.1,105.51,45.22,208.44,255.22,215.39,360.21,127.88,356.49,50.03,89.45,112.75,4370.15,-0.632889068238969
2023-11-18,11,18,2023,3357.47,74.28,58.64,66.99,41.45,437.75,356.3,736.8,152.56,99.71,194.51,105.36,169.77,26.38,88.36,44.69,173.61,310.75,204.66,376.69,141.48,314.1,41.14,93.61,108.66,4418.25,-0.3159462333244974
2023-12-07,12,7,2023,2747.8,77.87,41.15,60.47,42.18,445.7,283.11,808.73,131.53,109.55,173.74,110.99,161.97,32.53,99.11,48.09,173.75,328.76,181.29,397.16,159.51,333.47,47.25,116.96,114.49,4479.36,-0.6301623116675156
2023-11-23,11,23,2023,3449.88,87.59,41.6,62.05,34.7,345.44,262.03,752.12,165.3,101.33,188.21,111.83,176.03,28.87,110.28,59.78,195.78,306.3,175.1,441.68,172.85,317.53,41.81,117.83,111.72,4407.760000000001,-0.27765603441279146
2023-05-06,5,6,2023,3506.47,66.79,51.39,52.2,32.18,322.15,324.26,773.6,130.21,107.74,163.18,96.4,120.01,35.02,115.67,56.56,164.21,309.69,194.42,349.62,148.63,274.2,40.79,108.69,104.58,4142.1900000000005,-0.18129914130165117
2023-01-26,1,26,2023,3284.79,66.7,44.39,56.9,35.21,419.07,256.14,735.32,147.82,83.47,207.35,95.29,120.35,24.56,118.6,58.64,171.49,298.3,162.98,384.0,144.01,350.82,54.97,113.24,82.2,4231.819999999999,-0.28830762392725223
2023-08-12,8,12,2023,3444.37,76.51,44.37,60.62,47.03,321.65,308.69,713.05,130.41,90.86,167.21,113.05,159.54,34.29,106.93,44.11,229.39,263.79,192.83,321.99,176.21,314.07,45.66,83.73,97.41,4143.4,-0.20294857985640327
2023-03-12,3,12,2023,3526.43,86.89,47.78,54.62,45.07,338.61,329.86,787.13,147.84,106.34,191.07,94.48,177.06,34.73,110.08,48.44,215.4,334.8,208.35,348.81,178.48,338.25,57.6,112.35,98.94,4492.9800000000005,-0.27408739149791733
2023-06-24,6,24,2023,2520.1,81.62,40.4,50.08,45.54,419.16,307.76,695.18,161.84,81.65,173.5,102.41,146.72,27.2,90.69,55.37,173.46,272.24,194.27,373.64,131.78,338.87,51.45,97.95,110.43,4223.21,-0.675810483710964
2023-01-06,1,6,2023,2598.61,91.97,55.45,56.87,35.61,454.73,256.42,819.01,122.49,107.53,173.84,100.63,164.04,27.19,106.11,59.59,160.26,280.67,200.07,373.95,173.14,297.81,58.87,86.98,95.63,4358.860000000001,-0.6773813692704947
2023-05-23,5,23,2023,2681.35,88.97,52.07,68.05,32.52,444.96,297.23,664.85,160.32,82.0,199.1,105.9,144.63,25.13,88.89,50.1,232.52,271.43,176.98,328.2,163.66,249.88,55.05,113.73,118.52,4214.6900000000005,-0.5718537303970017
2023-06-29,6,29,2023,3454.16,72.21,48.28,59.22,42.87,382.03,268.06,817.1,168.55,118.59,165.37,106.36,172.94,25.05,94.91,50.35,208.71,244.03,164.78,392.45,175.47,260.03,56.86,80.44,100.68,4275.34,-0.23773652639136586
2023-06-21,6,21,2023,2449.21,78.54,56.83,61.49,32.33,476.21,283.6,880.93,145.7,93.5,162.92,108.24,146.65,34.98,103.69,44.91,162.16,297.97,195.2,353.76,169.05,296.52,55.83,116.19,101.92,4459.12,-0.8206360418257315
2023-03-11,3,11,2023,2619.64,69.87,48.21,68.58,46.58,422.78,333.13,836.58,166.27,98.08,211.76,97.24,133.08,33.12,107.05,56.17,163.74,296.49,176.42,386.35,138.28,337.58,53.93,107.74,114.74,4503.7699999999995,-0.7192324136140843
2023-09-15,9,15,2023,3307.13,95.6,40.48,68.25,44.78,422.03,341.78,910.03,158.21,102.84,171.12,84.72,147.32,27.15,114.26,48.45,216.01,249.33,229.15,429.25,146.57,288.86,44.12,113.56,110.5,4604.37,-0.3922555206478124
2023-07-25,7,25,2023,3315.61,82.49,59.24,69.51,32.24,350.67,337.15,826.03,166.0,100.36,209.26,106.92,154.0,30.44,86.39,42.4,172.31,324.29,237.26,443.11,166.36,268.01,41.81,109.5,116.88,4532.630000000001,-0.36705764550112974
2023-10-01,10,1,2023,2907.47,90.57,52.21,52.12,41.4,345.24,264.75,862.55,152.13,118.15,178.75,115.37,160.47,26.85,93.07,53.74,211.18,323.08,169.04,377.41,153.93,357.41,48.99,119.76,103.95,4472.119999999999,-0.5381482869986618
2023-02-02,2,2,2023,3140.32,90.22,48.78,48.05,36.14,417.16,259.49,959.79,133.92,116.5,219.4,91.12,167.18,33.74,107.89,55.66,215.5,338.64,166.03,435.95,126.7,296.58,57.2,80.22,105.36,4607.219999999999,-0.46711800071330284
2023-11-25,11,25,2023,2725.3,71.1,42.28,69.19,40.44,458.19,331.03,934.76,126.18,106.02,180.21,110.9,175.26,31.9,116.05,53.08,167.45,240.18,235.16,443.95,126.87,246.53,51.98,86.24,105.23,4550.1799999999985,-0.6696070157413856
2023-01-22,1,22,2023,2935.52,65.53,40.62,63.1,32.5,422.5,343.94,914.88,147.26,96.08,202.3,104.03,144.88,26.09,114.8,45.92,183.93,303.19,220.18,324.83,171.04,294.92,50.33,106.39,118.64,4537.880000000001,-0.5458521829181886
2023-10-17,10,17,2023,2620.62,84.7,52.63,50.13,38.7,320.35,352.45,859.34,163.15,115.38,190.79,84.41,167.99,28.87,85.3,51.15,202.43,340.88,179.21,339.21,123.41,330.89,43.5,116.91,87.78,4409.56,-0.6826399859575217
2023-05-16,5,16,2023,2736.73,70.99,56.06,57.16,42.42,422.71,280.08,807.01,169.28,99.38,160.47,87.15,164.15,27.54,106.48,53.15,183.86,318.92,189.91,385.25,121.11,250.8,58.52,118.27,98.34,4329.010000000001,-0.5818184475633332
2023-05-08,5,8,2023,2410.75,81.64,45.33,58.83,45.17,468.3,247.06,835.21,158.94,97.95,170.55,110.17,134.54,27.82,113.78,57.83,184.67,282.23,177.78,442.26,135.35,330.47,54.0,112.61,111.59,4484.08,-0.8600352587369076
2023-05-23,5,23,2023,3215.6,95.07,57.47,67.85,36.35,460.35,301.2,687.0,141.14,108.67,196.14,99.94,151.07,27.32,108.49,48.22,239.93,355.29,178.47,326.15,144.19,295.63,55.51,118.81,96.31,4396.570000000001,-0.36726271924368725
2023-10-27,10,27,2023,2488.43,75.93,46.21,67.6,47.48,456.85,319.99,695.74,164.91,118.05,174.88,100.98,131.07,35.53,102.55,42.58,190.71,287.78,237.32,471.78,154.15,288.98,43.78,93.79,104.41,4453.050000000001,-0.78950181439703
2023-10-30,10,30,2023,3490.42,94.34,53.15,51.7,46.64,416.51,354.16,815.41,132.92,110.06,218.78,114.61,143.99,30.18,108.4,49.02,174.98,349.96,194.71,368.18,134.82,303.02,40.98,117.9,112.3,4536.72,-0.2997633522613325
2023-11-08,11,8,2023,3375.72,67.06,44.0,60.67,35.03,442.31,250.16,957.13,144.15,81.17,231.74,91.58,122.98,35.75,107.94,58.6,171.74,314.03,219.76,330.77,167.54,328.94,53.23,114.12,114.83,4545.23,-0.34644757266597936
2023-10-16,10,16,2023,2484.86,73.62,40.33,60.4,41.2,371.42,348.14,909.96,148.2,81.33,209.03,97.39,139.63,32.06,91.88,54.85,213.37,323.68,183.75,321.82,157.27,325.13,43.03,100.74,89.34,4457.57,-0.7938918087940566
2023-04-29,4,29,2023,2437.18,93.84,59.87,58.27,47.08,336.37,353.19,818.78,157.23,85.0,235.02,117.61,169.64,30.54,118.91,56.33,211.92,342.88,192.18,341.07,120.26,296.86,47.29,105.12,80.11,4475.37,-0.8362903027269222
2023-11-12,11,12,2023,2890.19,67.22,50.52,61.72,47.65,344.47,331.74,932.91,158.52,110.85,227.97,80.27,134.87,35.27,99.63,42.41,173.07,267.06,165.8,351.07,159.63,277.89,48.09,80.51,99.85,4348.990000000001,-0.5047419027814782
2023-09-11,9,11,2023,2635.74,69.43,49.93,71.3,32.99,387.05,330.91,883.77,130.76,81.8,215.6,113.33,164.65,31.01,108.89,51.82,201.25,263.21,196.77,350.38,163.91,337.24,57.04,92.42,113.87,4499.33,-0.7070462185192774
2023-05-27,5,27,2023,3059.94,64.0,45.42,58.35,39.1,473.4,289.92,681.17,133.53,119.46,233.84,115.39,161.51,29.65,92.85,55.55,208.66,334.37,210.39,476.39,161.28,342.4,59.5,83.59,107.8,4577.52,-0.4959509009980589
2023-12-03,12,3,2023,2599.75,81.22,46.94,54.43,38.14,475.46,244.44,900.46,153.5,94.16,160.12,93.85,164.52,32.75,112.31,46.42,226.81,271.27,217.47,419.06,160.14,269.87,53.33,116.87,81.88,4515.419999999999,-0.7368670064429269
2023-09-09,9,9,2023,3385.51,64.09,45.7,62.11,46.28,448.19,326.02,742.06,138.71,101.58,238.78,119.78,134.92,35.08,108.47,42.99,166.51,304.76,214.48,414.17,143.62,259.24,58.8,109.26,89.54,4415.14,-0.304128476950297
2023-07-10,7,10,2023,3498.41,81.41,47.99,70.76,42.05,430.94,242.53,782.34,152.43,86.06,185.74,104.32,140.28,35.65,95.29,53.84,216.74,264.8,176.3,357.88,163.25,255.86,41.11,87.59,119.42,4234.580000000002,-0.2104298810030848
2023-06-03,6,3,2023,2716.38,64.66,58.16,69.6,44.19,454.47,298.49,801.79,177.9,102.34,239.39,81.7,130.09,35.75,108.63,51.99,209.21,304.9,217.83,430.84,173.14,273.86,44.45,83.68,107.23,4564.29,-0.6802840545137278
2023-03-16,3,16,2023,3372.91,76.11,41.92,60.89,40.86,409.74,281.15,896.11,134.46,106.33,168.92,106.25,121.94,35.93,111.95,53.44,172.71,242.17,178.07,464.8,160.69,297.13,59.04,94.53,91.14,4406.28,-0.30637342828596076
2023-09-03,9,3,2023,3271.69,94.67,41.13,60.76,46.27,443.61,350.22,926.53,124.8,110.03,183.14,109.84,169.37,30.87,109.17,51.53,193.7,335.12,224.31,479.65,127.94,288.89,44.96,108.12,103.05,4757.68,-0.45419645504311235
2023-01-02,1,2,2023,2835.96,95.24,42.76,57.22,43.84,368.19,255.57,795.57,153.33,97.94,177.29,95.53,144.08,27.97,112.5,47.87,163.32,287.5,194.72,321.34,122.64,327.71,57.74,83.51,105.33,4178.71,-0.4734728275434068
2023-05-17,5,17,2023,3404.9,83.96,51.76,48.26,35.46,327.01,254.19,692.77,168.33,89.49,162.3,94.59,121.4,27.15,86.32,44.0,235.42,330.84,205.47,431.38,142.0,342.9,51.49,112.98,118.77,4258.240000000001,-0.25062116361714015
2023-01-22,1,22,2023,2459.45,86.93,48.61,51.19,47.47,375.81,337.77,797.76,137.72,92.87,224.91,119.26,155.43,25.64,92.76,54.94,237.01,273.78,182.83,372.7,150.83,254.92,40.33,102.44,108.73,4372.6399999999985,-0.7778934314582524
2023-11-01,11,1,2023,2867.15,84.14,50.59,54.8,45.42,365.28,279.62,953.71,129.41,86.71,223.54,94.84,127.4,31.4,82.09,53.99,190.39,268.17,224.93,336.41,145.2,256.74,50.84,81.22,80.42,4297.26,-0.4987914828313831
2023-08-18,8,18,2023,3436.43,68.94,48.43,70.12,32.26,351.48,335.97,660.12,150.24,81.09,189.96,87.96,120.26,29.29,107.18,52.7,167.21,299.65,167.51,387.72,140.81,292.8,41.24,85.16,90.23,4058.33,-0.18097269550085412
2023-02-08,2,8,2023,2651.03,82.9,46.15,61.61,32.91,380.06,271.71,878.51,132.83,107.2,185.59,117.56,175.07,31.0,92.77,49.2,205.81,328.24,220.68,469.18,158.23,303.78,48.69,109.74,92.01,4581.429999999999,-0.7281698056981623
2023-07-27,7,27,2023,3096.88,77.75,47.77,50.95,35.76,460.98,325.62,798.37,157.63,102.38,191.68,118.19,142.46,29.62,110.88,59.41,239.51,323.29,227.81,448.21,125.32,271.84,57.11,112.23,84.01,4598.78,-0.4849719717909637
2023-04-06,4,6,2023,2596.73,83.31,48.65,53.81,35.03,450.78,322.82,833.19,148.74,111.45,170.66,102.62,171.64,27.47,81.6,57.37,233.72,278.66,221.05,450.48,176.09,347.49,49.2,104.69,103.75,4664.269999999999,-0.7962090783408358
2023-04-06,4,6,2023,2709.94,78.06,58.37,62.93,43.35,355.81,304.19,748.21,128.44,85.47,214.88,80.87,125.64,32.26,80.01,48.47,175.11,331.34,174.01,364.62,128.3,355.38,49.89,82.82,103.64,4212.070000000001,-0.5543037853236605
2023-03-18,3,18,2023,3467.35,64.29,53.45,55.95,37.14,333.46,341.13,860.81,127.61,95.56,233.19,97.7,146.19,32.28,104.89,44.03,236.75,254.92,160.3,453.17,167.32,358.16,44.27,86.19,110.94,4499.7,-0.2977345811642897
2023-08-10,8,10,2023,3591.47,87.19,43.01,51.08,39.19,394.7,264.45,664.14,173.2,100.25,236.81,118.2,144.11,27.58,99.13,58.51,195.44,264.88,188.92,358.09,167.85,280.21,46.26,104.96,111.85,4220.010000000001,-0.17500911882878079
2023-03-11,3,11,2023,3156.21,66.71,56.48,63.37,44.66,367.6,246.44,927.3,136.21,107.02,229.48,98.93,165.52,30.08,97.12,48.4,189.7,351.12,227.35,388.75,129.59,341.13,44.9,96.19,112.19,4566.239999999998,-0.44674783997262474
2023-12-06,12,6,2023,3578.53,84.3,55.88,70.65,46.13,447.27,353.5,873.26,136.96,97.91,185.2,99.43,155.17,25.25,117.01,59.62,215.92,308.49,198.75,411.89,152.5,273.34,59.95,111.58,90.31,4630.2699999999995,-0.29390280366519195
2023-12-28,12,28,2023,3007.3,65.1,54.8,69.33,45.02,322.27,273.85,864.7,159.71,85.72,193.36,114.9,137.8,25.53,109.81,59.51,180.58,285.72,170.46,345.11,152.88,324.47,57.61,112.22,82.99,4293.450000000001,-0.4276759884281583
2023-02-23,2,23,2023,2795.45,73.23,58.66,53.47,32.26,431.97,261.89,784.14,164.48,119.51,230.05,85.5,131.59,31.1,101.24,58.31,235.12,276.02,226.14,468.66,129.7,287.72,49.22,100.16,99.67,4489.8099999999995,-0.6061135058756192
2023-09-20,9,20,2023,3329.22,80.84,58.18,51.09,39.2,422.87,317.87,658.5,159.44,118.9,183.21,95.52,122.97,32.37,119.5,44.0,217.87,309.06,189.61,368.95,164.86,308.99,50.73,114.79,90.84,4320.16,-0.29764929923525635
2023-01-13,1,13,2023,3303.65,74.39,48.57,58.65,36.31,444.01,286.42,922.75,152.49,118.84,228.51,114.32,146.69,26.42,112.16,41.01,203.44,308.87,171.26,333.39,144.05,240.89,48.37,94.25,92.75,4448.81,-0.34663478274030246
2023-08-19,8,19,2023,3221.26,77.0,45.56,59.98,46.83,471.52,278.7,880.51,141.51,99.74,167.99,118.64,135.29,29.17,80.23,41.05,201.9,280.51,222.95,386.39,151.86,255.94,53.67,94.3,96.59,4417.83,-0.3714602360566982
2023-06-30,6,30,2023,2706.42,67.41,43.5,54.16,36.84,330.99,301.48,835.72,175.98,80.2,224.13,113.33,132.1,28.88,101.38,48.52,201.0,268.01,185.46,395.19,122.51,247.62,40.4,89.81,87.76,4212.380000000001,-0.5564398725992273
2023-11-15,11,15,2023,2757.96,93.97,43.08,53.09,42.29,329.72,245.43,861.98,163.88,101.62,218.87,88.93,178.99,33.32,91.12,41.38,181.53,309.41,206.71,389.32,123.97,312.89,51.93,114.72,116.77,4394.920000000001,-0.5935401528666119
2023-10-22,10,22,2023,3453.17,68.32,45.45,71.76,40.88,337.52,283.51,835.01,151.6,91.95,233.15,98.56,141.24,33.24,110.07,49.84,239.03,356.84,161.13,371.5,158.41,354.4,51.46,107.07,115.53,4507.469999999999,-0.3053136683105666
2023-10-27,10,27,2023,3394.06,88.36,40.9,63.79,38.92,346.97,314.04,726.48,159.04,112.35,163.54,89.33,125.4,34.94,104.02,55.25,186.57,273.64,227.32,322.81,131.47,277.46,40.82,83.85,109.76,4117.03,-0.21301037695267608
2023-12-07,12,7,2023,2951.8,73.14,48.74,56.7,37.84,471.78,318.76,661.34,173.96,109.51,239.47,107.47,163.3,26.42,100.03,55.09,170.33,312.76,222.94,403.2,143.79,301.72,58.75,84.24,96.81,4438.09,-0.5035198861711497
2023-05-06,5,6,2023,3176.04,71.03,59.42,58.3,43.79,377.7,305.84,869.26,165.4,86.63,193.6,99.22,175.69,26.52,113.97,48.87,215.98,286.07,174.54,414.46,159.43,317.07,53.63,94.86,119.27,4530.549999999999,-0.42647762622636975
2023-09-29,9,29,2023,3507.99,89.54,41.81,60.98,34.39,444.63,346.36,903.47,169.3,102.53,193.15,101.95,170.16,35.2,117.11,44.71,196.81,257.33,212.3,339.05,157.48,353.5,40.54,86.06,86.85,4585.210000000001,-0.3070761319159978
2023-08-30,8,30,2023,3215.17,82.34,40.72,67.5,44.21,388.55,338.87,919.33,162.87,105.11,195.84,106.84,153.13,33.72,119.38,51.62,216.26,248.47,223.28,387.32,138.84,264.3,50.5,119.55,115.14,4573.6900000000005,-0.42253442275214076
2023-10-06,10,6,2023,3048.94,85.94,56.86,65.97,39.4,330.61,309.98,742.53,156.15,102.31,184.2,100.4,156.51,32.55,95.62,48.1,203.99,300.66,204.04,390.93,132.32,242.74,43.11,80.68,99.16,4204.759999999999,-0.37908912605692446
2023-02-10,2,10,2023,2581.13,83.0,53.63,52.33,46.97,445.82,312.32,842.25,140.02,83.53,230.28,101.87,129.28,30.8,111.56,50.46,190.96,318.68,220.99,401.72,128.03,337.01,52.98,99.54,116.62,4580.65,-0.7746684591632345
2023-07-18,7,18,2023,3258.32,91.19,51.92,68.95,32.75,413.78,266.33,889.39,155.37,85.76,204.26,115.74,133.43,34.86,100.46,58.59,194.93,276.45,232.17,467.41,134.56,277.94,48.41,93.12,100.44,4528.209999999998,-0.3897376562154724
2023-07-31,7,31,2023,3434.7,89.05,57.3,71.92,35.06,376.69,293.53,896.12,146.54,109.59,221.28,113.59,159.49,34.56,84.01,46.59,210.57,321.76,221.41,390.4,174.3,282.9,52.87,100.99,104.71,4595.230000000001,-0.33788394910763725
2023-12-12,12,12,2023,3452.61,71.12,45.48,67.73,36.21,369.79,357.82,811.97,126.28,83.05,165.11,115.51,177.06,31.82,108.06,55.05,234.9,357.33,223.46,456.13,131.91,304.29,48.88,92.97,110.0,4581.930000000001,-0.3270916784693322
2023-10-01,10,1,2023,3122.09,87.8,51.66,58.51,45.96,418.87,304.53,919.59,128.53,105.55,184.2,111.12,136.02,29.12,91.68,48.24,197.84,337.22,161.98,441.81,133.91,332.66,54.51,97.09,91.93,4570.33,-0.4638687545842688
2023-01-12,1,12,2023,2479.67,70.97,42.69,55.66,35.5,399.78,319.43,917.95,141.3,117.8,189.28,108.26,129.61,34.92,106.77,53.25,178.68,301.09,236.94,443.84,132.5,244.53,51.3,83.55,102.37,4497.970000000001,-0.8139389515540378
2023-12-28,12,28,2023,3194.27,84.56,59.92,53.44,34.8,334.48,342.54,875.64,124.14,93.88,219.11,101.5,154.98,33.57,80.96,49.33,176.58,275.0,190.74,395.35,135.28,261.2,42.45,109.72,102.89,4332.06,-0.35619719059440824
2023-10-06,10,6,2023,2740.12,66.63,52.54,54.43,46.91,468.65,253.79,660.37,120.18,80.53,172.92,86.62,150.82,25.13,102.58,41.44,226.73,274.4,239.87,356.47,165.79,340.53,53.35,95.46,115.57,4251.709999999999,-0.5516510225829523
2023-12-28,12,28,2023,3108.96,90.15,44.07,59.68,39.2,324.13,359.55,829.28,163.14,85.01,192.41,106.58,179.82,35.65,110.83,40.57,172.13,355.41,210.75,475.08,164.95,309.02,52.92,95.38,112.77,4608.4800000000005,-0.4823220626833412
2023-03-01,3,1,2023,3069.4,70.04,47.54,59.03,41.6,380.41,289.86,779.36,124.68,85.58,185.08,95.77,134.43,26.09,118.01,40.64,223.47,340.59,170.69,431.83,133.21,313.65,50.88,82.89,119.54,4344.870000000001,-0.4155437544797031
2023-08-13,8,13,2023,3566.34,81.72,57.82,59.72,41.88,322.58,296.92,784.75,124.33,85.99,184.35,112.57,127.22,27.53,104.67,44.23,222.15,282.06,196.63,456.23,174.48,292.11,46.14,114.74,95.08,4335.900000000001,-0.21578424939854315
2023-01-27,1,27,2023,2532.05,76.28,49.79,51.08,35.49,410.82,333.88,754.15,174.28,95.26,208.99,93.39,154.96,25.9,87.31,53.71,190.05,345.7,224.95,367.78,122.7,265.96,57.17,111.71,112.57,4403.879999999999,-0.7392547540530395
2023-06-15,6,15,2023,2402.98,69.72,56.03,56.24,43.66,476.6,339.81,890.17,136.27,91.54,214.67,115.0,143.96,25.69,101.34,50.72,205.81,276.08,220.4,473.07,123.97,351.02,45.52,109.25,107.83,4724.370000000001,-0.9660463258121169
2023-07-11,7,11,2023,3223.97,73.36,56.59,51.57,33.48,361.71,333.8,786.56,151.02,103.59,185.35,82.54,172.49,24.1,80.56,46.44,179.51,299.47,194.84,335.16,131.66,323.8,56.09,100.08,82.39,4246.16,-0.3170594019175117
2023-12-23,12,23,2023,3043.1,94.88,41.72,52.95,33.35,334.74,247.79,713.23,148.88,96.5,210.5,117.81,120.89,33.58,83.1,49.12,163.63,320.57,210.47,371.21,138.07,279.68,49.08,82.12,105.69,4099.5599999999995,-0.3471657191679536
2023-11-30,11,30,2023,3405.42,68.57,48.56,61.88,35.17,467.92,326.58,759.13,135.8,108.27,175.69,96.17,123.17,26.34,87.4,50.04,229.94,357.22,215.31,373.62,161.72,321.03,58.31,85.52,91.53,4464.89,-0.3111128730083221
2023-02-18,2,18,2023,2515.01,89.22,40.55,57.81,32.59,370.41,270.73,876.33,153.98,80.76,238.65,96.07,173.57,26.47,109.61,42.81,170.85,256.4,162.99,478.59,133.93,357.28,42.61,106.59,81.89,4450.6900000000005,-0.7696510153041142
2023-07-13,7,13,2023,2567.81,64.88,59.22,65.74,44.12,456.05,253.66,706.48,152.05,88.36,206.07,87.7,158.5,28.36,100.68,59.11,169.34,265.76,179.46,415.63,140.13,343.19,53.59,93.33,88.66,4280.07,-0.6668172489397579
2023-04-06,4,6,2023,3000.72,73.55,56.08,62.63,38.85,320.8,271.65,803.84,145.76,90.7,219.63,109.19,155.0,28.28,97.49,49.08,213.6,315.01,229.36,358.8,159.71,306.02,52.5,87.09,98.88,4343.500000000001,-0.4474859367085237
2023-04-29,4,29,2023,2827.45,90.71,41.84,64.52,47.96,477.09,288.51,900.5,153.76,82.65,199.03,115.89,177.63,28.44,89.85,52.79,164.85,349.93,193.32,336.84,148.36,359.11,44.38,96.17,103.26,4607.390000000001,-0.6295213001114084
2023-07-09,7,9,2023,2591.1,92.1,55.55,70.78,46.78,383.01,326.36,853.42,140.28,102.45,215.9,107.99,144.46,33.14,115.23,51.53,231.06,329.75,172.33,352.41,174.65,330.6,47.77,116.95,86.03,4580.53,-0.7677936011732468
2023-02-22,2,22,2023,2806.51,66.62,52.82,68.72,43.17,386.94,263.58,840.09,175.87,92.96,177.0,106.37,144.65,27.94,109.96,44.93,206.22,289.56,168.1,436.92,128.83,307.86,51.8,89.45,104.34,4384.7,-0.5623318641301829
2023-10-07,10,7,2023,3344.79,66.47,41.92,68.65,42.78,400.01,252.18,927.02,150.92,87.87,196.95,81.17,121.39,33.68,98.96,47.59,197.72,259.93,226.41,320.65,125.73,304.36,48.47,99.28,102.16,4302.2699999999995,-0.2862601239539701
2023-12-31,12,31,2023,2422.92,92.68,47.73,54.6,35.33,341.09,254.7,731.35,167.03,103.69,183.83,110.93,143.81,27.88,91.12,42.88,206.25,339.76,173.16,454.79,137.79,330.08,44.1,112.64,103.91,4331.13,-0.7875662423852211
2023-08-24,8,24,2023,2566.43,93.78,57.21,62.13,46.39,321.82,287.45,823.25,150.34,106.6,239.48,84.39,158.52,32.43,95.33,45.84,196.81,314.45,196.12,427.56,144.7,346.68,44.48,93.15,104.0,4472.909999999998,-0.7428529124114035
2023-01-17,1,17,2023,2525.86,76.47,43.4,66.85,41.14,338.17,333.13,719.01,156.1,109.26,162.71,110.17,131.68,26.78,118.88,44.31,233.41,290.31,198.56,448.02,177.42,272.84,55.89,91.26,113.02,4358.790000000001,-0.7256657138558751
2023-10-07,10,7,2023,3356.57,72.49,54.57,70.92,45.84,398.98,265.98,663.65,135.06,101.78,168.3,80.42,136.98,31.85,103.61,53.15,221.73,245.71,184.92,463.83,129.69,349.42,43.01,102.47,115.27,4239.630000000001,-0.2630840411491495
2023-08-02,8,2,2023,3511.0,76.93,50.89,48.79,47.44,460.19,312.27,718.86,128.66,118.19,221.58,90.31,173.72,35.21,92.09,45.22,172.47,247.19,185.54,331.95,123.68,297.37,59.69,83.85,113.49,4235.579999999999,-0.20637425234975762
2023-10-30,10,30,2023,2519.63,93.46,47.64,49.92,44.6,335.82,324.23,667.65,149.73,88.13,170.82,108.22,154.98,27.71,113.9,40.32,170.83,348.75,213.52,320.69,178.24,302.49,56.06,83.53,83.68,4174.92,-0.6569575691669014
2023-03-09,3,9,2023,3408.46,78.7,52.64,55.61,46.54,469.42,249.01,937.42,132.79,97.45,227.93,94.74,142.83,34.32,87.5,41.43,204.33,355.68,163.0,421.94,138.1,356.48,53.15,95.16,111.3,4647.469999999998,-0.36351020695563346
2023-05-27,5,27,2023,2603.18,84.53,42.38,54.82,32.77,433.6,249.89,747.36,139.89,96.44,213.08,118.63,131.13,24.8,101.91,56.28,186.97,359.8,174.04,424.96,164.38,347.21,40.04,105.32,91.32,4421.549999999999,-0.6985187347782326
2023-02-03,2,3,2023,3521.08,78.93,50.86,64.91,36.41,404.11,349.18,776.29,156.27,100.27,238.56,103.92,178.87,24.37,84.24,59.81,216.06,280.89,196.11,470.25,175.02,264.98,47.28,100.19,115.46,4573.239999999999,-0.2988174082951819
2023-04-05,4,5,2023,2937.91,87.18,49.11,57.35,34.13,424.55,288.61,648.28,142.97,80.32,161.8,81.71,137.64,35.99,116.84,42.22,177.8,358.42,190.25,423.73,177.66,343.34,45.21,111.5,100.48,4317.089999999999,-0.46944256291036807
2023-02-22,2,22,2023,3452.34,64.11,52.76,67.51,38.55,415.92,320.68,956.25,168.25,84.01,170.85,85.63,148.3,26.02,100.06,42.23,188.09,335.13,172.91,356.7,153.13,261.72,51.12,91.36,101.44,4452.73,-0.2897715752214438
2023-08-30,8,30,2023,2792.09,68.98,43.85,72.0,41.46,367.55,240.15,669.53,163.58,102.17,196.19,112.1,133.69,34.68,84.07,42.31,179.7,320.04,226.08,471.31,138.87,278.24,55.6,97.72,85.82,4225.689999999999,-0.5134504976558774
2023-11-26,11,26,2023,3036.74,68.2,56.51,67.0,38.99,338.83,324.03,852.77,177.39,102.26,163.27,110.37,151.45,24.35,117.07,40.34,165.82,347.39,168.19,366.03,172.0,353.19,44.85,83.09,93.32,4426.71,-0.4577178158156445
2023-03-06,3,6,2023,3343.97,80.34,58.13,70.32,36.2,395.12,289.2,785.32,163.97,105.15,204.05,87.01,158.49,32.09,117.05,44.47,190.84,330.72,199.82,466.04,158.55,356.17,53.47,89.09,102.33,4573.9400000000005,-0.36781729501161814
2023-03-01,3,1,2023,3201.16,67.12,56.48,62.89,46.48,391.14,351.74,929.24,169.32,96.1,206.06,92.76,139.92,27.88,93.78,49.86,189.77,308.66,215.83,323.34,165.57,262.39,57.9,80.03,96.76,4481.02,-0.3998113183970813
2023-08-09,8,9,2023,3079.73,65.56,45.96,69.45,40.32,448.16,291.5,760.72,163.67,95.54,193.63,89.62,147.14,27.28,97.76,40.86,191.93,257.27,193.15,468.23,145.1,307.22,45.98,115.96,82.34,4384.35,-0.42361505716410214
2023-07-03,7,3,2023,2663.94,64.66,45.61,59.49,38.38,418.2,316.82,911.64,137.75,92.05,221.91,99.96,174.56,27.88,115.06,40.18,182.56,262.1,219.52,464.15,130.45,276.18,40.1,81.28,83.2,4503.69,-0.6906124011802066
2023-12-30,12,30,2023,2551.22,67.54,46.62,53.92,45.97,416.06,279.32,748.17,147.51,113.83,206.8,81.15,130.45,29.99,112.36,40.3,182.2,284.27,164.91,479.48,132.77,318.86,52.41,93.52,103.99,4332.4,-0.698167935340739
2023-07-03,7,3,2023,2617.54,71.11,41.65,63.36,46.75,342.29,286.42,654.75,121.22,113.13,208.41,95.69,174.29,32.28,104.0,48.85,167.94,275.46,172.56,342.21,127.86,276.24,48.15,101.66,110.76,4027.0400000000013,-0.5384826974945947
2023-03-03,3,3,2023,2831.02,71.7,43.52,57.75,41.67,395.97,358.86,641.59,133.28,85.05,188.4,81.32,132.93,34.07,103.45,50.0,184.17,333.63,225.71,321.21,129.07,290.16,53.43,81.95,103.06,4141.95,-0.463059250729419
2023-11-26,11,26,2023,2692.22,75.96,44.51,62.5,33.36,329.89,246.98,646.94,162.52,105.92,194.42,95.07,131.05,28.09,108.62,53.54,216.0,247.68,219.2,376.62,155.98,240.29,48.99,119.9,112.48,4056.5099999999998,-0.5067527913766334
2023-03-15,3,15,2023,2672.29,73.14,55.59,65.45,47.64,341.87,268.12,947.96,159.05,98.75,233.28,101.38,124.53,27.98,91.59,54.68,227.03,293.27,222.59,338.92,137.74,330.83,43.92,104.57,116.5,4506.38,-0.6863364380362911
2023-02-11,2,11,2023,3204.1,95.17,48.56,58.1,38.85,329.35,261.22,790.7,173.78,96.72,170.0,111.35,129.61,25.04,108.01,46.42,203.8,288.81,165.93,435.42,123.59,255.85,41.38,84.56,99.14,4181.360000000001,-0.30500296495115653
2023-10-08,10,8,2023,3215.7,78.14,47.73,67.82,42.12,352.72,269.53,688.37,161.04,84.92,188.46,86.21,172.14,28.54,105.43,54.41,211.77,284.12,177.65,399.68,124.99,341.5,52.13,87.7,81.6,4188.719999999999,-0.3025841962869669
2023-05-06,5,6,2023,2944.27,74.77,58.17,61.68,40.61,465.26,257.82,717.85,161.84,88.29,180.77,93.78,159.52,30.03,95.2,52.25,170.14,297.45,237.16,434.18,126.2,319.09,44.03,107.32,96.51,4369.919999999999,-0.4842117061274948
2023-10-19,10,19,2023,2485.89,95.53,57.91,70.06,34.23,335.08,333.47,853.54,121.82,95.51,188.25,108.01,143.58,26.21,97.8,55.86,177.63,346.5,165.09,343.12,130.98,273.56,58.86,88.82,112.31,4313.7300000000005,-0.735285953923947
2023-05-08,5,8,2023,2986.81,90.7,53.45,55.54,44.02,418.18,357.29,723.26,146.48,91.74,194.07,86.59,168.85,30.93,108.33,56.61,161.73,288.82,171.05,320.93,144.8,255.55,51.35,93.08,101.35,4214.700000000001,-0.4111041545997237
2023-06-20,6,20,2023,3430.5,68.58,53.44,68.79,44.25,440.11,345.1,867.51,130.76,117.79,219.18,108.09,156.83,31.01,88.62,53.7,181.54,256.62,170.48,337.64,146.23,333.91,47.42,80.17,85.89,4433.660000000001,-0.2924238449205657
2023-04-11,4,11,2023,2751.25,79.79,51.0,68.57,46.96,431.88,327.59,642.0,174.64,118.9,217.84,98.55,172.63,28.48,114.56,45.83,212.44,295.07,176.29,423.96,151.78,251.23,49.06,107.23,117.87,4404.150000000001,-0.6007814629713768
2023-03-15,3,15,2023,3329.01,70.18,52.9,69.14,43.09,468.23,323.85,726.31,123.84,116.9,199.06,110.64,146.72,28.75,96.28,44.39,171.25,343.55,238.36,403.24,132.03,253.54,59.77,115.33,113.02,4450.370000000002,-0.33684488781950234
2023-01-14,1,14,2023,3386.05,90.91,57.83,65.28,40.29,400.54,272.21,764.06,135.19,118.59,203.45,88.18,165.16,29.07,98.05,51.53,161.84,334.8,173.31,476.37,152.42,288.66,54.48,105.53,107.89,4435.64,-0.30997474933920055
2023-07-15,7,15,2023,2410.47,74.74,53.54,62.56,36.58,389.58,349.92,682.59,153.74,94.82,193.54,102.73,170.04,25.36,87.51,45.23,189.57,344.06,232.65,468.88,142.45,338.98,59.38,114.98,83.1,4496.530000000001,-0.8654162881097881
2023-06-19,6,19,2023,2750.13,67.51,46.9,69.59,43.45,463.13,317.07,813.09,122.93,118.07,218.7,103.08,165.44,32.82,91.43,52.76,164.9,247.37,179.36,375.77,143.1,301.08,41.52,88.54,93.21,4360.820000000001,-0.5856777679600602
2023-09-25,9,25,2023,3161.17,67.3,50.3,53.21,36.96,371.16,300.68,703.07,157.47,80.48,233.77,100.65,139.07,27.38,84.4,56.82,196.06,271.47,167.3,468.34,122.23,346.63,55.81,106.28,96.19,4293.030000000001,-0.35805097479730624
2023-11-07,11,7,2023,3032.54,81.88,54.07,59.61,33.65,334.95,283.9,936.91,145.46,111.95,238.22,84.51,154.13,29.64,113.26,48.77,206.33,325.54,176.16,351.87,144.83,297.18,40.83,92.83,81.12,4427.599999999999,-0.46003020570215053
2023-10-02,10,2,2023,2648.86,70.07,47.13,60.94,41.41,387.52,292.77,687.98,142.18,94.59,179.15,89.9,159.37,33.25,100.37,45.65,191.03,319.13,167.54,464.87,162.02,280.22,40.87,107.25,101.58,4266.79,-0.610802382911894
2023-05-18,5,18,2023,3514.84,77.69,49.7,68.86,32.07,460.0,264.29,688.52,150.93,88.18,232.08,98.48,148.74,28.61,103.7,56.22,177.76,278.0,211.04,449.76,162.61,259.75,42.52,100.71,117.74,4347.96,-0.2370292815604693
2023-08-07,8,7,2023,2527.79,71.63,56.08,59.21,35.05,466.44,304.22,820.58,148.31,115.44,227.39,105.56,165.93,26.69,114.6,56.89,236.01,335.2,197.53,467.18,177.01,253.91,57.58,100.05,85.61,4684.099999999999,-0.8530415896890167
2023-03-07,3,7,2023,3231.95,79.38,50.08,57.36,32.02,416.41,241.03,930.37,128.79,81.92,171.32,114.3,128.45,27.54,91.61,44.33,214.22,246.22,219.11,397.35,169.3,319.47,59.71,83.76,104.76,4408.81,-0.36413310849487174
2023-12-31,12,31,2023,3483.95,93.91,53.56,61.98,39.6,380.19,325.17,779.04,166.31,96.11,196.42,91.84,156.44,32.68,95.11,57.09,175.58,333.48,161.29,418.4,142.0,259.38,56.48,91.26,85.54,4348.86,-0.24825557198008005
2023-12-12,12,12,2023,2855.83,86.8,43.93,59.01,35.2,431.13,255.26,668.24,124.56,90.33,238.73,108.14,147.52,28.34,91.38,53.44,193.71,331.47,186.77,446.17,155.2,249.91,58.89,81.49,108.08,4273.7,-0.4964826337702174
2023-01-23,1,23,2023,2483.09,86.68,58.19,58.06,32.49,325.23,288.16,819.37,163.07,106.78,227.58,116.39,155.87,34.36,116.74,44.07,185.49,300.91,217.1,377.31,173.67,312.01,42.16,102.82,98.88,4443.389999999999,-0.7894599068096602
2023-02-16,2,16,2023,3381.84,76.3,59.41,65.06,46.79,477.59,286.48,730.76,169.91,112.49,161.84,88.31,176.54,35.4,107.71,56.35,192.61,283.78,222.29,342.72,143.57,279.97,57.17,103.69,86.66,4363.4,-0.29024436401485565
2023-09-13,9,13,2023,3203.77,73.28,40.79,48.83,46.09,428.05,256.95,814.75,159.84,83.45,213.32,95.08,121.05,25.03,80.96,55.31,182.38,338.87,199.64,338.33,177.26,264.35,41.14,105.8,109.02,4299.570000000001,-0.3420345405569066
2023-05-01,5,1,2023,2784.32,77.47,53.11,53.21,41.57,442.02,347.61,899.78,125.36,82.33,217.79,103.57,151.58,31.14,89.39,51.06,201.68,327.25,224.76,369.56,169.44,356.06,43.47,105.75,117.93,4682.89,-0.6818792380186186
2023-06-21,6,21,2023,3238.82,72.92,46.7,69.14,41.6,348.75,321.95,838.92,133.81,116.94,216.5,105.33,145.03,25.06,110.81,47.88,202.7,317.12,200.95,449.72,128.42,256.45,52.7,100.8,93.95,4444.15,-0.3721509685626245
2023-10-20,10,20,2023,2763.72,78.68,53.95,54.15,39.33,320.6,281.7,869.7,124.42,113.13,239.83,81.45,140.93,30.58,88.48,55.6,179.56,343.44,194.61,468.78,156.28,314.25,45.8,85.58,102.31,4463.140000000001,-0.6149031016166622
2023-03-05,3,5,2023,3296.4,68.48,48.44,53.59,47.98,437.35,282.72,649.21,163.71,96.22,198.87,99.16,172.01,30.11,99.15,57.39,170.02,303.69,224.84,354.68,175.61,291.89,50.52,106.59,94.3,4276.53,-0.29733345467783023
2023-02-14,2,14,2023,3274.45,76.69,55.52,63.36,39.36,384.24,311.05,698.9,145.94,97.75,226.46,100.6,154.19,32.25,97.9,47.94,235.97,358.74,185.99,349.96,175.01,312.27,57.84,101.51,104.37,4413.81,-0.34795461833284996
2023-08-26,8,26,2023,2749.72,82.68,56.17,61.57,33.7,371.75,314.7,793.69,129.14,92.91,208.26,99.84,137.78,30.59,87.52,51.14,236.77,303.86,185.37,467.88,175.11,352.94,45.82,110.93,84.37,4514.490000000001,-0.6417998923526763
2023-07-18,7,18,2023,2795.59,81.65,43.77,49.68,45.17,414.44,353.88,752.79,143.79,112.06,202.75,97.66,158.9,34.1,92.33,48.57,164.49,318.18,221.91,320.7,156.21,271.43,51.89,105.54,100.91,4342.799999999999,-0.5534466785186666
2023-08-17,8,17,2023,3073.41,92.45,46.99,59.11,32.8,357.27,242.0,685.21,131.77,84.94,218.49,86.0,158.02,24.77,100.29,56.71,162.89,273.03,205.73,475.05,144.09,317.18,46.89,119.82,86.48,4207.98,-0.36915673470184573
2023-04-07,4,7,2023,2889.69,70.75,42.38,61.46,38.15,461.83,241.64,944.71,158.34,80.79,170.89,90.47,130.37,28.62,108.42,42.78,216.14,308.91,189.08,395.13,167.56,316.21,59.88,107.89,93.07,4525.469999999999,-0.5660745616311782
2023-12-20,12,20,2023,2510.43,84.54,45.54,57.38,42.61,415.61,348.15,857.05,174.5,90.23,217.63,101.71,149.58,26.5,105.84,45.06,189.81,270.53,217.96,364.91,159.32,347.56,59.5,106.51,96.75,4574.780000000001,-0.8223093254940392
2023-09-21,9,21,2023,2638.35,87.92,45.35,52.76,36.75,438.63,267.44,940.73,141.19,101.88,194.32,86.4,144.99,29.93,97.37,47.83,183.98,277.58,172.34,457.71,168.68,296.73,50.49,80.18,100.32,4501.5,-0.7061799988629257
2023-11-08,11,8,2023,2748.87,69.09,57.68,57.8,44.87,409.74,318.83,847.62,138.05,114.85,218.3,119.87,161.43,34.4,81.27,40.48,217.92,276.67,223.98,377.79,163.24,311.51,50.64,96.04,86.61,4518.68,-0.643831829078858
2023-01-05,1,5,2023,2461.36,70.31,43.44,71.66,41.66,351.38,245.48,789.58,133.64,109.53,232.56,113.78,155.42,27.24,111.54,46.91,210.31,322.28,179.34,468.06,123.81,256.52,51.18,94.05,94.17,4343.850000000001,-0.7648170117333511
2023-12-13,12,13,2023,2559.19,86.31,40.1,71.82,32.37,349.6,307.48,739.73,140.61,115.39,171.14,98.56,135.89,32.21,106.89,44.65,177.9,298.98,228.68,441.35,131.29,335.7,54.5,84.02,85.69,4310.86,-0.6844626620141527
2023-12-03,12,3,2023,2823.11,64.93,59.88,52.0,37.73,461.59,338.05,687.68,146.05,107.03,232.49,112.24,140.64,32.3,100.94,49.92,202.28,306.48,214.15,375.77,140.53,249.63,52.64,97.26,81.64,4343.850000000001,-0.53867543241319
2023-11-06,11,6,2023,3388.56,84.03,51.69,55.78,33.25,426.49,350.78,750.09,141.45,110.23,177.59,98.15,121.88,33.18,85.43,43.73,227.62,289.89,175.98,390.76,143.12,359.72,42.81,83.47,92.7,4369.820000000001,-0.28958023467195526
2023-09-01,9,1,2023,2849.46,77.54,54.44,68.87,34.67,388.06,345.96,695.62,145.46,100.55,202.06,100.45,167.01,29.3,86.39,51.78,234.63,290.87,178.72,416.56,145.89,242.42,56.88,116.92,103.91,4334.959999999999,-0.5213268478939866
2023-02-07,2,7,2023,2922.99,79.81,41.19,56.05,43.4,435.38,338.58,812.75,175.06,85.0,214.17,108.94,146.44,32.12,84.0,43.46,220.85,273.65,178.33,444.06,175.19,303.67,40.77,100.08,114.01,4546.960000000001,-0.5555852055600605
2023-02-16,2,16,2023,3189.08,84.81,41.14,56.86,45.05,384.12,283.95,914.89,128.69,87.03,217.79,84.28,135.32,29.66,110.68,48.83,197.32,312.77,165.11,434.93,137.57,242.91,45.7,90.35,115.81,4395.5700000000015,-0.3783191390620498
2023-09-24,9,24,2023,3421.01,70.5,45.98,58.46,41.84,356.0,335.47,923.71,161.14,114.23,213.16,103.41,149.02,32.14,84.29,40.32,171.77,310.15,235.9,469.78,156.3,286.78,55.65,93.59,82.57,4592.159999999999,-0.3423404199344634
2023-08-20,8,20,2023,2656.36,69.18,42.23,58.26,42.96,333.34,246.43,801.09,133.72,104.74,172.54,103.75,134.77,30.81,83.02,46.45,177.43,295.26,222.24,338.23,121.61,256.43,50.28,98.05,80.04,4042.8599999999997,-0.5219548555165714
2023-11-26,11,26,2023,2750.42,91.21,54.81,68.17,33.3,458.14,246.78,727.73,123.07,112.35,174.21,85.24,158.77,32.91,100.83,51.21,204.4,244.11,177.04,470.42,158.28,345.66,43.4,92.65,95.99,4350.6799999999985,-0.5818238669003274
2023-07-23,7,23,2023,2456.68,84.75,40.95,48.2,44.49,446.19,272.78,859.15,147.55,93.92,210.03,101.46,163.42,26.88,96.96,50.1,163.57,346.64,226.41,426.4,146.78,248.6,57.43,92.54,89.75,4484.950000000001,-0.8256142436133322
2023-05-24,5,24,2023,2850.36,67.22,46.21,51.57,33.58,405.67,305.63,755.73,134.16,81.26,204.01,87.88,163.87,34.58,106.88,50.46,217.89,316.46,177.78,454.58,134.25,307.84,53.35,83.44,117.54,4391.84,-0.540801863624244
2023-09-03,9,3,2023,3588.43,87.62,52.0,59.18,40.16,433.03,317.76,777.09,131.05,81.71,188.29,83.23,161.92,25.2,82.01,49.48,160.71,253.7,179.32,409.7,172.28,243.31,53.08,101.33,104.27,4247.430000000001,-0.18364577266381157
2023-02-23,2,23,2023,2616.36,78.68,50.58,49.94,33.76,444.97,330.42,839.11,167.91,92.16,180.76,94.53,156.33,25.7,95.82,46.77,225.82,312.0,196.28,399.76,134.18,293.54,53.69,84.65,110.21,4497.57,-0.7190180250424252
2023-09-14,9,14,2023,3000.57,88.0,56.93,53.77,37.67,337.05,329.06,884.77,142.9,111.05,203.51,117.6,142.34,29.93,98.35,43.91,227.69,302.97,219.8,451.71,122.79,327.53,44.35,106.21,108.7,4588.59,-0.5292394445055439
2023-05-28,5,28,2023,3200.66,94.77,46.04,66.9,46.17,348.15,290.91,872.81,120.05,118.06,168.84,112.22,144.97,25.16,91.93,52.52,168.18,262.27,200.91,338.03,143.81,303.82,48.43,115.49,96.63,4277.069999999999,-0.3363087613179779
2023-09-03,9,3,2023,2432.66,72.01,46.26,60.93,41.05,414.9,348.29,936.63,132.99,102.05,222.35,89.25,121.7,30.5,99.46,52.07,211.26,288.19,178.16,454.87,165.93,309.2,43.62,118.08,111.18,4650.93,-0.9118701339274706
2023-12-28,12,28,2023,3585.4,83.0,53.23,52.02,46.96,381.33,311.8,729.65,122.62,90.57,190.17,117.47,128.71,25.13,101.73,43.41,201.09,273.69,169.93,350.81,125.25,253.71,53.93,110.91,117.84,4134.959999999999,-0.1532771796731185
2023-11-30,11,30,2023,2464.11,90.48,46.69,58.76,41.81,446.41,327.26,849.97,169.96,99.08,182.79,104.57,157.46,24.68,86.45,57.36,168.52,254.91,182.33,456.59,167.43,358.54,47.12,109.51,102.12,4590.8,-0.8630661780521162
2023-10-01,10,1,2023,3195.49,95.84,57.83,48.23,33.23,353.8,336.09,913.33,171.92,92.54,228.93,83.79,144.48,33.95,86.73,49.22,236.41,339.94,195.89,348.48,172.0,289.73,48.37,92.2,96.42,4549.3499999999985,-0.42367837170512157
2023-09-07,9,7,2023,3496.63,80.23,41.77,68.14,35.38,456.47,325.26,847.45,173.22,82.14,202.43,117.91,161.86,25.37,88.29,56.47,199.97,291.12,199.5,350.16,161.0,260.61,47.78,112.1,107.64,4492.2699999999995,-0.2847427380077387
2023-08-04,8,4,2023,3505.11,89.67,44.84,59.28,45.78,372.71,309.41,881.38,122.72,107.57,226.78,89.71,160.35,31.22,109.99,47.43,222.12,300.42,187.34,387.38,178.06,344.11,53.6,116.68,101.93,4590.4800000000005,-0.3096536200005136
2023-03-05,3,5,2023,2583.78,91.22,59.98,53.23,42.11,343.28,278.66,947.54,140.52,97.52,181.79,113.35,162.03,26.21,102.31,57.56,210.35,341.17,232.26,453.04,169.92,344.12,57.96,116.18,84.25,4706.56,-0.821579236622313
2023-12-27,12,27,2023,3589.75,86.61,48.12,48.9,43.14,383.23,308.57,723.56,135.49,112.99,217.87,102.19,139.1,25.13,95.58,55.52,208.25,241.04,221.74,395.25,144.0,319.38,46.75,118.32,81.85,4302.58,-0.1985737168326485
2023-10-28,10,28,2023,2914.38,85.17,47.25,66.92,40.61,341.7,273.31,873.4,153.74,109.97,208.43,87.03,126.46,29.8,111.06,43.76,212.07,331.25,167.44,384.07,123.86,345.28,44.32,104.87,87.68,4399.450000000001,-0.5095663571668761
2023-08-08,8,8,2023,2943.39,79.3,42.72,59.49,35.62,367.0,241.34,934.36,138.34,106.02,211.71,109.4,176.71,25.13,104.67,57.59,227.16,267.54,224.75,385.89,174.74,262.18,44.69,92.51,116.07,4484.929999999999,-0.5237294412225357
2023-02-18,2,18,2023,3469.87,67.2,55.82,54.96,34.69,441.72,306.33,912.96,129.32,119.41,162.47,107.73,134.68,34.04,94.71,53.95,184.61,289.36,216.12,470.08,127.08,328.3,48.52,82.61,93.45,4550.119999999999,-0.31132290258712836
2023-05-21,5,21,2023,2409.68,89.69,45.7,55.41,37.62,419.36,314.4,660.79,131.55,81.56,184.88,105.45,138.0,27.9,83.73,52.67,164.46,349.12,174.33,457.61,160.04,338.62,41.41,105.72,92.73,4312.749999999999,-0.7897604661199825
2023-06-13,6,13,2023,3139.8,69.8,51.56,71.76,32.56,473.09,269.02,762.31,142.9,103.32,234.92,96.94,130.4,26.01,93.88,44.63,190.7,308.24,167.43,330.47,169.36,333.89,43.84,107.07,113.43,4367.53,-0.3910217211287342
2023-04-29,4,29,2023,3340.13,73.78,45.61,63.14,34.38,320.35,290.96,696.86,164.68,90.81,175.31,112.24,160.47,30.47,89.2,44.76,176.69,284.51,235.13,438.01,142.87,348.3,45.09,81.49,97.39,4242.5,-0.2701601434674698
2023-07-05,7,5,2023,3374.32,69.62,44.98,61.49,38.14,419.24,256.03,745.53,121.25,90.76,187.2,113.31,154.66,28.17,118.96,57.05,210.69,352.31,224.56,478.19,156.53,345.5,58.42,113.74,114.63,4560.96,-0.351667891604827
2023-05-08,5,8,2023,3083.18,89.81,52.1,71.04,36.53,353.52,312.11,908.64,148.22,93.13,180.69,84.98,152.97,26.42,81.51,51.84,207.1,272.88,204.04,471.93,132.74,272.97,45.7,109.19,105.8,4465.86,-0.448459058504531
2023-12-08,12,8,2023,2852.75,94.81,48.59,62.14,41.78,361.31,241.97,864.25,147.45,114.13,211.4,114.89,171.99,29.2,82.06,56.93,209.7,348.98,166.46,474.14,132.89,302.83,55.92,118.04,117.29,4569.15,-0.6016650600297957
2023-08-18,8,18,2023,2523.15,76.55,56.59,58.05,43.65,320.01,280.64,813.7,150.31,117.75,214.9,95.37,159.73,27.13,115.47,53.66,176.35,323.32,237.57,378.87,173.26,358.01,51.51,93.11,115.32,4490.83,-0.7798505835959019
2023-05-23,5,23,2023,2789.05,93.1,52.91,66.76,38.54,433.19,334.92,713.38,140.59,81.82,225.99,109.98,135.86,26.14,102.44,41.44,226.52,304.45,173.43,372.98,146.74,276.08,40.67,85.2,82.23,4305.359999999999,-0.5436654057833307
2023-12-16,12,16,2023,3431.12,81.25,57.43,71.98,38.85,347.59,285.17,905.89,150.85,111.58,210.33,110.42,134.96,31.76,102.92,55.17,192.58,307.11,164.14,381.66,139.38,282.1,40.38,113.6,80.87,4397.97,-0.2817884539159226
2023-02-10,2,10,2023,3420.18,68.52,50.99,57.06,37.34,474.69,313.25,706.69,165.55,105.71,200.3,94.75,174.39,34.84,99.59,47.01,190.08,296.98,231.32,381.97,144.9,246.19,43.89,96.9,90.15,4353.06,-0.2727575741627635
2023-12-15,12,15,2023,2737.51,84.12,45.16,60.21,41.56,439.55,326.25,714.44,152.23,106.97,172.04,88.89,146.38,29.06,99.07,56.84,232.17,293.82,177.59,339.85,146.79,273.59,47.15,98.46,97.12,4269.31,-0.5595595997822839
2023-12-12,12,12,2023,2896.17,68.35,44.9,57.42,40.61,431.46,301.13,928.55,153.26,115.46,199.07,99.84,167.01,35.59,114.35,52.27,214.73,318.01,235.28,454.29,162.77,256.6,47.08,87.61,110.0,4695.64,-0.6213274773234997
2023-05-10,5,10,2023,3453.81,91.81,59.25,66.82,39.62,394.52,306.91,730.05,135.91,86.01,236.66,99.2,148.03,24.97,103.87,47.01,183.84,249.12,220.35,442.64,159.1,264.96,52.44,82.33,81.29,4306.709999999999,-0.2469446784854984
2023-01-24,1,24,2023,3085.17,72.89,40.67,57.82,38.37,436.16,258.0,878.36,163.34,93.74,202.03,118.34,140.01,31.89,94.62,46.84,174.42,264.03,214.15,470.64,145.79,243.83,53.67,116.62,110.51,4466.740000000001,-0.447810007228127
2023-01-19,1,19,2023,2712.27,64.92,59.99,65.68,33.12,437.7,337.79,827.17,165.21,94.47,193.71,83.15,161.37,31.17,102.71,54.71,226.68,359.23,166.94,336.29,173.2,300.29,54.98,97.91,117.17,4545.5599999999995,-0.6759245945278307
2023-07-25,7,25,2023,2911.66,73.98,46.13,58.77,46.77,401.72,331.69,770.68,149.21,80.0,217.64,109.32,144.7,32.05,114.34,56.68,203.8,257.67,209.13,438.46,162.72,284.26,46.86,104.02,95.0,4435.6,-0.5233921543037308
2023-09-27,9,27,2023,3170.28,66.17,54.37,64.83,43.07,320.58,261.66,865.4,149.78,116.33,228.43,92.62,170.29,32.16,104.93,48.45,233.17,248.05,164.38,330.76,172.54,303.83,47.52,92.33,92.3,4303.95,-0.357593020174874
2023-05-05,5,5,2023,2655.86,82.9,41.81,58.89,43.85,374.33,271.34,735.75,138.15,85.13,175.04,104.23,136.92,24.2,115.89,57.48,173.32,326.64,222.65,396.94,133.54,282.88,41.64,116.63,107.28,4247.429999999999,-0.5992672806548535
2023-07-28,7,28,2023,2896.34,93.62,57.29,59.5,33.53,334.43,264.43,757.27,150.33,87.52,171.31,100.56,131.74,34.81,118.82,55.45,202.76,249.42,176.8,419.52,151.63,304.56,52.75,107.75,99.56,4215.360000000001,-0.45540924062782695
2023-11-05,11,5,2023,2793.44,92.06,56.13,49.39,41.24,368.57,346.34,893.97,124.56,86.83,239.84,119.17,139.82,33.69,113.58,59.46,168.85,295.29,220.63,348.45,152.28,353.1,41.94,88.81,101.3,4535.300000000001,-0.6235537545105679
2023-10-20,10,20,2023,2510.04,92.53,55.31,65.58,47.88,473.68,247.8,722.62,143.11,90.36,216.29,119.28,130.38,34.98,84.11,52.17,189.6,295.6,227.29,476.49,170.82,340.85,54.71,84.06,82.53,4498.030000000001,-0.7920152666889774
2023-06-10,6,10,2023,2585.69,92.95,45.9,71.76,36.73,384.25,263.6,666.83,172.96,94.25,175.66,82.16,123.77,26.68,87.59,56.17,183.75,293.97,202.63,427.47,125.99,245.69,60.0,109.62,94.42,4124.8,-0.5952415022682533
2023-10-09,10,9,2023,2763.7,88.58,46.4,57.76,45.43,389.15,329.92,737.74,179.28,92.14,222.65,109.68,131.03,31.09,85.65,58.78,228.61,311.75,187.3,328.81,138.41,249.84,52.36,109.35,84.12,4295.830000000001,-0.5543763794912622
2023-08-03,8,3,2023,3566.04,93.37,54.96,71.57,38.09,418.54,242.07,926.45,173.29,113.99,218.14,105.46,129.6,27.0,112.0,42.47,202.84,290.09,200.28,340.15,161.22,315.94,49.98,117.11,96.08,4540.689999999999,-0.2733143767316123
2023-11-29,11,29,2023,3338.6,90.74,51.37,57.16,34.34,404.65,315.77,798.9,167.98,108.34,219.66,80.44,154.12,25.67,111.99,52.67,234.96,316.03,199.38,441.61,153.08,294.7,54.07,86.32,81.22,4535.17,-0.35840472054154443
2023-11-27,11,27,2023,3193.21,93.21,45.35,56.15,39.89,340.61,336.61,818.08,176.36,85.79,187.97,91.81,131.18,32.61,81.79,53.54,200.94,351.06,211.4,433.04,128.85,315.81,50.32,80.64,95.2,4438.21,-0.3898897974138876
2023-05-28,5,28,2023,3062.9,69.55,58.71,52.37,32.2,445.31,341.66,923.65,135.81,118.18,191.93,119.19,177.96,24.5,103.18,45.14,166.67,300.32,218.29,400.81,146.14,355.55,45.19,81.41,116.02,4669.739999999999,-0.5246139279767537
2023-06-18,6,18,2023,3152.41,75.34,56.11,53.29,40.94,404.93,351.21,781.7,172.8,93.9,215.78,116.45,156.8,33.96,82.96,47.79,236.72,290.0,170.24,468.4,170.6,242.76,41.76,83.91,109.08,4497.43,-0.42666404433433486
2023-04-10,4,10,2023,3067.22,64.29,45.59,67.94,36.43,440.52,348.31,665.49,154.65,80.62,200.72,88.29,127.28,32.65,90.25,59.9,206.95,358.84,185.81,359.34,130.11,326.19,45.8,82.94,108.45,4307.36,-0.40432052477487757
2023-03-04,3,4,2023,2711.54,89.88,54.62,70.97,35.73,390.48,307.3,828.33,172.96,118.29,192.71,88.6,123.38,30.77,109.15,42.52,218.41,299.21,224.63,360.94,150.63,302.05,56.29,101.15,110.81,4479.81,-0.6521275732609515
2023-06-19,6,19,2023,2856.0,85.15,51.86,52.0,44.39,470.28,304.18,699.38,173.15,101.02,173.18,101.46,120.1,33.17,101.08,43.09,189.88,245.01,231.86,402.28,145.63,327.3,53.63,113.27,99.4,4361.750000000001,-0.5272233893557426
2023-07-29,7,29,2023,3166.97,80.08,52.22,57.58,37.18,408.27,297.56,726.02,136.84,93.02,205.99,93.39,124.76,28.29,88.03,58.75,185.79,281.35,222.98,372.76,157.71,350.85,54.0,99.54,101.5,4314.46,-0.36233055570466416
2023-08-23,8,23,2023,3558.44,66.78,53.72,64.94,36.66,404.25,322.07,954.48,129.39,97.75,220.85,113.56,159.11,33.48,104.75,48.49,186.77,272.19,192.5,445.94,124.32,282.98,52.83,92.43,84.46,4544.7,-0.277160778318589
2023-07-26,7,26,2023,2928.72,83.16,44.75,65.34,46.62,327.97,354.65,752.31,150.26,87.35,226.81,95.84,131.5,24.45,110.34,46.55,198.03,316.72,173.8,364.93,127.58,273.69,50.83,109.8,92.21,4255.490000000001,-0.453020432134175
2023-12-06,12,6,2023,3120.24,79.35,48.2,49.17,42.05,442.61,292.31,862.13,177.3,112.18,229.94,118.83,136.48,33.52,87.86,46.0,160.4,340.62,186.69,355.07,164.87,284.97,57.62,95.97,119.47,4523.610000000001,-0.44976347973232855
2023-09-06,9,6,2023,2525.19,75.07,45.22,58.0,32.25,359.21,258.51,765.74,156.9,97.5,228.46,117.26,169.48,28.83,108.02,49.92,163.85,279.93,176.5,468.03,171.15,275.87,51.47,84.28,107.63,4329.08,-0.714358127507237
2023-12-30,12,30,2023,3036.86,95.41,48.18,65.73,46.81,344.57,300.16,876.12,130.24,83.42,230.5,94.3,139.26,34.63,111.39,56.77,177.4,269.51,161.57,399.54,140.41,278.4,42.78,116.57,95.45,4339.12,-0.4288179237765322
2023-08-02,8,2,2023,2711.79,94.16,47.42,59.46,40.19,366.17,287.45,782.66,156.57,113.29,226.5,113.21,124.93,33.38,102.5,51.39,168.0,300.58,196.49,379.94,124.11,308.71,53.76,91.96,111.74,4334.57,-0.5984165440539274
2023-11-06,11,6,2023,3336.9,74.85,53.44,58.31,36.41,406.64,302.4,855.35,134.67,111.22,186.91,102.81,136.33,29.34,94.02,55.6,206.59,244.4,161.5,372.18,163.52,271.6,55.88,88.41,113.41,4315.79,-0.29335311216997806
2023-04-24,4,24,2023,3580.79,77.82,49.42,59.82,37.38,385.68,307.64,944.24,163.56,113.2,181.25,104.5,173.86,29.84,117.86,53.88,183.88,253.51,176.84,415.0,148.0,359.29,53.28,84.39,117.99,4592.13,-0.28243488168811914
2023-11-26,11,26,2023,2702.71,78.56,44.57,54.91,47.38,358.46,248.61,926.22,135.74,101.46,170.68,94.1,141.92,35.54,93.47,45.09,177.86,272.44,237.31,421.42,138.54,287.22,46.58,105.95,98.7,4362.73,-0.6142057416444974
2023-11-14,11,14,2023,3198.23,68.85,57.21,60.87,47.47,375.92,242.12,888.08,164.99,111.43,226.93,99.44,155.87,33.99,94.49,50.03,212.29,288.29,172.43,463.67,151.85,349.09,52.56,84.7,87.74,4540.3099999999995,-0.41963210901029613
2023-03-27,3,27,2023,2686.0,87.73,53.1,71.1,36.83,320.3,242.19,672.56,144.03,103.72,238.06,105.34,125.76,32.75,99.71,51.8,217.63,336.8,215.48,475.87,127.47,281.92,46.39,93.6,81.67,4261.81,-0.5866753536857783
2023-12-31,12,31,2023,2660.1,94.04,47.46,66.4,32.59,393.84,262.92,903.89,126.05,83.11,187.83,107.11,159.54,24.47,84.19,54.99,235.21,295.2,223.25,363.15,122.01,305.16,54.01,87.12,101.16,4414.7,-0.6595992631855945
2023-06-10,6,10,2023,3215.88,76.73,54.07,50.64,44.77,412.53,333.67,852.67,166.24,116.93,193.94,96.07,135.0,35.98,111.62,49.74,179.21,345.5,223.65,432.52,155.66,245.46,41.16,85.12,101.36,4540.239999999999,-0.41181884896202553
2023-04-20,4,20,2023,2724.11,66.73,44.27,67.22,45.12,440.53,313.45,663.81,131.37,104.14,232.86,92.4,149.55,27.72,104.58,48.64,228.09,350.75,185.09,433.96,163.63,289.69,55.37,115.38,118.03,4472.38,-0.641776580240886
2023-05-18,5,18,2023,3024.19,64.72,54.07,68.5,46.26,321.76,246.19,786.01,163.25,112.18,221.93,97.48,141.89,33.77,95.59,40.5,173.93,341.98,174.52,478.67,144.9,347.63,49.42,103.65,90.58,4399.379999999999,-0.4547300268832313
2023-02-04,2,4,2023,2569.79,80.21,55.27,57.37,47.02,336.59,337.23,855.11,177.41,111.87,173.3,90.55,159.46,27.87,86.36,47.55,233.86,310.27,223.18,407.45,168.36,257.61,46.66,104.75,92.25,4487.56,-0.7462749874503366
2023-06-13,6,13,2023,2941.81,72.45,52.58,57.06,37.96,354.36,284.97,902.07,136.81,116.98,168.75,83.9,166.35,30.39,114.0,58.1,187.41,265.66,233.71,350.01,177.98,322.46,42.89,88.24,113.02,4418.11,-0.5018339049768679
2023-11-26,11,26,2023,3047.85,86.08,44.33,68.1,43.56,402.08,333.64,811.86,173.87,114.48,235.13,90.41,160.25,25.99,117.84,45.22,201.78,263.8,185.89,475.96,173.96,253.36,48.86,101.67,116.46,4574.58,-0.5009203208819332
2023-01-06,1,6,2023,2634.71,80.26,57.57,57.48,36.66,465.27,245.55,823.36,179.48,106.46,198.65,84.34,152.61,33.31,95.09,54.81,189.85,297.98,212.34,430.25,123.94,289.92,59.17,99.96,81.67,4455.9800000000005,-0.6912601386869903
2023-10-07,10,7,2023,3028.26,80.52,51.22,63.76,33.65,382.39,308.92,654.31,173.16,106.85,190.97,91.89,139.71,28.81,104.59,49.35,168.74,313.54,192.1,371.66,174.37,330.33,52.18,80.82,111.39,4255.23,-0.40517326781716206
2023-05-09,5,9,2023,3355.3,82.21,59.31,65.26,44.01,423.23,267.54,681.82,168.86,119.92,216.41,103.85,160.96,25.48,82.77,57.27,204.69,251.98,191.77,407.17,154.77,295.75,40.22,91.09,84.71,4281.05,-0.27590677435698746
2023-06-20,6,20,2023,3506.73,66.14,44.98,69.63,43.66,444.95,280.91,695.0,167.75,85.62,169.05,102.86,175.75,24.3,108.31,49.11,223.41,301.73,171.33,454.89,156.21,263.88,59.87,101.81,110.24,4371.39,-0.24657159233816128
2023-06-02,6,2,2023,2630.55,90.85,52.78,48.1,37.79,358.29,336.41,912.41,148.8,93.52,180.3,102.96,166.29,32.47,84.88,57.52,218.75,276.51,232.59,442.43,129.03,305.17,43.79,102.85,94.71,4549.200000000001,-0.7293721845241491
2023-11-22,11,22,2023,3099.49,79.43,51.56,70.36,37.42,441.34,312.35,671.99,175.74,83.26,198.87,81.07,121.96,28.93,98.08,41.14,205.85,248.85,180.29,469.26,142.92,279.6,59.26,90.13,112.37,4282.03,-0.3815272835208373
2023-11-21,11,21,2023,3157.44,82.9,44.18,58.76,40.94,338.45,306.88,884.47,144.22,98.59,213.38,114.31,120.56,27.36,92.41,58.83,212.48,325.73,206.97,434.56,160.58,320.2,44.66,83.2,110.5,4525.119999999999,-0.4331610418566937
2023-05-02,5,2,2023,2453.53,71.23,45.28,66.99,43.97,435.61,294.14,931.97,179.02,115.85,181.12,114.73,126.98,24.0,101.71,57.94,228.7,310.4,216.07,477.32,163.52,266.07,42.34,83.71,93.78,4672.45,-0.9043785892163534
2023-01-11,1,11,2023,3427.73,91.04,43.24,49.24,41.51,455.79,346.92,755.16,154.78,115.59,224.22,96.54,127.04,25.29,99.36,59.86,197.81,276.8,195.97,366.39,164.59,290.2,49.23,100.47,111.61,4438.65,-0.2949240459429417
2023-03-19,3,19,2023,2599.7,85.86,44.2,60.17,36.29,478.24,242.97,705.03,120.62,100.3,236.53,95.21,171.5,32.9,80.46,48.68,217.89,327.47,174.56,458.48,159.0,343.55,41.35,100.78,117.26,4479.3,-0.7230065007500868
2023-10-08,10,8,2023,2971.63,83.99,57.25,69.2,46.25,390.25,284.95,653.08,159.26,102.78,231.45,96.25,142.57,29.96,103.57,57.59,224.63,350.74,165.58,445.65,123.31,292.54,44.77,94.3,85.2,4335.120000000001,-0.4588357231553056
2023-11-02,11,2,2023,2903.33,70.0,55.86,57.76,47.47,424.51,260.15,704.55,133.91,107.38,222.11,82.08,128.59,31.4,117.16,45.04,190.33,334.5,225.15,462.34,170.07,354.23,47.56,119.4,90.34,4481.89,-0.543706709192548
2023-04-27,4,27,2023,3216.06,64.07,52.24,63.7,35.05,390.02,345.59,743.4,128.43,92.22,170.92,93.75,148.94,34.02,81.32,47.65,235.22,270.46,230.86,408.91,137.24,297.47,58.94,89.82,84.66,4304.9,-0.33856333526115795
2023-10-24,10,24,2023,3158.1,88.47,50.41,48.24,34.67,376.01,277.32,685.82,168.13,92.96,237.95,96.41,179.6,35.65,94.61,56.01,198.37,343.16,236.1,408.1,158.25,293.6,47.94,107.15,81.68,4396.61,-0.3921693423260821
2023-10-30,10,30,2023,3541.15,69.4,44.98,49.8,39.69,464.31,251.16,950.03,174.21,102.41,237.16,116.9,177.09,33.31,106.47,50.8,197.76,302.94,198.72,467.15,151.16,264.36,55.95,83.05,112.06,4700.87,-0.327498129138839
2023-06-08,6,8,2023,3080.86,89.51,43.47,67.62,39.58,426.65,287.08,736.13,145.63,89.38,220.82,101.68,150.39,29.65,80.78,41.57,163.31,303.25,184.98,429.56,129.0,242.54,53.62,109.22,106.24,4271.66,-0.38651545347727573
2023-01-02,1,2,2023,2498.72,92.4,47.22,56.8,36.35,383.74,303.58,838.24,159.51,107.85,164.44,115.52,144.35,25.58,98.66,53.0,161.43,251.72,173.69,428.95,154.27,270.34,43.42,82.03,114.71,4307.799999999998,-0.7240026893769604
2023-07-23,7,23,2023,2466.48,81.11,55.34,55.02,40.69,470.22,262.64,644.29,178.06,100.31,199.47,116.08,161.33,26.59,101.4,52.89,194.1,335.47,229.15,373.69,178.67,258.42,42.69,99.42,90.72,4347.7699999999995,-0.7627428562161459
2023-12-06,12,6,2023,3037.83,80.01,41.99,63.22,32.11,378.4,326.68,820.96,149.78,119.25,238.03,106.77,121.66,25.55,82.94,42.61,169.53,307.48,203.98,435.34,127.58,267.22,42.99,102.6,113.67,4400.350000000001,-0.44851752731390543
2023-05-18,5,18,2023,3090.42,91.23,55.08,62.05,40.09,414.94,252.38,811.37,176.27,116.34,233.16,112.42,124.64,34.11,112.08,52.92,166.66,312.19,237.89,464.65,148.0,339.66,49.19,107.84,84.43,4599.59,-0.48833815468447656
2023-06-08,6,8,2023,3497.69,73.57,56.21,67.84,41.33,345.35,255.63,832.41,151.03,101.82,215.45,87.11,159.19,35.43,118.71,58.3,218.21,268.28,233.92,389.48,167.36,297.6,57.64,90.32,87.65,4409.84,-0.26078640474141507
2023-06-06,6,6,2023,2637.06,92.27,57.2,62.94,39.4,399.27,312.43,917.44,141.71,84.41,232.32,110.11,171.08,26.67,100.74,53.53,163.44,258.8,233.26,327.5,168.36,272.43,50.68,80.75,91.87,4448.610000000001,-0.6869582034538466
2023-05-31,5,31,2023,2965.08,91.65,59.22,63.04,43.54,410.82,241.14,661.06,161.94,99.32,198.23,85.1,172.74,28.87,107.78,59.38,226.66,255.11,180.94,344.61,121.98,289.51,51.99,82.12,110.42,4147.17,-0.3986705249099519
2023-05-18,5,18,2023,3507.54,84.14,41.17,50.41,37.31,394.68,253.05,867.44,165.13,87.37,174.58,92.43,123.95,29.9,114.65,48.42,237.57,241.53,160.92,330.52,135.95,350.21,55.94,88.7,93.2,4259.17,-0.21428978714426639
2023-09-28,9,28,2023,3582.06,72.73,56.02,51.93,41.2,421.98,340.09,948.1,158.84,92.92,193.38,96.62,161.61,33.45,111.89,41.65,188.23,343.57,161.59,347.01,145.88,349.53,54.84,98.6,111.17,4622.830000000001,-0.2905506887098488
2023-07-26,7,26,2023,2789.34,65.37,44.06,62.52,32.25,326.07,356.57,657.79,138.04,98.13,165.4,113.63,138.71,25.75,100.13,44.99,219.0,278.99,180.78,470.13,162.86,274.1,52.83,85.0,104.77,4197.87,-0.5049689173783044
2023-11-03,11,3,2023,2572.33,86.57,41.22,58.39,47.21,449.83,272.12,822.69,157.32,92.23,178.5,102.98,155.25,27.33,114.15,54.79,213.75,343.82,223.29,430.22,130.47,296.26,53.88,93.37,87.93,4533.57,-0.7624371678594892
2023-09-19,9,19,2023,2518.33,71.08,40.39,59.55,36.44,359.77,347.78,857.35,123.03,119.43,193.85,84.06,130.72,27.52,99.03,45.07,210.68,304.65,175.27,451.03,129.44,269.01,46.94,92.97,82.9,4357.959999999999,-0.7304960033037764
2023-01-25,1,25,2023,2550.62,90.29,46.53,67.65,39.8,334.36,353.67,743.77,171.55,82.17,207.02,118.65,158.04,32.38,90.94,43.05,211.81,322.45,183.93,374.54,138.33,249.44,52.41,94.85,94.89,4302.52,-0.6868526083854124
2023-02-14,2,14,2023,2557.92,71.44,56.02,48.85,39.78,402.7,310.37,910.23,169.34,109.31,230.87,116.14,140.96,32.92,109.17,46.2,236.88,351.79,237.93,418.64,172.47,253.21,53.84,114.33,92.56,4725.95,-0.8475753737411645
2023-09-12,9,12,2023,3539.27,92.61,47.85,67.14,34.78,402.39,317.95,953.81,144.57,80.7,222.71,84.81,144.63,34.14,82.98,53.39,202.92,283.76,235.88,389.21,138.96,241.11,55.58,98.33,117.58,4527.789999999999,-0.27930053372588104
2023-06-10,6,10,2023,2449.84,68.92,46.29,61.5,38.17,449.39,320.12,774.41,146.72,115.09,184.49,107.43,161.56,29.07,116.52,50.1,219.61,311.14,168.74,332.58,137.07,330.52,54.65,113.98,109.31,4447.379999999999,-0.8153756980047672
2023-11-04,11,4,2023,2578.56,90.59,50.49,61.37,40.61,353.14,273.73,951.62,143.44,84.58,235.06,102.19,126.83,35.6,98.93,50.71,188.19,303.29,214.8,469.22,175.86,245.49,47.01,81.41,103.65,4527.81,-0.7559451787043934
2023-06-21,6,21,2023,3591.91,88.28,50.73,51.85,39.66,403.84,241.44,943.76,162.87,86.26,160.14,105.53,153.24,32.08,117.75,45.81,172.35,263.18,176.86,387.2,121.06,301.89,54.54,108.48,81.15,4349.949999999999,-0.2110409225175461
2023-10-01,10,1,2023,2666.33,88.6,52.07,70.86,40.33,415.75,315.46,822.3,126.19,90.21,238.16,104.3,132.27,29.54,83.18,47.75,181.07,244.24,194.78,404.3,163.39,293.93,41.37,102.45,110.51,4393.01,-0.647586757828176
2023-02-21,2,21,2023,2500.8,73.74,48.62,56.43,41.72,378.47,288.26,959.01,134.94,110.02,200.3,116.64,159.35,26.51,117.28,40.33,162.59,281.94,226.79,375.38,139.88,334.92,44.8,98.79,99.07,4515.780000000001,-0.8057341650671787
2023-05-04,5,4,2023,2422.11,70.4,47.57,64.5,39.7,414.7,259.31,773.02,142.27,101.9,213.86,80.5,126.21,27.15,82.3,59.08,236.42,274.81,185.7,425.31,179.81,275.49,59.85,100.29,109.78,4349.93,-0.7959258662901355
2023-01-19,1,19,2023,3198.97,82.76,51.01,53.01,45.55,384.23,294.99,806.54,148.7,92.39,167.79,88.58,132.13,33.52,91.28,50.52,221.8,247.13,162.39,332.71,133.4,258.89,46.14,117.47,119.44,4162.37,-0.30115943569336384
2023-09-09,9,9,2023,3229.97,86.84,42.13,71.8,41.06,423.01,277.69,726.87,165.28,86.1,209.54,107.73,141.55,30.26,111.94,43.14,186.95,294.28,186.18,384.68,120.25,255.29,40.75,88.98,118.16,4240.459999999999,-0.31284810694836157
2023-01-20,1,20,2023,2846.74,87.79,49.03,68.35,47.26,349.51,249.46,758.07,153.83,81.74,180.99,116.92,171.05,25.99,114.48,57.65,160.96,248.33,192.2,326.95,152.54,253.77,43.59,103.16,99.51,4093.1299999999997,-0.4378306413652107
2023-10-11,10,11,2023,2752.7,72.81,52.7,48.81,40.91,447.95,289.95,744.44,148.42,104.46,226.33,112.41,171.33,27.38,92.12,40.3,172.81,357.25,215.53,343.87,152.2,340.37,43.83,82.82,114.73,4443.73,-0.6143168525447742
2023-05-01,5,1,2023,2954.43,73.61,40.83,70.63,45.4,459.44,349.61,650.1,129.15,107.16,210.5,112.49,175.21,33.46,104.17,44.97,205.9,240.77,166.82,362.19,175.84,334.55,57.47,102.71,109.77,4362.750000000001,-0.4766807810643681
2023-02-22,2,22,2023,3377.5,89.74,52.31,65.61,45.55,380.54,318.93,831.76,173.3,109.05,192.74,102.09,166.62,27.47,118.75,44.41,166.28,251.19,220.45,402.51,126.65,342.94,57.1,105.34,92.48,4483.8099999999995,-0.3275529237601775
2023-06-25,6,25,2023,3505.96,86.32,44.63,55.56,33.85,459.82,320.22,739.11,147.03,100.09,193.13,102.9,136.49,24.57,119.97,47.73,168.01,319.27,200.27,404.25,124.15,263.75,45.25,112.29,110.52,4359.179999999999,-0.2433627308925371
2023-07-19,7,19,2023,2726.12,79.16,58.93,51.66,37.25,476.27,311.96,892.98,147.3,90.71,177.8,114.31,176.24,27.19,104.73,51.61,233.69,303.03,160.3,470.81,134.82,252.79,44.58,109.91,119.96,4627.990000000001,-0.6976472055522137
2023-05-28,5,28,2023,2506.75,90.11,48.09,55.21,32.07,381.65,266.9,776.52,168.54,94.02,235.22,108.11,153.39,28.17,117.02,47.93,167.01,340.38,166.5,479.43,156.15,317.28,45.91,111.47,86.63,4473.71,-0.7846654034107908
2023-04-26,4,26,2023,2875.4,76.43,45.77,49.47,39.05,472.09,288.0,831.82,172.61,95.14,210.85,103.36,151.13,27.26,90.09,41.39,160.97,317.96,192.42,337.04,179.29,350.56,49.12,98.74,110.14,4490.700000000001,-0.5617653196077069
2023-08-16,8,16,2023,2983.54,94.58,57.23,63.69,37.01,465.19,311.46,898.86,168.95,117.37,195.53,84.13,175.89,24.89,84.26,54.07,193.85,246.25,162.92,418.57,130.21,251.14,45.73,83.45,118.87,4484.099999999999,-0.5029461646232326
2023-07-02,7,2,2023,2801.03,82.94,48.95,53.46,35.73,425.92,276.36,820.69,144.43,108.05,187.4,117.6,133.73,35.83,99.2,53.59,225.48,327.23,188.82,465.1,172.59,330.86,46.22,107.79,103.43,4591.400000000001,-0.6391827292103263
2023-04-03,4,3,2023,2861.67,76.93,46.96,65.26,43.48,473.16,313.61,847.23,147.38,84.15,196.35,118.46,172.14,33.16,107.78,43.1,200.53,326.12,172.18,466.92,167.57,337.41,56.45,113.83,95.04,4705.2,-0.6442147417417101
2023-06-18,6,18,2023,3563.7,71.8,52.43,68.78,42.54,382.08,294.39,669.6,162.08,119.64,236.72,90.94,132.05,25.49,110.6,58.35,191.24,352.47,194.43,378.45,153.55,252.15,57.45,112.99,98.5,4308.719999999999,-0.20905800151527895
2023-03-06,3,6,2023,2542.13,86.95,47.77,56.14,38.29,449.83,306.88,700.15,172.61,110.0,191.45,96.03,169.18,30.42,103.84,40.31,235.09,319.51,210.27,372.43,149.16,341.63,44.62,108.69,90.02,4471.2699999999995,-0.7588675638145962
2023-03-09,3,9,2023,2970.52,90.88,41.98,60.98,38.32,472.6,309.98,688.29,139.33,104.17,228.18,82.19,121.43,35.09,95.58,41.07,163.83,249.62,236.67,451.04,160.03,329.98,41.66,93.07,82.95,4358.919999999999,-0.46739291437189423
2023-02-06,2,6,2023,3415.31,78.71,51.24,66.91,47.49,439.52,315.22,666.21,176.85,114.22,160.1,106.9,153.36,25.68,110.55,50.62,184.24,356.58,226.58,419.92,165.85,322.39,57.79,108.36,102.43,4507.72,-0.3198567626364811
2023-07-27,7,27,2023,2973.69,70.29,58.64,49.77,36.22,361.98,254.98,856.41,176.64,98.65,210.25,105.13,144.76,34.81,94.51,46.34,193.52,312.71,170.12,331.49,179.48,305.63,57.58,80.84,88.53,4319.280000000001,-0.4524984110650406
2023-02-11,2,11,2023,3031.52,95.49,56.44,50.92,38.15,422.09,315.29,869.69,169.71,86.22,193.08,110.58,161.42,29.24,89.55,50.13,185.35,315.08,207.28,386.21,147.75,272.87,56.73,85.89,111.26,4506.42,-0.48652161292025126
2023-12-08,12,8,2023,2481.26,82.29,44.56,52.31,37.49,446.14,304.04,923.36,158.1,96.09,196.34,84.07,142.83,31.23,98.44,45.2,227.66,308.12,227.65,346.47,131.19,262.2,52.3,110.46,90.33,4498.870000000001,-0.8131392921338354
2023-12-17,12,17,2023,3024.28,88.32,44.97,70.12,42.08,442.68,327.56,779.2,126.78,118.88,169.29,92.36,178.27,26.65,97.04,40.49,216.6,242.94,204.95,396.62,170.45,278.07,46.95,106.99,111.27,4419.53,-0.46134947822291567
2023-01-29,1,29,2023,3325.11,93.12,53.97,52.01,39.7,396.63,313.17,694.95,141.38,83.92,172.16,108.53,135.99,28.68,89.42,43.37,193.0,346.36,237.33,383.24,121.35,257.49,46.48,91.88,101.41,4225.54,-0.27079705633798573
2023-01-04,1,4,2023,2610.25,74.22,53.16,62.15,47.22,394.95,267.29,785.72,175.02,102.85,208.13,94.36,149.33,30.95,110.55,41.35,236.93,337.93,180.39,392.23,160.93,248.82,49.59,88.66,95.66,4388.389999999999,-0.6812144430610093
2023-08-22,8,22,2023,2414.22,86.74,48.51,71.07,38.29,424.47,343.54,673.3,129.62,117.92,183.33,114.01,132.32,24.37,80.58,40.86,191.83,269.91,219.45,401.31,128.77,355.68,52.57,119.77,102.34,4350.56,-0.802056150640787
2023-09-19,9,19,2023,2959.61,94.77,56.77,52.11,33.77,462.08,321.95,806.94,132.16,86.87,195.31,108.65,178.9,33.15,91.62,46.98,174.71,296.63,160.53,418.75,170.7,306.05,42.75,98.8,113.18,4484.130000000001,-0.5151084095539618
2023-02-05,2,5,2023,2924.22,86.93,49.8,64.76,44.19,353.49,287.47,661.19,157.48,109.23,188.28,83.65,162.56,24.22,94.54,41.62,201.06,314.21,215.09,442.97,162.6,255.46,57.54,88.32,81.91,4228.57,-0.4460505707504907
2023-04-18,4,18,2023,2902.01,95.87,42.69,53.78,32.61,439.33,303.47,640.9,174.26,106.79,214.62,115.09,158.38,26.37,98.28,56.14,205.95,357.67,221.4,342.65,177.4,243.62,52.12,114.85,108.38,4382.620000000001,-0.5102015499602002
2023-04-24,4,24,2023,2548.76,90.89,55.69,62.69,45.38,395.4,321.13,642.96,132.38,80.06,189.91,116.4,123.86,24.23,83.98,47.82,206.42,240.51,214.86,365.98,167.33,279.75,40.55,93.17,106.24,4127.59,-0.6194502424708485
2023-09-08,9,8,2023,2888.66,68.57,58.91,67.92,34.72,320.57,255.55,670.69,141.52,92.71,161.45,104.39,168.36,31.38,119.13,48.31,218.46,332.74,169.77,453.83,162.5,284.7,53.96,107.85,85.33,4213.32,-0.4585724868970387
2023-10-10,10,10,2023,3522.54,74.38,56.75,52.63,39.3,391.21,276.5,751.95,136.26,82.29,215.95,108.52,149.82,28.86,117.54,54.92,214.11,311.5,163.74,337.04,126.95,279.55,43.18,92.98,100.26,4206.1900000000005,-0.1940787045711335
2023-08-11,8,11,2023,3401.79,78.82,54.08,61.25,34.83,326.46,249.89,782.45,151.89,80.75,179.04,90.19,177.83,33.63,101.35,55.95,160.56,331.11,197.67,453.88,145.91,335.91,56.99,92.38,116.04,4348.86,-0.2784034287830818
2023-04-02,4,2,2023,3130.98,92.57,47.36,64.86,47.35,442.91,319.29,756.63,172.76,81.81,218.92,94.1,144.41,27.85,99.84,52.15,228.21,252.84,175.07,391.87,155.54,305.79,40.37,92.22,93.25,4397.97,-0.40466243795872225
2023-07-30,7,30,2023,3565.88,78.15,45.0,66.41,42.93,334.04,286.69,815.84,178.73,113.95,237.44,102.82,174.69,24.47,110.26,57.56,212.74,355.71,174.52,444.25,132.09,325.12,51.9,95.04,80.31,4540.660000000001,-0.27336309690735544
2023-09-21,9,21,2023,2634.91,78.67,53.62,49.69,42.75,421.7,346.57,827.75,163.29,80.28,239.07,99.83,143.42,25.27,84.67,44.93,226.97,312.52,211.12,412.37,171.62,311.33,49.33,105.34,117.16,4619.2699999999995,-0.7531035215624062
2023-12-23,12,23,2023,2872.74,65.56,55.66,68.38,35.38,428.28,329.78,922.22,160.6,115.3,171.64,94.62,158.56,35.32,114.43,50.24,201.0,252.59,221.84,361.31,134.09,309.05,47.92,89.71,108.47,4531.950000000001,-0.5775705424089898
2023-10-19,10,19,2023,2410.26,64.13,44.74,62.1,41.85,476.83,341.96,941.64,159.21,91.89,182.14,98.5,174.04,31.91,114.78,46.19,168.83,355.56,196.15,413.04,169.7,329.26,42.71,105.61,117.05,4769.82,-0.9789649249458562
2023-05-26,5,26,2023,3185.03,73.53,49.04,56.51,41.09,430.3,243.72,896.11,135.55,93.64,212.18,100.62,175.25,30.19,118.19,52.74,228.98,328.89,196.96,416.96,166.97,355.94,47.28,114.2,98.02,4662.86,-0.46399248986665725
2023-04-25,4,25,2023,3506.32,79.9,48.33,71.67,40.83,380.55,303.15,958.72,133.08,92.26,163.12,113.64,161.61,24.68,97.71,53.4,224.51,340.82,197.26,382.07,172.81,322.33,57.2,92.65,81.02,4593.32,-0.3100116361313284
2023-11-17,11,17,2023,2403.14,80.25,44.36,62.01,34.38,351.58,325.39,742.89,120.82,116.17,192.7,103.51,140.4,35.45,93.32,55.32,218.24,266.9,221.2,473.92,175.78,322.01,47.85,87.82,98.34,4410.610000000001,-0.835352913271803
2023-06-10,6,10,2023,3233.23,86.75,56.18,54.83,39.21,362.0,322.8,700.28,178.11,89.83,198.57,82.99,145.43,31.35,115.45,51.7,216.83,277.68,187.57,392.24,179.32,349.59,42.98,81.64,84.54,4327.869999999999,-0.33855927354379334
2023-05-09,5,9,2023,2488.37,77.38,46.18,70.49,44.69,410.18,335.92,895.74,126.67,86.4,204.08,89.97,159.76,25.12,105.39,49.55,218.59,334.28,227.42,371.99,146.26,288.63,58.12,86.75,85.98,4545.54,-0.8267138729369026
2023-10-05,10,5,2023,3178.93,85.0,52.65,56.75,36.74,387.08,323.4,719.47,120.26,90.27,189.58,112.45,140.41,28.0,85.04,48.16,216.46,291.44,199.98,397.97,152.34,336.24,46.23,111.74,89.28,4316.939999999999,-0.35798523402528487
2023-03-12,3,12,2023,2985.79,91.45,43.83,65.36,32.99,428.54,289.33,649.35,130.68,109.67,179.54,102.62,163.25,35.8,113.41,58.96,193.93,351.5,161.39,471.51,131.03,247.45,48.88,117.96,107.06,4325.49,-0.4486919709691572
2023-07-25,7,25,2023,2525.02,88.74,40.74,63.44,46.66,323.8,326.56,945.98,160.69,86.91,164.47,103.36,132.53,27.71,81.33,48.73,198.05,259.63,169.16,349.17,124.43,317.89,53.72,110.2,112.72,4336.62,-0.7174596636858321
2023-10-29,10,29,2023,3281.63,91.37,41.45,62.31,41.25,380.47,317.86,686.95,120.15,93.49,161.99,83.4,130.4,29.01,114.64,57.95,170.07,257.44,178.65,394.13,164.92,261.82,55.59,92.62,104.82,4092.750000000001,-0.2471698515676663
2023-06-15,6,15,2023,2989.19,81.33,57.78,66.94,46.25,469.37,247.46,701.93,129.53,106.41,226.45,109.89,121.55,24.95,119.87,48.43,206.15,246.36,183.29,386.55,145.15,300.39,46.48,109.63,90.83,4272.969999999999,-0.4294742053867433
2023-07-29,7,29,2023,2415.77,82.17,56.37,67.73,42.35,461.78,354.1,780.79,161.69,90.28,225.33,93.71,141.71,26.61,102.0,53.9,197.54,305.69,202.91,322.26,120.22,323.63,52.12,96.66,99.14,4460.69,-0.8464878692921924
2023-08-23,8,23,2023,3330.52,65.69,48.68,51.41,41.84,400.02,294.45,934.81,152.75,86.2,201.8,111.82,128.18,33.56,85.87,48.02,217.56,324.89,220.47,361.15,146.25,240.16,43.92,99.71,105.82,4445.03,-0.33463543230486525
2023-08-06,8,6,2023,2439.93,76.39,54.34,61.03,32.17,352.2,322.8,948.38,144.09,92.22,197.76,114.8,170.29,31.63,85.77,51.65,175.27,254.79,173.94,441.88,135.75,306.8,47.22,119.32,106.89,4497.380000000001,-0.8432414044665221
2023-05-19,5,19,2023,2499.85,76.77,40.36,61.84,33.37,418.69,321.71,817.97,151.34,80.11,216.2,98.85,161.53,33.35,107.41,49.72,231.87,284.04,163.15,394.77,126.21,353.89,49.43,91.41,91.4,4455.389999999999,-0.7822629357761464
2023-04-26,4,26,2023,2909.58,81.54,47.46,58.62,38.07,431.9,317.77,733.97,124.99,82.15,237.96,83.66,175.58,30.85,80.02,53.53,164.08,252.74,204.42,377.94,163.59,241.42,40.96,93.92,91.56,4208.7,-0.4464974326191409
2023-08-31,8,31,2023,2596.17,88.4,52.53,64.88,41.88,325.24,241.43,855.87,157.21,115.43,189.16,104.97,156.18,27.23,98.43,53.86,213.09,352.45,211.2,458.9,145.34,311.4,54.97,98.05,92.37,4510.47,-0.7373554120107697
2023-03-27,3,27,2023,2815.86,76.27,53.56,62.77,43.87,427.03,259.89,730.01,144.27,84.52,222.28,88.45,137.5,35.29,111.48,57.02,167.43,347.77,175.01,393.37,166.86,313.51,44.6,97.77,96.95,4337.4800000000005,-0.5403748765918761
2023-07-22,7,22,2023,3289.87,88.69,53.73,58.73,40.54,438.97,348.06,885.48,120.29,101.21,187.48,110.67,168.5,29.49,103.95,40.93,189.05,275.79,217.89,402.59,124.73,272.74,52.25,100.62,88.46,4500.839999999999,-0.36809053245264994
2023-06-22,6,22,2023,3003.98,69.47,54.69,64.17,39.11,362.49,243.22,837.5,153.47,88.36,180.67,110.59,139.04,35.69,109.47,42.19,232.11,250.86,237.02,465.77,151.08,336.08,57.23,118.49,90.01,4468.78,-0.48761975778800115
2023-12-13,12,13,2023,2909.15,80.37,51.08,71.89,37.14,355.58,259.91,717.68,169.61,96.48,200.01,88.39,169.12,29.45,107.78,53.02,215.45,342.17,160.67,441.5,173.08,257.74,57.17,90.59,93.85,4319.7300000000005,-0.4848770259354108
2023-09-11,9,11,2023,3195.24,68.3,46.7,55.97,40.75,346.23,308.93,918.32,175.63,116.86,203.84,84.08,156.59,35.62,114.15,56.09,197.64,321.97,208.71,406.37,146.81,286.39,45.89,103.35,117.42,4562.6100000000015,-0.42793968528185733
2023-02-23,2,23,2023,2978.13,81.52,45.04,59.39,44.71,348.84,271.47,665.13,130.99,93.44,163.79,90.86,168.04,31.46,115.88,48.48,229.14,340.67,209.57,400.55,158.94,294.6,59.86,100.99,117.63,4270.990000000001,-0.43411805394660424
2023-06-19,6,19,2023,2751.83,74.54,45.16,58.85,36.72,331.08,273.32,676.97,156.62,119.8,217.76,103.25,161.52,26.56,119.79,58.34,215.3,355.51,194.8,431.26,139.97,358.93,59.76,103.26,90.05,4409.120000000001,-0.6022501389984123
2023-05-08,5,8,2023,3019.12,64.87,43.06,54.69,47.64,365.81,275.35,833.29,145.32,111.53,187.96,84.75,173.23,35.77,96.38,56.07,170.89,255.88,233.73,458.85,123.73,353.03,49.31,106.29,93.41,4420.84,-0.4642809825379582
2023-05-10,5,10,2023,3022.15,91.72,59.36,50.45,32.56,433.05,293.94,935.62,134.48,82.11,226.96,118.41,130.58,34.62,106.02,55.01,199.36,304.43,210.86,345.91,137.9,344.66,47.04,87.52,82.51,4545.080000000001,-0.503922704035207
2023-02-23,2,23,2023,2556.07,66.45,50.87,48.34,40.71,349.76,348.49,812.67,167.88,116.25,193.3,92.76,172.92,28.16,114.47,46.63,192.11,267.8,194.64,433.38,137.79,302.75,40.57,105.14,102.04,4425.880000000001,-0.7315175249504124
2023-09-25,9,25,2023,2611.22,68.46,58.76,69.96,40.37,406.45,291.93,653.28,175.52,113.37,209.08,95.6,175.34,31.27,110.45,43.51,200.12,258.76,215.41,405.22,137.19,346.01,46.57,81.78,83.17,4317.579999999999,-0.6534723232818374
2023-04-23,4,23,2023,3407.68,69.36,52.34,61.33,46.47,334.59,328.03,916.76,132.58,86.37,161.34,114.7,176.68,30.28,119.21,42.54,195.4,344.72,198.44,382.27,145.65,304.99,53.27,93.52,98.85,4489.690000000001,-0.3175210113625697
2023-09-28,9,28,2023,2955.32,76.12,40.58,53.84,32.1,479.03,297.97,819.53,169.87,97.51,166.4,109.74,144.4,31.99,89.1,44.44,211.02,281.64,229.61,441.08,177.36,324.51,49.61,93.68,97.01,4558.14,-0.5423507437434864
2023-04-09,4,9,2023,3544.85,68.13,56.08,68.14,40.0,434.21,244.39,721.5,132.78,101.23,216.46,98.79,123.65,25.51,98.49,54.91,213.54,255.19,204.06,450.53,168.61,350.73,40.45,108.37,111.55,4387.299999999999,-0.23765462572464263
2023-01-22,1,22,2023,3315.96,95.07,46.62,56.11,46.53,403.39,327.17,864.11,133.38,103.15,195.99,116.62,147.49,24.46,84.17,48.31,237.69,304.49,236.35,377.55,155.03,316.52,57.28,95.99,105.8,4579.27,-0.3809786607799854
2023-04-30,4,30,2023,3033.17,90.93,59.73,56.24,41.74,367.52,355.84,804.77,175.65,90.58,213.69,99.98,133.7,26.25,87.13,56.96,237.19,259.56,203.55,372.85,152.08,350.16,48.75,80.42,113.96,4479.2300000000005,-0.47674874800950834
2023-03-24,3,24,2023,2686.98,83.68,58.8,61.98,41.49,454.7,355.07,774.96,121.91,96.5,210.89,103.79,132.38,25.02,117.76,40.94,228.76,269.39,200.93,431.01,134.48,353.44,49.98,114.69,95.04,4557.589999999999,-0.696175632122308
2023-10-06,10,6,2023,2668.61,75.39,50.99,49.28,46.26,407.7,359.79,652.22,160.42,117.87,189.28,88.74,147.42,34.05,87.91,48.07,161.69,316.31,195.99,346.51,166.02,248.51,46.38,95.24,104.33,4196.37,-0.572492795875006
2023-12-04,12,4,2023,3145.19,78.81,58.33,64.03,36.73,473.71,280.88,749.84,154.2,119.05,162.03,93.7,173.79,26.88,105.17,42.68,216.81,249.96,169.18,402.23,172.52,354.85,45.72,82.97,88.97,4403.040000000001,-0.3999281442456579
2023-06-26,6,26,2023,3530.47,86.07,42.62,68.48,46.35,342.95,351.96,941.57,173.65,110.95,211.62,100.02,166.49,24.89,106.0,41.93,165.37,315.5,174.8,367.9,174.46,298.97,54.21,92.79,82.4,4541.949999999999,-0.28650009772069984
2023-04-15,4,15,2023,2448.43,89.82,42.71,63.14,44.24,461.07,295.59,648.23,163.84,101.88,184.01,82.27,169.35,28.35,114.33,43.45,234.98,334.29,219.03,365.52,179.48,241.15,54.04,103.31,119.95,4384.03,-0.7905474120150464
2023-08-12,8,12,2023,2680.26,84.61,55.89,48.53,36.01,348.16,325.99,903.28,174.07,94.47,226.44,86.59,148.69,27.8,102.73,54.15,182.59,338.08,208.62,360.46,128.18,349.31,44.73,86.15,92.1,4507.63,-0.6817883339676001
2023-01-05,1,5,2023,2503.61,92.8,41.74,71.2,33.82,447.99,328.92,873.56,133.99,112.04,216.8,98.92,132.13,31.21,107.42,48.65,174.07,295.4,203.75,333.95,149.61,274.84,42.57,110.72,86.03,4442.13,-0.7742899253477977
2023-03-26,3,26,2023,3143.09,92.25,54.15,60.06,47.9,326.31,274.8,914.98,153.63,86.51,202.05,104.09,153.36,31.74,108.46,51.57,214.19,276.24,188.84,350.12,169.47,252.92,51.51,103.6,100.53,4369.28,-0.39012245910871135
2023-02-05,2,5,2023,3204.84,70.15,47.85,61.48,45.07,353.1,293.07,688.51,165.62,115.24,210.08,99.56,179.5,35.69,108.46,53.92,165.54,298.11,160.91,424.83,161.45,348.23,41.84,84.61,100.25,4313.07,-0.34579885423297246
2023-09-03,9,3,2023,2748.67,74.27,57.34,50.69,43.55,445.08,242.75,923.95,134.94,118.11,181.08,94.72,121.67,29.92,90.24,50.38,221.6,281.39,226.11,399.35,140.81,324.4,47.16,114.39,98.37,4512.2699999999995,-0.6416194013832142
2023-04-26,4,26,2023,2490.29,76.07,54.93,50.82,32.42,351.34,299.7,845.6,163.69,83.71,237.79,106.87,178.6,24.66,110.82,53.8,195.16,341.63,162.48,350.07,171.41,313.45,57.19,88.23,96.98,4447.419999999999,-0.7859044528950441
2023-08-25,8,25,2023,2427.25,75.05,52.15,57.66,41.56,453.97,287.63,859.65,134.73,108.63,238.95,89.91,161.4,24.71,99.73,54.84,185.46,338.26,222.51,412.8,172.0,247.88,53.12,102.38,87.92,4562.900000000001,-0.8798640436708212
2023-04-04,4,4,2023,2659.44,70.9,40.61,66.06,37.4,405.52,298.91,731.3,161.75,107.74,204.16,104.92,159.07,26.92,93.4,54.64,227.26,299.15,171.37,456.15,139.5,305.01,53.85,107.44,102.02,4425.050000000001,-0.663902926931986
2023-06-22,6,22,2023,3291.23,75.39,59.98,50.7,41.92,338.29,309.13,774.67,121.44,88.59,184.87,114.48,166.7,26.82,99.82,51.22,176.5,325.25,175.64,460.49,170.47,263.1,59.06,101.28,81.3,4317.11,-0.31170109655052963
2023-12-22,12,22,2023,2682.46,72.17,47.28,55.47,38.74,447.93,302.07,876.18,176.62,90.63,191.43,99.64,125.3,24.46,89.12,49.15,187.62,260.24,195.38,383.94,127.31,283.0,46.04,100.51,84.44,4354.67,-0.6233867420203842
2023-05-18,5,18,2023,2703.67,66.54,48.79,61.06,43.31,433.81,324.37,925.32,124.36,101.56,169.46,92.28,175.05,34.32,115.1,41.52,201.31,259.97,219.88,323.54,139.97,280.77,52.61,95.16,94.03,4424.089999999999,-0.636327658331083
2023-05-13,5,13,2023,2610.54,76.74,59.4,57.11,44.05,467.98,353.17,950.71,179.5,99.99,167.16,90.68,121.64,27.48,111.97,45.45,214.88,273.7,187.04,410.66,160.47,334.55,40.57,89.23,80.28,4644.409999999998,-0.7790993434308603
2023-02-14,2,14,2023,2511.26,94.57,52.87,51.3,39.94,343.97,266.47,807.25,167.99,98.86,181.36,85.03,125.94,34.29,118.64,48.9,229.78,264.92,223.83,357.08,142.06,334.33,41.11,103.24,113.51,4327.24,-0.7231349999601792
2023-11-20,11,20,2023,2941.18,95.35,51.71,54.21,44.49,416.73,250.2,858.55,174.41,81.33,169.08,87.56,168.21,33.49,114.25,55.07,235.78,268.87,225.3,420.54,153.72,262.66,54.91,98.95,98.54,4473.91,-0.5211275746469105
2023-01-08,1,8,2023,3229.23,69.53,49.74,61.69,43.4,412.22,345.15,679.72,168.68,103.76,188.43,91.4,164.93,29.13,93.17,42.76,166.76,329.03,215.74,454.81,161.89,282.45,48.7,98.99,86.74,4388.819999999999,-0.3590917958770353
2023-01-04,1,4,2023,3560.67,67.59,59.34,65.82,47.94,468.93,343.72,847.48,146.81,90.84,196.88,106.49,137.07,33.02,103.4,44.68,213.93,337.93,216.93,408.13,169.4,290.71,58.19,100.58,99.46,4655.2699999999995,-0.3074140540965603
2023-02-16,2,16,2023,3224.22,85.87,40.92,50.17,32.2,408.99,353.51,680.14,162.73,91.35,212.49,97.94,177.12,32.85,89.58,57.13,229.92,333.38,235.19,368.28,136.91,323.86,57.06,86.95,108.22,4452.76,-0.3810347929111539
2023-11-23,11,23,2023,3417.37,89.61,46.27,56.41,34.4,479.43,337.63,813.38,158.39,99.34,213.96,112.39,162.78,34.31,106.34,51.48,204.38,319.15,163.86,342.16,173.12,285.4,52.74,118.02,98.89,4553.840000000001,-0.3325569077975172
2023-02-12,2,12,2023,2809.98,81.93,57.67,65.49,33.04,403.95,358.55,790.0,122.25,115.6,223.23,91.1,175.94,35.23,99.51,51.54,169.28,289.98,166.09,469.28,135.47,285.82,52.99,118.71,119.97,4512.620000000001,-0.6059260208257713
2023-09-16,9,16,2023,2689.34,88.26,49.15,67.21,34.76,442.79,344.78,796.63,177.58,112.53,213.64,116.69,171.48,33.18,118.8,43.69,199.76,326.59,198.63,366.78,160.48,356.55,49.91,80.19,98.75,4648.8099999999995,-0.7286062751455745
2023-10-14,10,14,2023,3464.83,84.24,46.81,52.14,46.9,345.09,330.12,872.66,153.3,81.23,237.51,110.2,144.37,30.86,103.42,52.29,213.27,289.43,161.56,406.58,141.64,326.27,44.07,119.71,113.16,4506.829999999999,-0.3007362554584205
2023-11-28,11,28,2023,3596.95,78.7,48.2,57.66,45.2,404.74,357.01,885.93,120.07,80.55,214.63,109.8,120.58,33.08,103.75,59.68,195.76,337.29,198.99,444.27,151.66,301.45,54.66,116.76,108.2,4628.62,-0.28681799858213214
2023-08-11,8,11,2023,3301.75,94.06,44.5,48.88,44.81,447.12,324.76,822.6,173.36,100.59,181.84,90.85,129.27,32.34,97.41,54.45,203.27,343.83,234.71,348.16,144.59,247.11,49.5,91.46,114.54,4464.01,-0.35201332626637394
2023-06-24,6,24,2023,2873.96,78.13,48.54,57.48,42.83,334.37,311.77,691.25,126.18,119.92,181.72,99.07,141.0,34.31,112.26,43.88,186.71,255.89,171.93,349.74,178.5,287.66,59.83,89.03,88.67,4090.6700000000005,-0.4233566229175077
2023-07-19,7,19,2023,3195.96,92.93,46.91,70.87,37.94,390.93,268.98,835.77,162.94,81.32,239.44,110.14,169.2,33.31,81.57,47.62,186.8,291.92,187.43,423.57,136.31,287.97,49.57,84.89,93.7,4412.03,-0.3805022591021163
2023-10-13,10,13,2023,2640.13,88.32,51.5,71.6,32.99,447.77,340.87,921.52,143.97,116.97,192.66,117.23,131.65,29.91,89.22,59.86,170.36,303.93,188.4,384.04,166.4,332.49,44.62,85.59,111.46,4623.33,-0.7511751315276141
2023-04-23,4,23,2023,2996.75,69.65,46.74,61.91,33.63,357.29,267.53,790.89,166.01,107.96,230.83,80.28,161.58,27.75,106.2,45.02,231.69,264.53,195.66,362.74,131.47,346.43,43.93,84.95,105.07,4319.739999999999,-0.4414749311754397
2023-09-21,9,21,2023,2652.65,72.99,47.97,66.39,33.32,377.61,298.42,815.18,175.32,90.78,177.53,84.04,151.43,32.53,105.05,55.05,214.97,253.64,235.96,411.42,143.14,241.99,59.54,105.11,91.83,4341.21,-0.6365558969332554
2023-12-28,12,28,2023,2827.85,73.68,56.64,51.46,37.88,426.51,304.73,711.19,157.24,86.29,183.15,92.93,162.8,31.55,98.01,52.95,239.26,312.3,201.79,378.03,132.25,327.1,42.66,119.68,88.54,4368.620000000001,-0.5448556323708829
2023-10-20,10,20,2023,2445.62,83.3,52.27,62.57,46.62,428.31,302.15,709.66,132.67,107.74,161.83,86.6,155.63,28.49,103.27,53.48,237.12,335.74,222.35,428.95,163.65,255.33,40.23,97.44,115.08,4410.479999999999,-0.8034199916585565
2023-11-29,11,29,2023,3028.81,84.41,55.35,57.68,39.32,478.47,299.31,790.73,172.25,113.15,206.16,101.28,134.8,30.71,94.33,52.31,231.25,240.12,202.22,349.63,128.8,296.36,43.38,84.13,94.1,4380.250000000001,-0.4461950402963543
2023-07-25,7,25,2023,2690.42,85.66,45.9,61.75,47.77,356.46,312.45,836.83,175.02,91.56,176.09,102.52,139.22,32.93,96.59,48.71,213.0,284.16,165.96,329.31,149.44,243.76,42.99,114.09,80.63,4232.8,-0.5732859553526959
2023-03-16,3,16,2023,3283.56,94.24,58.8,57.12,38.02,429.26,356.76,752.3,143.43,111.79,176.39,108.18,131.15,35.36,88.18,58.36,196.16,307.71,207.87,330.45,160.05,240.61,41.92,84.95,104.13,4313.19,-0.3135712458429265
2023-06-04,6,4,2023,3058.46,77.79,54.4,65.45,43.96,353.26,343.06,689.36,138.57,116.96,195.78,110.75,173.19,31.54,87.91,49.38,188.59,283.57,235.16,334.62,179.5,335.4,55.74,104.65,80.93,4329.52,-0.4155882372174233
2023-04-12,4,12,2023,2994.78,93.39,45.85,70.51,43.32,425.9,316.62,818.95,120.87,94.0,199.27,89.88,136.31,29.22,102.99,46.0,233.13,335.13,215.09,474.96,152.37,332.17,57.64,109.77,111.46,4654.8,-0.5543044898122733
2023-12-31,12,31,2023,2790.7,80.04,51.45,63.82,38.22,375.16,358.48,817.0,146.55,111.95,184.24,97.97,125.43,30.34,110.15,50.05,238.13,272.81,225.22,376.76,156.37,288.39,46.38,88.57,81.62,4415.099999999999,-0.5820761816031819
2023-03-22,3,22,2023,3296.29,65.85,44.79,60.28,41.13,414.67,320.77,729.73,168.13,118.09,173.23,117.21,137.89,34.5,94.33,50.57,207.59,261.22,168.97,451.24,161.16,286.67,56.45,100.18,82.54,4347.19,-0.31881296851915325
2023-09-24,9,24,2023,3055.08,70.71,57.36,58.07,36.65,388.35,348.57,827.97,123.52,99.08,180.76,91.05,145.82,34.97,84.9,54.83,166.55,249.73,174.19,450.0,122.66,330.55,54.54,112.65,96.2,4359.679999999999,-0.42702646084554235
2023-06-10,6,10,2023,3574.84,81.64,48.18,60.07,46.82,331.22,307.56,844.43,122.54,113.14,169.81,100.85,133.3,26.6,85.24,50.88,217.17,319.38,160.1,450.39,150.94,277.88,40.01,114.5,86.69,4339.34,-0.21385572501146904
2023-06-23,6,23,2023,3342.49,79.42,55.8,48.28,47.86,461.48,248.23,913.78,168.64,114.25,167.57,101.68,174.67,30.71,95.39,58.29,224.67,311.73,208.61,443.32,126.96,349.6,52.51,108.96,81.45,4673.860000000001,-0.39831682368533666
2023-07-02,7,2,2023,2803.25,82.42,53.44,65.75,41.49,453.33,309.17,810.32,124.89,97.32,212.82,83.07,120.47,24.14,92.45,58.96,207.8,264.48,173.03,453.69,177.5,307.02,54.31,111.26,117.43,4496.560000000001,-0.6040524391331495
2023-07-07,7,7,2023,2420.73,93.39,54.04,62.4,33.34,474.05,266.4,900.09,124.45,87.79,206.12,86.53,128.09,30.75,117.68,55.43,181.21,319.89,235.49,452.29,148.68,321.15,58.71,98.85,94.53,4631.35,-0.9132038682546175
2023-10-12,10,12,2023,2818.51,68.94,48.98,60.98,38.22,336.99,322.86,926.81,178.9,116.2,223.12,109.63,163.25,31.8,116.67,59.89,207.35,339.62,235.46,388.69,149.42,251.2,42.2,102.17,81.92,4601.2699999999995,-0.6325186002533251
2023-11-26,11,26,2023,2476.17,66.62,42.43,65.52,45.82,433.67,333.59,919.94,156.87,104.35,177.73,82.37,139.47,31.0,109.82,55.38,206.46,349.83,164.77,446.08,133.27,334.89,56.32,93.63,97.22,4647.05,-0.8767087881688252
2023-12-03,12,3,2023,3225.03,86.44,59.93,67.57,45.53,461.04,324.47,842.65,154.24,96.18,203.81,118.68,141.56,28.13,83.56,42.82,163.92,266.06,193.78,403.02,144.3,272.89,42.06,107.56,102.27,4452.470000000002,-0.38059800994099335
2023-01-07,1,7,2023,2703.81,87.91,56.15,68.16,46.02,432.24,323.02,799.86,126.13,81.53,221.95,113.63,136.39,30.77,90.54,51.32,188.19,338.43,160.92,428.82,170.98,279.89,58.17,100.06,96.56,4487.640000000001,-0.6597468017353295
2023-03-09,3,9,2023,3230.77,78.62,46.81,58.37,40.92,429.48,316.52,932.66,140.9,106.15,198.97,85.67,178.97,24.94,85.72,52.37,161.29,314.44,196.34,457.5,159.03,348.92,43.58,113.92,106.98,4679.07,-0.4482832265992317
2023-11-18,11,18,2023,3040.38,78.53,55.05,62.52,46.05,449.03,263.43,670.63,176.29,118.69,199.63,100.98,157.8,25.48,119.57,53.45,190.03,302.25,206.6,322.29,177.97,355.43,47.75,104.35,97.84,4381.64,-0.4411488037679501
2023-07-18,7,18,2023,2501.76,88.27,47.74,66.45,40.64,389.66,332.16,738.7,151.33,90.8,235.3,115.05,155.67,31.58,111.44,48.26,212.04,254.99,189.57,345.18,149.86,298.93,53.68,81.79,82.52,4311.6100000000015,-0.7234307047838326
2023-07-06,7,6,2023,3386.23,79.91,42.64,50.08,47.0,371.57,272.82,947.53,140.41,93.66,219.42,113.25,120.04,27.85,113.48,56.75,184.71,286.86,165.0,348.76,141.72,341.91,46.79,86.01,105.04,4403.21,-0.3003280934844946
2023-04-27,4,27,2023,2796.55,88.56,43.77,50.86,36.36,466.97,242.0,836.04,169.76,89.2,213.11,89.69,127.61,32.61,84.94,52.09,230.66,350.56,206.29,466.63,173.35,267.15,42.18,112.58,116.35,4589.320000000001,-0.6410648835171909
2023-11-25,11,25,2023,3358.54,72.99,40.62,69.68,46.82,397.68,266.69,862.29,168.02,87.87,227.43,98.62,170.07,31.1,101.76,53.78,184.3,330.76,167.73,338.36,175.83,257.67,41.85,99.68,117.61,4409.210000000001,-0.3128353391652328
2023-12-15,12,15,2023,3481.44,80.55,50.04,63.68,47.36,448.64,308.02,688.19,138.64,118.94,187.5,98.53,166.34,33.06,97.41,44.34,186.6,300.47,196.13,365.16,176.65,281.62,42.55,88.53,108.09,4317.04,-0.24001562571809362
2023-09-15,9,15,2023,3027.21,81.06,43.91,66.17,39.9,420.23,277.75,734.54,131.14,105.58,176.21,84.67,173.94,35.64,107.18,55.14,204.28,279.73,238.79,360.28,141.93,306.48,50.55,100.43,98.87,4314.4,-0.4252067084873529
2023-01-04,1,4,2023,3584.41,78.12,49.46,57.11,38.06,327.08,255.42,814.71,149.71,92.84,215.7,100.02,124.74,31.98,82.22,49.45,176.61,322.08,225.72,434.69,143.4,283.19,43.79,94.86,110.0,4300.959999999999,-0.19990737666728953
2023-03-11,3,11,2023,2875.36,67.05,53.1,59.54,36.73,463.76,249.86,892.91,135.8,80.15,225.52,80.61,143.26,27.33,91.45,42.85,223.08,311.7,234.51,376.4,147.68,272.55,44.09,82.77,111.83,4454.53,-0.5492077513772187
2023-09-03,9,3,2023,2516.02,67.92,57.03,53.44,45.1,461.95,334.26,938.51,129.88,97.29,209.22,81.14,121.51,24.55,88.24,52.66,178.1,276.18,207.97,378.29,162.69,324.12,56.27,108.68,105.08,4560.08,-0.8124180252939166
2023-09-29,9,29,2023,3028.19,66.95,58.65,60.28,32.86,433.69,351.65,922.45,126.94,102.91,172.28,104.28,133.04,29.25,116.73,50.3,199.28,274.62,229.4,472.41,132.64,254.1,43.35,89.16,104.08,4561.300000000001,-0.5062793285758163
2023-05-16,5,16,2023,3068.1,93.74,48.78,54.96,35.31,338.83,277.46,941.38,164.27,116.13,177.47,95.85,147.8,29.52,108.92,49.93,160.51,242.16,192.22,385.78,179.88,331.48,48.04,80.15,118.68,4419.249999999999,-0.4403865584563734
2023-07-13,7,13,2023,3554.83,68.46,57.1,61.19,34.47,458.47,261.72,859.98,152.33,84.84,226.32,88.5,171.38,28.98,118.34,43.3,204.45,271.39,195.23,388.27,162.5,265.86,44.12,114.02,116.25,4477.47,-0.25954546349614477
2023-07-04,7,4,2023,3172.62,95.95,48.62,51.99,44.17,464.02,288.11,949.32,121.95,90.93,188.19,89.26,130.9,27.03,116.57,44.11,187.2,337.36,182.17,460.53,153.75,253.5,50.42,92.37,114.41,4582.830000000001,-0.4444938252926606
2023-08-10,8,10,2023,2821.78,68.93,45.23,50.84,45.97,439.9,296.12,858.31,148.43,108.3,184.55,108.41,176.28,33.47,90.1,58.99,167.59,322.72,218.13,412.7,175.54,328.57,56.41,112.26,108.39,4616.14,-0.6358964908674666
2023-10-21,10,21,2023,3518.46,69.34,52.45,59.99,44.08,467.42,265.03,913.02,131.61,107.57,186.92,99.86,149.33,29.53,100.79,49.52,189.29,265.15,223.07,388.02,132.52,333.07,41.79,90.27,103.82,4493.460000000001,-0.2771098719326071
2023-10-27,10,27,2023,2815.26,88.78,59.92,48.56,40.76,407.11,275.73,778.35,149.48,85.21,176.04,104.28,160.77,29.88,96.24,47.27,162.21,251.28,166.56,417.57,140.06,303.08,40.0,91.32,109.98,4230.44,-0.5026818126922555
2023-07-31,7,31,2023,3566.18,79.98,43.13,49.79,47.89,416.59,250.44,916.48,151.47,95.75,224.02,95.38,169.16,33.88,113.02,54.08,161.48,340.71,238.46,425.39,154.24,250.75,59.62,99.25,101.21,4572.17,-0.28209176205351394
2023-01-14,1,14,2023,2857.7,83.62,51.45,59.08,35.7,392.33,357.34,826.89,143.66,81.8,174.5,87.75,130.87,27.67,106.99,41.14,200.71,286.43,205.27,476.95,173.75,349.34,52.41,98.76,106.58,4550.989999999999,-0.5925359554886794
2023-11-27,11,27,2023,2836.84,93.28,48.88,52.69,44.29,398.22,240.85,677.0,140.14,107.11,167.67,118.6,160.56,26.47,112.33,54.6,228.0,240.55,237.31,387.84,140.42,301.01,53.76,114.7,107.47,4253.75,-0.49946771760127456
2023-08-04,8,4,2023,3305.19,65.12,55.12,56.23,41.68,352.07,281.61,761.12,178.09,114.48,225.43,113.22,137.6,26.55,107.87,43.89,228.43,272.86,230.7,328.17,142.96,258.05,47.91,99.71,96.97,4265.839999999999,-0.29064894907705735
2023-06-29,6,29,2023,3113.43,89.87,55.97,65.65,40.29,424.93,286.47,838.09,169.16,105.32,237.8,109.78,140.93,34.1,112.37,44.77,228.29,348.85,229.08,423.64,163.01,255.57,40.47,94.58,97.71,4636.7,-0.489257828183065
2023-03-28,3,28,2023,3120.62,64.18,54.5,64.3,43.97,417.78,277.78,712.64,157.42,93.31,162.16,97.64,168.88,27.36,114.68,40.65,237.43,303.0,189.97,405.14,131.92,304.04,58.5,103.21,87.46,4317.92,-0.3836737571380047
2023-11-07,11,7,2023,2545.04,77.03,47.6,71.42,40.4,431.46,273.2,889.86,148.48,98.34,164.43,112.12,136.49,28.22,108.87,47.73,174.13,358.73,180.61,324.69,126.2,336.26,57.59,96.3,100.66,4430.82,-0.7409628139439851
2023-09-30,9,30,2023,2942.35,82.61,44.12,69.38,46.79,394.76,317.73,725.27,179.01,111.55,232.06,114.55,164.73,26.97,114.03,59.03,232.27,263.59,222.7,419.09,135.87,280.28,42.93,82.15,118.2,4479.67,-0.5224803303481912
2023-10-22,10,22,2023,2740.41,90.1,41.07,50.13,34.86,398.28,245.39,897.34,126.61,114.95,186.23,95.67,178.61,27.15,115.25,49.52,210.71,264.26,175.7,357.77,170.07,291.25,45.27,88.6,92.86,4347.650000000001,-0.5864961812283567
2023-12-02,12,2,2023,2845.45,86.59,49.46,62.16,45.68,323.67,337.03,750.06,165.44,105.65,174.67,81.27,165.63,24.35,96.14,50.56,186.73,330.75,164.84,333.63,170.77,323.95,53.6,84.79,86.4,4253.82,-0.4949551037621466
2023-04-04,4,4,2023,2686.99,87.0,58.45,68.7,41.12,340.38,299.04,721.14,155.89,103.53,237.23,118.4,126.15,32.84,88.28,58.27,199.86,352.22,195.67,373.51,161.61,333.42,40.23,103.15,110.34,4406.429999999999,-0.639913062571874
2023-11-18,11,18,2023,3363.17,76.94,52.82,50.86,32.48,388.37,244.9,651.46,147.3,88.2,203.03,105.82,146.48,32.77,100.49,43.93,160.85,270.52,227.31,376.2,132.78,351.56,46.57,91.39,107.14,4130.169999999999,-0.22805864705025292
2023-05-30,5,30,2023,3453.17,83.85,49.58,60.34,41.83,350.26,344.02,817.31,169.15,89.79,213.06,95.6,179.16,26.95,117.93,48.56,219.54,279.07,209.93,452.58,176.89,359.26,57.78,102.03,106.36,4650.829999999998,-0.34682914539394183
2023-06-11,6,11,2023,3595.82,82.8,40.48,71.9,47.55,325.39,315.16,758.96,120.3,108.53,187.38,96.93,157.5,24.65,109.73,43.18,226.67,317.88,231.91,417.13,155.89,314.69,47.62,88.76,118.38,4409.37,-0.22624881111957765
2023-03-26,3,26,2023,3492.31,75.46,59.29,56.46,47.5,476.56,243.52,831.12,155.59,112.13,182.01,111.79,123.61,26.16,98.52,58.49,162.06,257.52,237.97,417.48,132.9,307.01,58.43,80.18,91.69,4403.449999999999,-0.26089894654254603
2023-04-13,4,13,2023,2494.06,94.32,42.8,48.94,47.95,456.69,351.99,680.42,174.51,92.04,229.96,111.27,121.95,26.85,118.71,58.19,187.73,303.68,216.71,354.8,150.97,293.22,56.49,104.0,115.4,4439.589999999999,-0.7800654354746875
2023-10-28,10,28,2023,3373.62,94.12,43.01,67.94,37.27,428.79,268.4,905.56,142.48,83.39,172.55,85.81,160.71,33.18,114.81,48.73,181.96,255.78,188.4,473.07,150.27,262.16,47.25,105.86,107.42,4458.92,-0.32170191070719295
2023-09-28,9,28,2023,3340.13,85.16,41.59,69.73,41.47,358.99,352.42,679.66,145.39,109.07,226.45,93.13,138.2,32.9,98.14,42.07,223.94,241.79,216.69,367.07,153.26,310.22,42.3,108.52,93.01,4271.170000000001,-0.2787436417145443
2023-01-16,1,16,2023,3012.51,68.36,45.11,57.77,36.65,357.97,279.89,781.96,171.04,103.83,188.89,111.35,156.08,33.6,117.37,47.37,186.61,301.29,228.7,401.25,162.71,319.69,48.93,111.04,92.0,4409.459999999999,-0.46371630301642114
2023-08-20,8,20,2023,3153.1,93.88,45.43,61.79,34.88,365.42,324.96,680.38,150.86,85.94,183.08,103.47,168.69,29.79,98.8,40.77,199.48,325.28,229.93,462.83,155.99,274.11,56.64,102.77,109.49,4384.66,-0.3905870413244109
2023-08-25,8,25,2023,3475.67,93.5,56.91,50.53,38.82,351.6,307.64,892.19,159.54,99.54,172.32,94.56,133.26,34.82,117.21,55.53,194.47,271.62,218.74,323.33,138.07,333.87,58.23,119.43,99.63,4415.360000000001,-0.270362261089229
2023-12-14,12,14,2023,2979.21,75.53,56.11,70.61,45.07,471.75,323.21,704.63,126.19,116.26,210.96,81.98,140.34,35.52,93.46,44.81,183.18,282.68,237.07,462.04,141.81,292.22,43.75,84.92,119.68,4443.78,-0.49159676558550747
2023-12-06,12,6,2023,2657.63,75.94,59.4,63.79,43.19,457.7,289.75,802.87,153.63,111.29,188.49,80.31,179.31,32.93,83.67,50.05,220.73,246.1,176.07,395.78,142.23,279.56,49.43,92.84,86.35,4361.410000000001,-0.641089993716206
2023-11-17,11,17,2023,3261.84,78.62,44.63,57.38,38.14,327.4,352.58,858.13,134.55,82.74,214.4,81.44,154.55,35.56,100.71,50.12,188.02,321.51,238.36,325.35,142.31,331.5,43.94,83.13,84.32,4369.389999999999,-0.3395476172957592
2023-04-15,4,15,2023,2607.85,69.18,45.7,48.79,43.33,429.76,328.03,866.44,176.43,97.34,199.98,81.7,174.58,31.99,115.58,50.87,210.9,302.25,235.49,479.09,123.77,303.88,44.23,91.89,118.1,4669.3,-0.7904787468604407
2023-08-19,8,19,2023,3023.68,88.09,48.24,58.87,38.47,439.64,272.76,909.86,128.11,80.32,178.61,100.5,125.56,27.53,109.71,48.1,183.37,273.37,218.23,386.08,136.49,243.6,49.26,102.35,110.66,4357.78,-0.4412173245846121
2023-03-27,3,27,2023,3313.95,83.18,48.68,53.75,41.5,424.19,302.19,858.59,152.98,97.75,228.38,90.91,153.99,27.73,101.06,53.28,184.48,353.98,190.72,417.58,178.97,308.28,54.06,89.97,112.41,4608.610000000001,-0.39066974456464365
2023-06-19,6,19,2023,3369.7,76.91,53.07,52.7,36.47,470.65,315.19,893.52,155.0,80.44,204.44,102.61,142.5,33.19,103.57,47.81,213.41,336.94,165.11,463.58,159.68,304.53,56.8,103.06,111.63,4682.810000000001,-0.389681574027362
2023-05-05,5,5,2023,3197.99,84.8,59.5,63.49,36.26,409.63,256.48,929.06,133.59,88.31,198.88,102.32,136.19,35.77,107.02,41.29,201.17,299.03,184.06,461.32,151.25,279.21,50.03,82.06,90.62,4481.34,-0.4012989408972512
2023-06-18,6,18,2023,2793.43,76.32,56.0,69.35,42.81,391.9,287.93,902.22,174.96,119.24,226.05,98.41,143.12,32.12,82.16,47.05,165.37,328.17,233.33,421.95,148.74,290.92,52.78,117.63,90.56,4599.09,-0.6463952918097108
2023-08-01,8,1,2023,3498.59,69.3,40.73,57.87,36.09,389.5,263.15,720.42,135.19,81.69,183.35,83.51,161.1,29.18,90.0,54.31,229.24,256.47,179.96,333.25,154.47,308.6,50.55,106.83,106.3,4121.06,-0.17792024787128535
2023-06-24,6,24,2023,2890.62,84.08,44.71,55.6,45.64,371.12,305.21,840.29,179.33,116.5,226.64,108.38,150.04,35.15,115.96,48.22,239.61,262.34,199.2,414.57,163.0,333.53,42.58,88.18,83.83,4553.71,-0.5753402384263584
2023-07-25,7,25,2023,2448.67,95.41,56.01,62.77,33.24,451.76,245.19,756.36,127.61,83.26,181.38,98.37,170.32,33.34,116.73,51.61,221.33,283.42,207.89,373.4,127.96,242.27,43.6,104.66,97.17,4265.06,-0.7417863574920264
2023-02-27,2,27,2023,3362.13,70.9,58.07,60.09,35.1,369.94,344.08,840.8,148.75,115.87,217.56,84.94,122.41,24.92,103.81,43.06,231.16,256.79,192.12,414.03,137.25,336.43,44.02,98.4,91.3,4441.8,-0.32112678569835196
2023-08-17,8,17,2023,2687.05,90.7,40.87,53.9,41.75,390.96,269.87,667.84,144.83,96.45,191.85,81.73,133.3,28.82,116.17,59.36,187.18,242.66,221.03,360.09,139.55,280.6,48.42,117.61,115.77,4121.31,-0.5337675145605776
2023-12-12,12,12,2023,2690.35,84.13,49.46,49.38,39.28,370.25,240.93,924.56,141.37,109.93,227.36,107.41,146.2,29.85,97.05,40.05,196.99,249.12,165.68,348.45,161.87,250.96,47.66,114.78,103.95,4296.669999999999,-0.5970672960767184
2023-04-03,4,3,2023,3566.21,75.68,55.91,61.78,35.67,431.4,267.76,841.49,142.23,101.19,218.73,108.03,178.1,34.45,96.74,49.46,164.49,293.08,183.74,343.24,126.5,303.36,40.64,90.86,95.84,4340.369999999999,-0.2170820002187193
2023-05-16,5,16,2023,2894.72,80.91,46.69,70.29,37.29,337.66,242.95,870.64,138.28,114.25,212.2,82.59,162.61,30.53,81.31,46.32,163.99,266.56,182.75,443.95,163.4,266.91,48.33,110.56,80.26,4281.2300000000005,-0.4789789686049085
2023-09-04,9,4,2023,3250.4,75.79,46.05,59.17,45.93,320.46,338.36,927.91,127.17,110.84,181.08,98.03,146.94,31.68,85.87,55.73,160.86,356.0,181.56,329.84,169.13,280.92,54.0,104.9,102.07,4390.29,-0.35069222249569276
2023-12-15,12,15,2023,3401.61,71.17,44.24,69.87,45.12,439.18,251.1,845.42,170.81,94.96,202.33,98.16,156.31,28.5,94.18,41.89,236.15,268.41,215.15,410.05,121.83,324.17,59.62,107.43,108.84,4504.889999999999,-0.32434053286531944
2023-10-29,10,29,2023,2500.75,76.11,55.38,52.54,43.48,331.78,310.66,958.41,142.55,105.74,162.23,104.09,169.0,32.67,81.73,47.01,217.39,315.54,234.25,459.22,169.68,357.49,46.68,88.11,113.64,4675.380000000001,-0.8695911226632015
2023-08-28,8,28,2023,2425.75,79.92,58.81,57.17,37.9,412.25,287.03,918.19,148.14,115.23,185.63,85.89,176.51,26.19,84.43,53.23,172.81,243.13,170.29,469.17,157.89,285.96,54.79,118.38,84.85,4483.79,-0.8484138926105328
2023-08-12,8,12,2023,3015.04,91.68,54.79,48.63,41.7,470.29,266.43,908.3,155.26,82.72,182.27,102.87,168.87,24.81,98.69,40.98,175.7,256.31,215.22,426.68,151.64,281.37,56.88,106.73,107.61,4516.4299999999985,-0.4979668594778174
2023-08-25,8,25,2023,2957.93,79.71,49.92,49.19,36.44,414.19,256.1,763.42,127.77,118.35,168.41,93.43,158.85,33.27,104.0,48.02,194.72,355.7,195.97,421.72,177.71,283.44,53.91,102.52,84.48,4371.239999999999,-0.47780373436829104
2023-10-31,10,31,2023,3380.92,68.78,47.08,67.58,45.51,475.35,284.21,716.85,175.65,113.36,234.7,106.52,167.82,32.77,111.3,52.2,188.14,245.84,188.55,387.91,164.82,345.51,54.45,96.64,98.92,4470.460000000001,-0.32226139630633105
2023-07-05,7,5,2023,3049.61,81.63,54.62,59.76,39.95,401.53,353.26,730.29,147.07,89.55,229.07,104.57,157.38,32.14,93.32,51.0,177.29,268.22,190.93,412.59,148.18,254.9,47.01,110.92,113.69,4348.87,-0.42604136266604575
2023-11-10,11,10,2023,2640.18,86.3,57.84,58.22,41.25,343.79,337.18,675.82,125.34,96.81,206.82,87.57,142.17,32.14,88.52,41.53,221.17,297.41,177.34,371.35,143.6,255.91,55.96,108.95,99.1,4152.09,-0.5726541372179171
2023-04-29,4,29,2023,2682.51,90.98,43.56,64.55,32.85,415.72,273.21,815.64,149.46,99.2,169.91,87.45,129.46,31.09,106.58,43.94,219.68,254.67,178.46,475.77,168.04,256.49,44.42,97.62,98.4,4347.15,-0.6205531386649068
2023-08-09,8,9,2023,2802.78,93.85,55.86,61.62,36.43,435.4,341.28,759.53,165.48,105.93,185.3,118.62,161.56,29.94,99.3,56.9,166.31,276.08,165.93,340.09,138.08,276.22,46.39,93.99,100.12,4310.21,-0.5378338649483726
2023-12-23,12,23,2023,2491.79,86.08,49.9,48.76,41.4,463.99,295.13,656.05,136.3,81.39,222.98,95.22,162.11,28.48,105.75,59.84,174.92,313.42,175.77,412.26,144.42,285.31,56.54,98.42,80.19,4274.63,-0.715485654890661
2023-09-24,9,24,2023,3044.53,74.38,47.99,66.22,35.65,467.64,317.19,727.23,168.11,82.42,217.35,80.63,128.75,29.84,109.95,49.48,209.78,281.86,227.32,344.04,175.25,240.17,57.02,111.99,100.2,4350.46,-0.4289430552499071
2023-11-24,11,24,2023,3137.94,83.56,58.76,63.4,35.43,344.9,341.7,840.85,134.73,97.93,236.26,88.41,138.4,30.03,105.37,42.01,186.0,299.94,228.41,367.93,142.17,246.39,41.85,119.11,96.48,4370.0199999999995,-0.392639757293001
2023-12-18,12,18,2023,2593.65,70.0,56.64,56.02,37.17,386.6,259.52,931.85,177.69,113.22,187.33,90.03,143.36,32.51,86.78,53.27,205.57,240.48,226.92,333.34,146.69,319.97,44.58,95.4,116.52,4411.460000000001,-0.7008694311105973
2023-11-16,11,16,2023,3511.1,90.66,45.18,64.44,43.53,328.1,246.09,893.25,175.58,101.02,238.82,82.06,154.69,33.29,84.33,43.8,170.68,271.17,221.0,333.67,130.64,349.52,43.31,105.32,99.5,4349.650000000001,-0.23882828743128953
2023-07-24,7,24,2023,2480.85,80.47,58.11,56.1,36.05,452.8,303.45,945.37,140.15,84.87,177.47,87.88,143.52,32.77,80.49,50.36,238.44,311.67,233.68,372.6,145.87,331.08,46.39,84.66,105.87,4600.12,-0.8542515670032449
2023-02-20,2,20,2023,3200.38,87.26,50.98,61.58,43.26,348.43,336.36,829.65,130.21,112.58,229.02,105.73,126.16,27.4,102.82,58.21,181.63,253.55,168.81,321.09,125.05,337.87,59.23,107.73,95.87,4300.48,-0.3437404308238395
2023-10-23,10,23,2023,3097.3,82.58,45.69,52.04,37.14,320.92,254.48,691.93,162.64,84.32,184.16,81.72,123.1,34.83,105.86,54.04,194.87,357.56,201.08,403.29,144.19,314.91,50.88,107.64,85.88,4175.75,-0.34819035934523607
2023-04-06,4,6,2023,3527.39,83.2,44.95,57.25,46.19,372.31,312.8,672.57,144.98,118.26,215.51,103.07,179.77,35.6,87.66,42.99,169.09,318.56,231.39,335.74,123.7,277.76,42.75,84.09,96.11,4196.299999999999,-0.18963312817692385
2023-10-01,10,1,2023,3321.0,92.39,44.72,52.39,36.01,434.44,241.48,680.12,172.88,115.07,233.69,95.78,176.56,29.72,83.27,44.85,222.43,241.2,171.16,359.5,170.1,330.91,45.06,89.67,96.96,4260.359999999999,-0.28285456187895175
2023-01-21,1,21,2023,3376.25,79.17,40.59,66.55,41.91,437.08,318.22,843.03,159.67,103.6,202.82,105.59,174.6,29.12,95.81,49.4,164.14,304.69,230.12,458.43,149.21,256.09,40.79,106.01,87.14,4543.780000000001,-0.3458067382450946
2023-05-30,5,30,2023,3411.41,65.66,44.82,53.25,32.57,446.62,342.54,645.97,160.39,112.16,207.87,114.52,177.99,25.74,111.93,56.09,171.01,273.18,194.58,366.29,123.88,329.39,53.33,101.27,106.84,4317.89,-0.2657200395144531
2023-10-31,10,31,2023,2613.46,95.94,48.69,65.37,44.06,434.13,309.71,742.1,131.12,102.22,168.27,102.05,167.7,30.14,87.63,47.63,175.34,320.47,173.31,453.47,152.96,291.18,40.43,115.39,109.5,4408.810000000001,-0.6869628767993393
2023-01-21,1,21,2023,2729.04,84.82,44.64,69.69,39.31,424.07,249.49,836.54,142.03,89.41,225.65,109.02,160.9,31.12,106.98,53.02,185.5,277.5,197.41,329.12,120.41,296.31,57.09,106.22,99.82,4336.07,-0.5888627502711575
2023-07-11,7,11,2023,2407.36,81.87,58.38,69.66,41.06,425.38,313.13,893.56,143.97,111.29,196.49,100.18,162.26,28.98,110.75,44.75,234.75,337.42,232.96,377.34,156.65,338.78,51.05,109.59,91.12,4711.37,-0.9570691545925826
2023-03-29,3,29,2023,2595.46,75.87,46.66,50.42,45.07,451.91,324.96,877.6,156.74,94.04,167.7,96.54,159.57,28.25,116.83,54.08,233.34,243.11,192.86,369.38,126.44,267.65,57.21,117.27,89.18,4442.680000000001,-0.7117119893968703
2023-07-02,7,2,2023,3280.96,64.31,57.07,65.62,36.03,398.6,299.6,934.91,128.54,89.49,170.74,114.65,149.21,30.03,112.39,57.37,236.62,359.17,175.9,472.94,160.71,265.98,56.51,84.48,100.64,4621.509999999999,-0.40858468253194163
2023-08-14,8,14,2023,2475.75,89.36,50.53,62.93,43.61,440.02,282.4,915.43,160.48,109.67,228.13,92.81,128.34,33.85,82.82,43.22,219.94,353.76,193.85,441.19,149.88,338.01,41.41,92.23,113.65,4707.5199999999995,-0.9014520852266988
2023-04-16,4,16,2023,2686.33,95.62,57.95,71.91,40.06,345.92,268.89,901.25,163.92,93.37,237.69,115.54,160.4,24.32,89.4,58.56,167.64,336.14,179.48,386.8,152.83,284.67,41.85,81.5,81.78,4437.49,-0.6518782130266944
2023-02-04,2,4,2023,3000.96,73.75,54.13,48.57,33.4,327.29,302.14,951.2,123.76,105.38,197.65,97.82,167.55,26.3,110.38,45.63,208.53,297.39,233.18,321.72,159.88,355.52,45.6,105.77,106.57,4499.110000000001,-0.49922358178716164
2023-05-11,5,11,2023,2655.65,70.56,46.11,50.51,38.58,330.61,245.4,646.66,170.61,80.08,160.96,91.69,131.96,26.81,94.66,59.2,196.42,276.42,163.79,395.58,178.55,257.61,53.62,107.16,103.87,3977.4199999999996,-0.4977199555664336
2023-07-02,7,2,2023,2907.92,91.54,53.85,51.13,33.36,380.44,333.73,867.45,168.04,104.0,220.68,117.64,153.26,32.58,116.25,56.46,199.29,297.13,195.04,379.37,123.81,300.01,49.29,83.06,111.59,4519.0,-0.5540317477784809
2023-11-07,11,7,2023,3044.45,81.06,51.48,62.75,42.29,447.98,245.01,802.14,133.49,91.0,169.35,90.12,140.49,30.02,117.18,56.17,166.76,328.39,196.5,435.87,136.83,304.63,57.98,81.22,118.47,4387.179999999999,-0.44104189590894893
2023-10-24,10,24,2023,3188.78,88.92,54.56,48.96,42.02,447.26,281.74,795.03,139.14,93.26,175.42,102.75,166.03,30.47,93.01,53.23,217.62,243.96,232.04,452.36,156.06,332.06,51.67,97.92,106.97,4502.460000000001,-0.41196946794698935
2023-06-11,6,11,2023,2702.0,94.18,44.56,55.54,38.73,392.97,256.83,657.45,148.1,105.4,221.42,87.89,153.54,27.35,82.21,57.91,188.72,317.87,217.52,440.92,160.43,272.04,58.74,113.98,98.01,4292.3099999999995,-0.5885677276091782
2023-09-22,9,22,2023,3249.85,85.68,49.12,64.77,40.05,404.1,356.65,828.1,172.6,105.77,231.8,85.42,178.41,25.27,117.0,54.81,196.44,256.78,213.29,468.09,121.3,330.73,46.21,110.39,82.72,4625.500000000001,-0.4232964598366082
2023-03-05,3,5,2023,3338.75,73.44,42.11,58.65,42.7,405.99,241.87,941.95,125.69,115.51,236.21,119.42,153.12,28.91,83.27,48.37,236.08,257.87,194.67,443.13,138.04,353.67,49.95,107.83,102.52,4600.969999999999,-0.3780516660426804
2023-08-01,8,1,2023,2964.02,67.68,40.31,50.82,39.41,444.57,267.71,690.25,147.79,81.88,182.82,91.75,167.15,24.35,89.77,46.16,190.1,290.78,202.41,478.7,172.49,318.87,45.13,112.45,107.17,4350.519999999999,-0.4677768706014125
2023-04-20,4,20,2023,3166.9,65.83,55.96,53.46,47.72,448.45,293.08,830.34,164.44,117.34,205.87,90.44,170.49,25.93,98.68,45.65,202.19,252.63,234.79,350.66,125.59,291.12,59.55,89.8,89.9,4409.91,-0.39250055259086164
2023-05-16,5,16,2023,3506.79,86.06,56.31,50.33,44.59,346.57,284.06,665.82,169.01,82.27,179.66,89.68,165.54,27.25,109.15,43.09,231.06,336.73,197.52,324.53,168.75,356.1,53.78,88.4,85.52,4241.780000000001,-0.20959053721494605
2023-02-16,2,16,2023,3450.41,85.5,44.11,49.75,37.38,337.48,247.98,829.4,175.21,81.08,171.0,95.17,149.33,26.97,96.08,51.66,164.22,243.97,229.69,348.25,178.67,277.12,43.28,114.58,111.37,4189.249999999999,-0.21413107427812905
2023-08-13,8,13,2023,3184.78,94.28,54.97,56.77,35.2,362.48,256.33,887.99,127.2,113.3,168.69,107.42,160.08,31.45,108.62,46.22,218.76,289.57,216.14,405.43,171.06,279.53,44.19,110.53,119.87,4466.079999999998,-0.40231978347012914
2023-06-12,6,12,2023,3042.38,68.94,50.6,65.28,42.0,329.6,252.78,912.48,154.83,114.08,184.88,81.26,167.94,25.6,93.89,47.41,178.4,281.74,164.48,353.0,160.18,351.95,46.67,105.79,100.32,4334.099999999999,-0.4245754968149933
2023-01-16,1,16,2023,2803.28,93.63,49.92,49.09,39.95,426.5,250.56,859.56,173.5,112.85,224.66,94.43,167.3,33.87,116.48,47.16,182.44,324.15,199.39,397.19,137.12,349.17,51.31,90.58,103.49,4574.299999999999,-0.6317670728575094
2023-01-18,1,18,2023,2767.34,73.03,41.06,58.43,38.18,405.13,301.32,683.43,137.86,97.38,236.82,106.86,141.85,28.38,88.32,49.25,178.23,346.32,239.8,376.26,159.1,274.83,56.09,80.83,84.03,4282.79,-0.5476197359196917
2023-03-04,3,4,2023,2426.57,91.09,40.49,51.77,37.77,449.57,282.51,703.4,146.1,83.7,194.73,102.94,179.5,34.25,112.57,42.83,210.58,270.34,162.49,410.19,143.83,256.33,53.37,115.71,84.17,4260.23,-0.7556592226888156
2023-09-02,9,2,2023,2755.98,67.98,47.88,49.36,34.11,329.39,339.03,879.85,178.71,111.08,183.77,106.96,155.85,35.21,90.35,45.35,172.36,306.82,188.6,429.71,134.57,250.9,57.02,103.66,90.58,4389.1,-0.5925732407346934
2023-08-01,8,1,2023,3271.09,74.76,55.97,62.51,43.98,376.7,314.78,909.67,163.98,115.03,173.86,109.01,163.54,29.92,114.96,53.62,229.05,336.12,195.16,337.04,133.71,342.0,58.64,91.19,80.95,4566.150000000001,-0.3959108431745994
2023-04-20,4,20,2023,3119.64,70.68,57.25,69.94,39.61,336.38,289.04,901.02,162.63,110.66,182.14,81.62,163.7,28.67,106.55,41.99,173.07,285.33,200.37,473.12,177.89,282.03,58.75,108.29,112.19,4512.919999999999,-0.44661563513738745
2023-09-30,9,30,2023,3262.15,69.18,49.54,63.6,42.87,374.16,282.78,893.81,175.92,119.09,235.79,97.69,175.88,29.04,99.26,45.46,176.5,265.22,215.94,354.72,165.12,338.39,59.9,98.27,109.26,4537.390000000001,-0.3909200987079077
2023-03-10,3,10,2023,3258.54,80.64,44.32,58.04,43.94,349.94,338.98,750.31,122.46,85.52,160.11,97.64,129.91,27.09,115.76,52.53,236.3,323.63,190.83,460.35,159.99,285.92,55.8,113.25,88.66,4371.920000000001,-0.34168062997538806
2023-09-12,9,12,2023,2481.94,92.88,49.53,50.67,32.42,349.04,307.24,819.02,123.93,98.13,162.43,112.4,179.29,24.62,104.91,56.83,197.37,342.0,232.36,336.87,127.81,297.16,43.86,117.86,117.65,4376.279999999999,-0.763249715948008
2023-06-09,6,9,2023,3020.63,65.65,59.57,51.84,43.05,427.17,359.72,834.09,169.77,107.87,202.04,96.48,162.97,24.0,82.35,43.01,162.2,318.63,198.21,459.43,176.63,254.55,51.69,110.1,91.17,4552.19,-0.5070333010001223
2023-04-03,4,3,2023,2694.37,95.87,53.99,61.69,44.36,341.02,265.16,900.12,168.64,116.28,231.49,100.64,147.87,28.21,98.41,48.91,209.68,263.72,175.73,451.05,153.05,304.61,55.89,114.55,115.44,4546.38,-0.6873629085834537
2023-05-25,5,25,2023,3526.75,78.88,40.24,70.91,43.75,339.48,266.52,647.69,146.62,105.01,193.86,105.99,150.94,33.38,92.98,53.66,187.05,358.91,207.02,412.01,125.82,280.23,45.93,113.15,97.51,4197.54,-0.1902006096264266
2023-05-08,5,8,2023,2868.99,83.9,53.54,51.07,34.85,388.68,280.69,812.86,127.49,110.69,170.75,92.34,178.06,26.71,102.14,55.31,185.92,245.52,236.35,361.48,144.08,252.73,57.53,90.43,87.74,4230.860000000001,-0.4746862136152447
2023-06-01,6,1,2023,3125.73,70.44,51.48,54.88,38.81,460.61,353.7,880.69,142.66,90.26,162.68,102.24,160.73,32.06,107.8,51.27,218.86,343.79,215.72,453.75,141.59,277.76,45.41,83.02,110.06,4650.27,-0.4877388642013227
2023-01-28,1,28,2023,2874.35,89.95,48.74,63.39,47.65,366.35,251.0,783.23,134.17,103.16,203.04,115.71,133.0,29.67,82.9,43.2,206.0,345.46,168.76,438.49,141.38,320.4,50.43,85.89,115.75,4367.72,-0.519550507071164
2023-05-07,5,7,2023,3583.88,78.03,40.29,58.57,36.68,397.2,310.7,764.47,124.1,100.36,195.76,95.76,154.79,35.83,116.0,58.06,171.16,246.02,237.66,444.39,177.59,320.19,58.97,86.36,118.11,4427.049999999999,-0.2352673638626291
2023-06-25,6,25,2023,3331.58,67.77,47.28,69.38,47.84,478.24,258.52,719.73,121.61,111.22,196.63,100.24,154.57,33.45,84.61,44.68,216.45,261.8,222.05,380.91,120.41,304.76,54.48,80.03,114.89,4291.549999999999,-0.28814256298813157
2023-09-09,9,9,2023,3373.44,70.81,53.07,49.11,47.26,324.93,348.22,725.97,169.27,119.02,225.75,96.23,159.25,25.5,100.62,48.67,234.9,272.04,231.2,416.33,171.55,343.89,56.05,112.65,81.1,4483.39,-0.32902615727565937
2023-09-13,9,13,2023,3361.52,77.64,40.5,54.54,38.04,453.05,334.46,719.21,146.71,119.71,222.71,109.33,124.76,34.41,99.53,46.18,236.0,263.64,204.79,333.19,163.69,339.11,58.06,89.53,116.42,4425.21,-0.31643125728836957
2023-08-23,8,23,2023,2924.0,92.0,58.13,69.41,43.33,448.0,339.89,876.5,135.3,94.99,200.13,97.16,151.41,27.49,101.57,49.99,165.37,260.44,200.47,461.18,157.67,270.08,54.52,104.17,100.02,4559.22,-0.5592407660738715
2023-03-30,3,30,2023,2901.92,86.68,53.72,52.13,42.13,341.82,325.65,824.4,155.11,112.04,231.76,112.69,129.55,27.77,111.42,40.29,215.89,254.75,228.89,342.18,161.76,274.74,45.46,100.46,116.92,4388.209999999999,-0.5121746981308923
2023-06-29,6,29,2023,2903.89,93.56,49.66,56.72,45.24,362.55,328.09,788.69,161.74,95.62,183.74,96.71,155.35,26.77,83.38,41.97,214.85,328.63,189.65,424.47,149.49,334.43,53.35,98.0,112.58,4475.24,-0.5411189817796128
2023-07-10,7,10,2023,3379.71,87.03,47.7,68.67,39.69,383.05,307.46,680.23,150.01,109.5,187.36,105.63,155.17,27.73,115.22,58.53,165.65,283.65,183.0,419.71,151.16,303.51,51.87,100.05,119.84,4301.420000000001,-0.27271866521092075
2023-08-28,8,28,2023,2832.71,87.69,42.83,48.12,33.23,431.97,283.42,652.99,173.42,86.81,226.15,98.7,160.77,31.74,97.27,53.71,162.78,285.59,198.32,368.85,171.65,291.82,51.68,89.83,112.0,4241.34,-0.4972729294562451
2023-02-14,2,14,2023,2708.33,65.78,41.78,64.71,48.0,451.32,268.69,902.66,173.81,84.34,168.96,114.75,135.77,24.26,94.15,50.04,185.87,302.77,185.58,341.35,137.37,258.42,47.85,93.74,91.06,4333.030000000001,-0.5998899690953469
2023-07-30,7,30,2023,3130.34,93.96,46.93,64.98,40.37,370.78,352.5,946.45,172.78,87.99,200.13,108.5,125.34,26.9,93.96,47.95,193.94,314.12,237.87,359.59,179.22,336.95,50.85,112.22,94.22,4658.500000000001,-0.48817700313703966
2023-10-03,10,3,2023,2924.84,72.01,49.28,60.81,34.25,471.13,286.45,654.69,127.36,104.59,206.65,84.43,169.33,32.82,85.16,57.21,234.74,276.78,197.64,432.59,130.09,263.51,56.03,107.36,101.47,4296.38,-0.46892821487671116
2023-03-12,3,12,2023,2917.94,91.52,56.73,59.65,41.44,350.6,297.77,872.6,156.37,119.46,167.24,115.11,127.87,35.86,112.67,49.89,166.17,331.08,214.37,479.49,138.77,326.44,53.52,85.09,80.36,4530.070000000001,-0.5524890847652798
2023-10-04,10,4,2023,3546.13,78.53,42.02,51.09,44.41,448.26,316.43,823.08,158.03,115.96,218.48,95.31,169.58,33.79,108.93,48.34,174.63,244.28,191.25,388.0,133.02,335.04,52.03,119.42,94.11,4484.0199999999995,-0.26448268957990806
2023-09-25,9,25,2023,2586.79,70.04,42.63,51.08,35.85,406.15,354.53,644.64,123.22,99.78,185.07,114.21,165.4,34.06,82.62,45.47,172.77,256.94,182.65,367.6,165.18,281.58,49.76,94.76,110.4,4136.389999999999,-0.5990436023024673
2023-11-04,11,4,2023,2654.83,91.75,58.83,60.37,45.68,422.34,345.84,834.59,147.94,85.59,181.59,92.09,167.26,25.03,116.29,40.24,198.74,320.31,173.91,428.43,162.16,268.98,58.57,110.26,99.56,4536.350000000001,-0.7087158123119
2023-11-19,11,19,2023,3171.68,79.66,47.09,54.17,38.37,390.01,293.26,792.26,133.51,92.82,204.59,84.27,148.09,25.17,116.37,48.13,168.46,346.96,179.77,354.74,166.31,329.4,42.55,90.65,98.51,4325.12,-0.36366846592342233
2023-01-27,1,27,2023,3398.72,94.78,46.91,70.41,33.57,461.55,339.66,711.23,134.97,82.02,172.61,104.75,164.45,35.67,105.76,46.61,174.47,274.56,195.72,350.23,162.29,339.87,41.4,85.26,114.59,4343.34,-0.2779340457584033
2023-01-23,1,23,2023,2665.26,93.41,53.77,50.63,47.78,375.46,269.09,862.98,141.76,98.48,233.61,117.96,168.12,25.01,109.58,48.43,213.87,357.96,162.69,468.18,143.5,318.41,53.46,103.92,81.83,4599.889999999999,-0.7258691459745011
2023-05-22,5,22,2023,3400.99,70.07,45.02,53.17,36.27,360.16,338.85,879.6,153.81,111.78,207.06,90.12,129.38,33.12,116.93,40.15,164.51,315.51,173.21,462.27,146.49,326.14,44.78,86.29,100.34,4485.030000000001,-0.31874248380618614
2023-11-18,11,18,2023,3008.73,92.24,48.92,61.09,42.7,337.03,312.19,709.86,152.42,94.89,163.16,81.74,122.6,24.72,96.92,52.68,171.24,301.74,228.84,423.26,148.55,293.51,46.61,96.1,102.06,4205.070000000001,-0.39762291731062627
2023-03-03,3,3,2023,2975.32,81.69,46.18,59.1,32.44,366.29,336.41,844.07,133.21,108.47,225.6,94.15,167.34,33.13,96.52,57.28,182.8,338.68,165.2,367.47,144.65,264.08,42.42,92.5,88.16,4367.840000000001,-0.46802360754473493
2023-02-04,2,4,2023,3381.15,80.47,42.16,65.5,47.88,383.34,320.95,754.87,169.02,94.44,206.39,93.09,144.71,24.5,117.14,58.43,233.47,267.44,177.51,439.03,129.21,308.32,47.9,90.88,90.25,4386.899999999999,-0.2974579654851156
2023-03-13,3,13,2023,2505.93,82.05,43.68,69.3,37.22,437.18,280.62,793.59,155.27,94.73,217.63,98.13,127.83,29.82,96.53,45.46,182.78,352.29,184.55,329.19,157.13,296.62,50.9,88.83,99.47,4350.800000000001,-0.7362017294976322
2023-04-02,4,2,2023,3108.4,68.57,40.32,66.7,37.79,441.15,277.37,953.26,131.41,86.11,208.59,94.77,125.22,35.87,106.68,58.71,205.42,347.73,204.56,324.09,168.32,321.22,53.35,112.4,87.93,4557.54,-0.4662012610989576
2023-01-28,1,28,2023,3505.38,78.97,58.68,63.82,42.5,440.24,288.34,859.85,121.44,118.04,195.06,86.23,138.21,29.17,95.69,52.15,215.03,266.64,234.34,451.13,160.8,307.81,46.19,100.72,100.22,4551.270000000001,-0.29836708145764546
2023-12-16,12,16,2023,3292.08,92.97,40.33,55.85,41.27,373.47,315.99,692.85,148.6,87.37,190.43,110.03,128.78,33.69,111.12,46.55,218.75,259.06,179.6,471.28,163.07,345.84,58.44,112.8,104.23,4382.369999999999,-0.3311857549026752
2023-03-26,3,26,2023,2968.29,65.76,53.64,59.22,35.08,427.52,268.92,844.17,172.51,119.13,193.3,84.21,141.21,35.25,91.93,54.58,190.91,305.62,238.43,459.21,143.75,300.26,50.98,110.31,109.85,4555.75,-0.5348062352398182
2023-12-23,12,23,2023,3026.13,79.07,59.6,71.21,36.35,360.09,347.3,721.54,121.14,89.83,234.81,110.37,160.55,31.47,83.34,59.14,209.73,278.88,224.0,356.73,137.98,245.65,51.23,101.61,107.82,4279.44,-0.4141626433761932
2023-05-01,5,1,2023,3442.59,81.42,50.89,50.91,41.27,350.5,296.27,827.4,168.27,105.82,223.2,88.14,177.93,31.23,111.4,52.63,208.79,336.85,167.28,427.75,129.47,351.65,40.56,95.42,83.83,4498.88,-0.30683003203983045
2023-07-07,7,7,2023,2616.46,64.19,43.07,61.92,37.82,354.6,351.38,717.56,169.56,105.49,214.86,107.16,137.47,24.06,102.13,41.59,198.8,262.03,169.78,415.17,145.59,262.48,56.67,87.32,93.91,4224.61,-0.614628161714683
2023-01-10,1,10,2023,3477.08,94.35,41.95,66.56,39.78,371.23,348.49,863.2,120.82,107.97,215.22,106.25,158.33,33.02,83.17,49.26,229.51,341.15,230.69,451.33,130.45,275.28,46.18,89.54,119.65,4613.379999999999,-0.3267971976486015
2023-09-19,9,19,2023,3491.6,79.39,47.45,49.75,36.55,398.85,292.24,676.89,147.91,105.05,231.83,107.6,147.13,25.6,85.63,59.35,232.49,341.25,164.26,419.72,159.41,327.93,50.39,114.44,101.81,4402.920000000001,-0.2610035513804563
2023-04-14,4,14,2023,2739.64,86.83,52.83,52.29,35.28,338.12,319.93,644.04,142.48,104.01,216.82,87.12,161.87,30.56,85.55,54.72,188.02,325.37,190.75,377.75,159.33,245.15,43.28,88.81,83.95,4114.86,-0.5019710618913433
2023-08-28,8,28,2023,3076.8,87.22,43.31,70.91,43.92,346.79,286.35,857.48,126.09,110.3,192.07,100.22,126.78,29.2,116.92,55.89,219.36,289.37,170.86,415.65,130.77,251.5,43.78,95.88,90.26,4300.88,-0.39784191367654703
2023-03-28,3,28,2023,2918.77,71.48,40.31,52.11,41.84,367.82,298.0,898.21,176.57,88.35,228.57,91.32,160.42,28.33,87.9,52.17,182.48,248.91,213.18,324.39,139.34,278.37,50.55,100.07,86.55,4307.24,-0.4757038067405105
2023-05-30,5,30,2023,2895.43,79.66,41.25,66.76,40.07,389.79,313.2,655.84,120.42,106.2,178.18,80.95,146.97,27.27,91.76,40.81,234.7,267.88,186.21,463.33,125.05,348.33,48.84,98.18,103.8,4255.450000000001,-0.4697126160881116
2023-08-15,8,15,2023,2690.85,87.2,50.97,61.55,33.88,430.34,348.93,681.74,141.66,83.6,172.61,113.06,135.34,29.13,87.82,47.67,162.48,346.3,207.72,378.22,130.73,244.97,46.3,82.65,98.76,4203.63,-0.5621941022353533
2023-05-20,5,20,2023,3427.03,79.19,41.55,50.13,32.78,382.86,304.89,940.53,171.47,102.67,232.99,102.25,177.13,31.57,83.58,57.88,222.83,270.55,164.48,438.12,156.25,276.95,45.96,107.39,117.6,4591.6,-0.3398190269708757
2023-10-05,10,5,2023,3579.2,80.68,51.55,69.93,33.6,440.49,341.34,902.7,140.12,96.27,223.66,96.08,146.34,34.83,103.38,46.77,181.44,287.89,162.32,397.43,154.09,334.82,49.0,92.26,83.0,4549.99,-0.2712310013410818
2023-09-05,9,5,2023,3444.0,78.93,55.97,51.09,34.44,352.9,240.5,865.27,141.0,89.2,196.17,114.96,146.43,31.89,92.9,43.79,171.9,314.07,188.27,414.09,161.38,303.85,50.48,102.23,111.35,4353.0599999999995,-0.2639547038327525
2023-07-04,7,4,2023,3250.5,79.96,59.57,70.98,41.91,460.23,262.82,841.16,140.37,98.9,214.76,80.64,162.0,27.06,115.77,52.25,206.03,288.11,193.9,434.22,167.99,277.0,47.68,101.35,90.66,4515.320000000001,-0.3891155206891249
2023-12-13,12,13,2023,2945.9,82.74,44.65,65.35,38.29,428.33,255.7,716.72,124.65,109.32,193.3,98.16,129.96,35.65,98.93,46.67,238.45,267.09,178.77,369.88,120.18,286.85,43.16,114.08,96.44,4183.32,-0.4200482025866457
2023-04-10,4,10,2023,2695.01,88.95,42.33,64.59,34.13,379.9,322.77,721.74,161.34,93.73,237.78,96.62,144.07,33.6,101.13,48.39,230.95,263.39,196.75,365.33,135.98,283.57,54.33,109.61,115.36,4326.339999999999,-0.6053150081075762
2023-06-06,6,6,2023,2644.06,91.88,58.68,50.02,33.68,374.33,346.73,724.79,179.5,93.3,211.32,86.67,168.78,31.58,101.26,45.99,228.5,332.19,190.29,400.91,173.95,248.95,52.48,84.92,116.39,4427.09,-0.6743530782206154
2023-05-20,5,20,2023,3302.92,84.53,43.47,54.04,38.2,348.49,311.55,800.35,146.53,90.13,218.28,92.93,159.11,31.46,101.13,49.92,221.17,308.39,169.46,358.38,120.13,295.77,56.19,90.44,119.26,4309.31,-0.30469705593838187
2023-11-30,11,30,2023,2490.35,80.93,57.13,59.52,41.1,466.78,347.72,655.59,177.47,112.51,204.62,90.4,164.41,35.97,81.03,50.06,171.23,288.54,183.99,472.02,164.57,304.21,53.61,119.14,117.59,4500.14,-0.8070311402011767
2023-06-07,6,7,2023,2646.71,65.52,56.36,49.7,36.3,386.52,291.09,875.64,155.42,84.57,162.12,112.36,155.7,28.96,110.0,58.26,208.57,345.71,171.76,457.33,123.83,349.54,51.95,108.0,81.48,4526.69,-0.7103082695119599
2023-06-23,6,23,2023,2410.75,66.48,55.45,58.51,37.6,321.44,252.9,692.7,120.13,109.09,175.28,96.61,120.1,27.05,82.11,58.21,198.45,306.95,224.91,406.58,167.35,355.47,50.23,89.07,85.35,4158.02,-0.7247827439593489
2023-03-30,3,30,2023,2472.09,76.52,41.6,65.94,41.87,367.26,284.63,912.15,157.11,110.51,209.43,112.58,165.15,29.43,115.0,43.28,234.51,317.68,182.87,364.52,136.18,270.89,40.28,99.03,113.69,4492.109999999999,-0.8171304442799406
2023-03-28,3,28,2023,2696.03,91.01,58.35,49.63,47.68,412.61,260.36,865.48,170.58,109.59,216.7,103.98,147.42,27.88,98.82,48.74,231.63,347.72,216.19,417.41,130.23,267.55,46.8,99.96,102.99,4569.31,-0.694829063474813
2023-12-04,12,4,2023,3384.95,84.52,56.97,53.02,39.1,322.54,277.43,840.24,122.42,103.47,208.42,109.19,152.13,27.8,110.88,56.35,178.39,246.68,178.91,475.69,146.02,243.05,42.67,94.22,102.06,4272.170000000001,-0.2621072689404574
2023-07-29,7,29,2023,3142.77,94.84,48.51,48.36,41.88,353.84,276.87,789.76,175.03,80.68,198.89,113.81,167.83,25.04,83.54,45.82,191.15,319.59,190.38,454.15,137.14,252.45,40.47,111.4,114.18,4355.61,-0.38591433671569975
2023-06-26,6,26,2023,3098.91,65.95,46.98,66.87,42.13,371.46,284.82,747.64,168.07,105.64,197.65,98.13,163.79,31.09,81.52,48.95,231.56,350.54,234.12,443.75,139.36,347.53,49.72,114.39,102.41,4534.070000000001,-0.4631176768605738
2023-06-30,6,30,2023,3272.9,88.0,46.61,52.09,47.09,470.11,329.34,905.42,145.16,111.72,227.66,82.06,159.58,33.67,110.91,57.04,228.15,310.68,210.76,348.02,136.43,322.28,56.95,97.12,115.09,4691.939999999999,-0.4335726725533926
2023-04-18,4,18,2023,3343.85,76.72,45.1,68.96,47.2,410.2,246.33,659.27,133.44,100.68,181.54,97.51,123.53,27.15,83.59,51.41,166.57,255.47,171.48,410.28,139.19,346.67,44.43,107.79,93.63,4088.1400000000003,-0.22258474512911777
2023-12-29,12,29,2023,3591.83,85.62,52.17,59.57,43.29,373.39,313.8,773.51,138.74,108.92,219.83,80.87,123.57,28.25,80.9,55.81,176.36,346.22,166.1,404.35,149.89,299.52,48.98,100.85,106.03,4336.54,-0.20733442284295195
2023-06-28,6,28,2023,3595.92,92.58,43.77,53.24,40.12,365.9,325.43,836.15,148.86,112.18,224.43,81.93,134.71,35.82,109.52,53.55,164.89,337.82,183.35,333.89,159.01,269.98,53.05,114.6,82.17,4356.950000000002,-0.2116370775768097
2023-04-03,4,3,2023,3212.38,84.17,58.36,50.09,39.54,408.53,245.79,690.67,174.51,81.26,179.22,96.62,163.49,32.68,96.53,58.79,222.65,294.59,228.26,374.73,177.25,285.3,47.14,91.95,104.7,4286.82,-0.334468524894315
2023-01-30,1,30,2023,2649.63,92.78,50.09,62.72,44.89,431.33,264.25,886.89,163.32,84.32,164.04,95.27,132.26,27.78,88.22,56.45,202.99,327.79,170.82,430.58,131.32,353.54,41.64,94.61,109.81,4507.71,-0.7012601759490947
2023-02-05,2,5,2023,2773.59,84.95,46.3,65.92,32.46,323.65,285.18,645.56,128.32,111.83,161.14,97.6,163.04,27.84,119.96,54.93,183.76,337.8,198.2,345.15,175.95,348.54,48.4,91.43,119.36,4197.2699999999995,-0.5132986490432975
2023-05-11,5,11,2023,3193.08,78.5,57.58,69.4,39.26,328.73,309.98,657.18,154.01,113.0,233.46,93.8,160.0,25.89,109.62,55.5,188.9,314.4,196.32,442.95,129.65,305.54,50.74,101.23,110.66,4326.299999999999,-0.35489871847871
2023-11-05,11,5,2023,3472.81,82.94,57.81,65.24,47.26,368.02,312.4,944.54,143.05,109.01,210.0,82.69,162.41,31.01,92.54,56.33,212.54,275.18,183.88,360.23,139.29,268.59,51.68,81.21,82.9,4420.75,-0.272960513244318
2023-07-09,7,9,2023,2603.85,91.94,59.57,69.09,43.8,380.11,304.6,745.67,149.62,80.37,165.53,103.52,165.73,31.19,93.87,40.9,231.46,276.15,196.11,326.96,176.0,321.49,44.57,99.6,110.35,4308.200000000001,-0.6545499932791831
2023-06-25,6,25,2023,3484.44,87.77,58.15,64.74,32.92,430.59,319.92,787.66,174.02,81.3,210.82,89.65,162.06,29.08,106.92,42.12,167.82,319.63,161.01,397.97,157.08,336.23,54.92,95.41,90.73,4458.52,-0.2795513769787973
2023-09-04,9,4,2023,2788.34,69.68,46.91,63.54,43.48,433.86,320.0,704.39,127.53,102.46,191.97,107.49,150.13,35.05,118.38,53.6,193.83,346.14,201.69,401.29,140.85,329.13,42.2,93.0,113.43,4430.03,-0.5887696622363124
2023-12-13,12,13,2023,2899.68,91.51,48.29,71.66,46.26,476.86,307.88,774.58,164.78,95.52,192.59,80.57,154.12,28.45,84.78,48.27,229.09,248.61,176.56,373.48,179.05,262.48,45.22,94.86,82.99,4358.460000000001,-0.5030830988246983
2023-03-18,3,18,2023,2847.83,83.42,41.35,51.09,47.18,422.6,291.56,821.6,170.74,115.68,204.64,110.39,172.64,30.96,102.14,50.51,205.69,339.27,210.2,478.46,164.37,250.23,48.5,88.98,93.9,4596.0999999999985,-0.6138954923573383
2023-09-11,9,11,2023,3152.37,72.32,44.1,61.7,45.29,349.31,331.43,900.39,163.91,96.88,170.65,80.17,127.23,29.79,96.21,58.33,221.29,253.27,191.24,475.68,165.19,250.86,56.51,114.49,89.75,4445.99,-0.41036426561602857
2023-12-16,12,16,2023,3181.9,90.78,47.26,56.3,45.0,320.71,334.57,695.61,120.72,87.54,193.37,88.24,164.21,29.88,94.95,52.41,183.15,331.96,201.67,448.06,120.11,275.76,40.17,118.97,81.41,4222.81,-0.32713473082120753
2023-03-23,3,23,2023,2962.53,64.59,55.05,55.4,40.38,433.51,276.55,862.32,142.86,109.93,185.99,107.34,133.76,28.1,96.53,42.32,201.19,330.34,161.03,358.85,178.54,240.4,56.86,114.28,106.9,4383.0199999999995,-0.47948543980989194
2023-10-26,10,26,2023,2795.42,85.32,48.26,51.33,33.07,373.57,350.22,949.69,172.48,108.41,167.51,117.2,150.15,24.94,99.38,52.06,224.76,265.09,191.3,381.59,133.71,318.11,58.77,92.15,87.01,4536.08,-0.6226828168933469
2023-02-07,2,7,2023,3180.05,69.07,59.03,55.83,40.25,373.81,263.1,952.7,149.48,81.97,173.84,106.56,136.68,35.92,113.3,49.81,177.5,315.95,175.83,438.76,159.61,258.64,45.02,93.72,113.82,4440.2,-0.39626735428688215
2023-08-18,8,18,2023,3543.42,74.56,49.03,50.36,42.1,327.59,336.75,890.78,134.97,94.77,200.11,102.22,147.36,24.8,108.04,55.46,186.38,274.08,228.35,366.74,152.51,248.67,47.11,111.97,103.98,4358.69,-0.2300799792291062
2023-09-16,9,16,2023,2685.55,80.09,43.38,48.1,43.41,372.48,273.18,789.38,149.8,90.73,167.14,96.0,125.09,34.29,97.62,56.78,171.01,348.27,173.32,341.42,176.8,330.1,42.17,102.7,93.11,4246.370000000001,-0.5811919346130218
2023-05-18,5,18,2023,3250.12,82.03,56.29,69.34,47.31,410.04,307.43,724.33,166.72,87.59,228.2,112.58,164.42,27.84,99.21,56.18,192.74,287.41,217.75,358.03,152.54,341.31,46.87,93.6,111.08,4440.84,-0.36636185740834193
2023-01-18,1,18,2023,3248.44,82.64,41.81,56.82,37.55,384.04,293.23,700.0,176.77,102.57,212.09,109.65,165.84,35.51,110.27,55.13,190.69,241.83,169.36,444.83,125.22,316.45,40.61,95.31,102.48,4290.7,-0.3208493923236999
2023-06-17,6,17,2023,3205.63,77.11,54.11,59.83,32.67,469.77,256.3,854.06,121.74,114.32,177.88,105.36,132.88,35.28,84.01,41.33,160.91,349.55,209.42,383.36,148.6,357.42,48.86,117.77,87.97,4480.510000000001,-0.397700296041652
2023-08-16,8,16,2023,2668.25,88.78,50.07,71.69,38.01,387.28,240.12,844.99,154.76,107.86,187.8,106.37,139.56,33.67,113.56,56.93,207.12,298.69,162.72,361.7,169.12,264.15,44.88,95.7,109.03,4334.559999999999,-0.6244954558231045
2023-01-03,1,3,2023,3108.41,87.77,46.83,71.71,46.31,424.61,299.42,949.41,163.12,82.0,188.3,118.72,145.73,25.49,113.99,46.61,238.48,256.39,207.18,348.18,170.35,290.35,46.32,119.38,111.09,4597.739999999999,-0.4791292011028143
2023-01-25,1,25,2023,3223.7,82.03,50.31,55.34,45.59,444.73,286.33,906.23,156.5,98.67,218.67,81.64,124.22,30.96,82.22,57.78,162.79,265.16,200.52,371.24,143.55,350.12,54.18,105.23,109.14,4483.15,-0.39068461705493684
2023-05-25,5,25,2023,2692.81,76.86,51.45,67.69,42.18,325.19,312.53,673.48,126.44,101.25,235.71,95.12,124.06,26.63,84.37,59.18,188.01,255.1,212.82,421.98,159.28,325.17,47.17,82.71,83.46,4177.84,-0.5514796810766449
2023-10-26,10,26,2023,3187.46,70.28,47.07,55.21,43.97,412.45,259.93,824.77,123.78,87.26,205.18,104.86,164.3,31.08,109.15,44.57,221.73,269.63,203.38,391.63,145.12,296.19,57.05,81.45,105.31,4355.350000000001,-0.36640146072421337
2023-03-26,3,26,2023,3409.85,80.75,58.76,69.51,45.4,463.08,333.73,906.06,121.0,88.5,208.95,118.95,153.01,30.41,91.47,53.38,212.2,242.56,167.99,351.45,134.33,322.87,51.37,88.18,104.94,4498.8499999999985,-0.319368887194451
2023-12-17,12,17,2023,3382.73,86.58,43.61,66.05,35.88,346.7,240.53,679.17,176.0,102.37,204.07,84.69,133.4,34.41,83.11,49.4,193.2,280.93,226.34,384.96,147.14,248.58,42.73,108.17,114.95,4112.969999999999,-0.21587297833406727
2023-12-07,12,7,2023,3070.42,83.42,55.26,68.99,32.95,344.97,356.41,957.11,139.18,97.51,162.68,100.14,165.14,26.23,107.18,40.26,193.41,285.37,199.1,397.15,155.68,317.21,45.33,103.88,106.5,4541.0599999999995,-0.4789703037369478
2023-03-31,3,31,2023,2853.61,74.93,57.61,49.54,46.77,365.09,340.98,792.52,135.53,94.54,215.55,92.37,133.73,28.28,87.11,48.87,184.04,336.81,214.23,471.86,151.09,257.55,57.12,85.58,96.77,4418.47,-0.5483790707209465
2023-11-06,11,6,2023,3088.13,65.55,42.25,60.5,47.17,441.9,252.36,675.91,164.15,99.05,179.97,89.29,171.88,24.89,98.4,45.74,193.64,359.18,211.92,329.65,144.82,343.88,59.8,80.37,104.34,4286.61,-0.3880924702004124
2023-04-14,4,14,2023,3004.81,70.7,41.35,61.99,36.15,371.78,247.26,883.01,139.2,118.12,164.13,116.87,137.95,32.95,93.76,44.06,179.28,264.79,203.24,344.12,138.04,356.59,47.19,91.16,92.84,4276.530000000001,-0.42322809096082636
2023-01-28,1,28,2023,2806.8,74.14,57.61,56.09,39.53,404.87,354.32,682.71,131.54,101.76,225.91,88.1,129.97,27.23,107.09,57.48,171.63,250.64,168.81,404.05,160.3,332.75,54.31,107.52,116.37,4304.7300000000005,-0.5336789226165028
2023-07-13,7,13,2023,3096.01,78.81,54.72,59.55,43.57,348.78,347.07,708.99,148.16,88.36,204.52,106.06,136.75,30.72,97.76,57.41,174.83,303.19,205.66,458.85,175.08,335.58,43.1,108.96,118.06,4434.540000000001,-0.4323403348180402
2023-02-16,2,16,2023,3326.27,86.81,43.51,71.1,35.57,401.67,323.66,917.45,165.86,114.21,174.83,89.63,154.79,34.41,83.79,50.04,181.97,284.17,165.15,406.27,129.85,304.65,50.6,116.9,89.56,4476.45,-0.3457867220640537
2023-05-14,5,14,2023,3318.99,65.64,44.64,57.66,32.45,464.73,259.02,688.21,148.49,93.06,184.22,104.49,138.5,29.36,112.53,50.93,190.42,293.16,194.13,446.91,155.05,292.4,42.79,87.79,111.18,4287.76,-0.2918869897167513
2023-07-07,7,7,2023,2471.62,77.37,57.01,57.79,40.58,381.75,355.25,707.3,146.3,82.02,214.41,112.96,176.59,26.1,80.81,43.4,188.92,292.72,201.65,446.63,158.39,287.41,58.66,106.58,95.72,4396.32,-0.7787200297780402
2023-02-09,2,9,2023,2875.95,71.81,57.04,55.04,32.67,395.05,329.31,949.58,129.13,110.78,178.85,88.3,173.43,27.74,81.96,56.51,182.72,346.35,199.97,411.35,157.9,291.97,59.97,90.17,106.08,4583.68,-0.5937968323510494
2023-04-24,4,24,2023,3430.14,85.75,44.57,50.28,43.41,430.35,286.58,715.16,142.52,87.16,220.14,85.75,136.45,34.05,92.24,45.8,160.21,316.28,196.3,466.21,171.21,285.4,43.26,103.0,83.04,4325.12,-0.26091646405103003
2023-02-23,2,23,2023,3160.63,80.37,50.54,49.92,38.12,477.19,289.75,654.0,159.59,82.41,229.3,115.64,137.77,31.09,105.49,48.84,209.0,280.26,200.89,421.47,126.36,338.74,47.59,112.83,116.06,4403.22,-0.39314630311045584
2023-05-23,5,23,2023,2487.11,64.76,47.78,59.8,40.71,371.11,296.48,937.57,170.9,85.9,166.09,93.97,172.49,34.93,90.95,57.94,221.93,308.67,187.72,438.81,170.83,241.68,41.53,82.71,117.0,4502.259999999999,-0.8102375849881988
2023-12-18,12,18,2023,2956.87,69.49,50.32,48.58,35.9,425.4,358.86,844.38,164.94,113.62,194.7,83.77,152.45,26.81,88.9,43.98,169.76,331.68,180.38,411.99,139.01,270.66,56.21,86.83,116.76,4465.38,-0.5101712283597183
2023-10-10,10,10,2023,3234.0,73.37,55.17,52.27,32.09,445.28,300.92,854.87,152.93,94.26,212.29,81.9,155.19,35.99,94.17,42.21,195.24,287.1,160.29,475.55,129.48,312.87,43.32,118.59,114.04,4519.39,-0.397461348175634
2023-01-30,1,30,2023,2972.67,71.3,54.25,54.69,46.69,330.14,346.49,734.51,123.25,112.73,215.04,86.75,122.75,33.07,99.45,52.01,225.13,334.6,179.18,356.86,177.62,275.48,55.17,117.26,118.92,4323.34,-0.4543625764043772
2023-12-14,12,14,2023,3407.74,79.42,47.86,54.17,41.54,414.7,258.52,874.03,165.45,109.5,161.53,88.99,121.58,28.93,90.19,41.92,204.53,318.64,226.36,414.53,122.81,278.32,40.41,118.98,110.16,4413.069999999999,-0.2950137040971433
2023-05-20,5,20,2023,3524.82,80.36,49.91,50.54,41.35,453.8,254.15,680.08,132.68,99.53,168.38,104.57,149.0,27.47,98.82,53.82,205.44,323.02,197.73,397.51,135.09,325.71,40.59,108.4,94.26,4272.210000000001,-0.212036359303454
2023-09-28,9,28,2023,3215.52,80.13,45.54,70.75,38.34,427.87,298.41,706.59,137.63,91.13,190.27,95.08,120.29,25.62,95.75,54.59,221.4,342.14,223.59,362.13,128.88,307.0,50.86,87.72,100.67,4302.380000000001,-0.33800442852167023
2023-04-18,4,18,2023,3001.28,68.92,56.8,51.19,40.54,471.06,315.02,641.52,132.96,89.88,189.2,96.09,128.2,31.29,108.34,49.66,195.29,255.89,233.44,387.0,137.38,307.07,41.03,106.66,83.95,4218.38,-0.40552697515726616
2023-04-11,4,11,2023,2880.46,80.74,49.2,51.59,45.35,408.56,269.82,718.11,143.13,90.71,208.79,115.17,150.91,33.07,88.81,44.18,209.93,357.37,179.23,378.67,164.43,345.9,47.94,100.88,101.49,4383.979999999999,-0.521972184998229
2023-06-27,6,27,2023,2625.85,83.2,51.18,59.23,35.79,432.77,243.62,666.91,157.16,104.1,226.86,92.18,178.7,27.27,99.58,53.44,212.34,342.75,162.96,441.74,177.17,244.78,59.66,98.35,82.71,4334.450000000001,-0.6506845402441118
2023-06-08,6,8,2023,2837.51,89.34,59.53,56.07,39.67,392.12,313.15,670.11,175.77,106.53,221.87,90.03,140.59,26.47,115.88,50.83,227.91,309.67,233.8,403.02,164.75,275.2,42.19,106.98,118.66,4430.139999999999,-0.5612773170843448
2023-06-10,6,10,2023,2915.18,84.45,57.81,48.76,45.69,465.91,336.61,927.31,150.17,111.72,196.51,98.16,124.1,32.63,118.12,51.52,168.07,278.43,197.01,357.06,134.83,331.58,42.37,90.55,114.36,4563.73,-0.5655053890325811
2023-08-14,8,14,2023,3596.07,93.35,48.39,70.39,33.77,343.26,279.32,792.66,129.59,113.28,204.26,85.74,166.21,34.08,86.65,49.81,204.98,316.96,202.72,378.73,158.91,270.99,59.11,103.3,104.98,4331.439999999999,-0.20449268228927647
2023-07-27,7,27,2023,2431.0,80.95,42.0,64.7,42.84,409.64,280.17,757.73,147.91,89.08,216.49,91.12,147.34,29.0,84.96,46.42,205.24,356.51,161.74,451.45,146.11,314.67,45.11,101.9,116.88,4429.959999999999,-0.8222788975730149
2023-02-18,2,18,2023,2725.18,73.77,40.1,65.91,36.35,445.5,284.35,654.44,134.31,114.46,169.84,109.06,138.74,33.31,97.78,59.84,198.9,310.12,201.92,345.81,163.98,300.4,57.97,109.97,92.22,4239.05,-0.5555119294872267
2023-08-21,8,21,2023,3508.72,87.76,45.17,62.13,39.77,451.65,311.9,926.76,142.49,111.88,211.37,103.86,161.38,33.75,96.31,56.48,185.74,273.1,218.62,378.6,174.08,295.37,51.21,119.13,106.68,4645.1900000000005,-0.323898743701407
2023-05-05,5,5,2023,3545.7,79.5,41.34,49.44,43.21,350.0,310.44,862.67,141.28,108.56,164.41,97.21,168.4,29.52,102.33,43.9,192.1,332.14,168.55,366.32,133.46,242.4,41.23,116.99,94.01,4279.410000000001,-0.206929520263982
2023-01-31,1,31,2023,2456.09,67.87,58.01,57.82,38.35,399.07,282.25,793.69,179.98,97.51,239.25,115.25,154.54,32.48,107.54,42.05,194.4,328.95,186.06,385.67,167.81,275.48,59.99,98.34,102.78,4465.14,-0.8179871258789377
2023-11-08,11,8,2023,3500.13,86.0,44.21,61.15,33.61,465.35,288.86,767.24,175.98,86.72,230.71,81.39,164.29,27.74,118.03,47.93,238.72,267.86,165.34,401.64,179.74,272.73,49.65,93.42,82.17,4430.48,-0.26580441297894636
2023-05-25,5,25,2023,2860.74,78.96,57.83,51.78,42.45,429.13,292.3,646.86,161.62,84.3,216.8,108.12,121.97,33.76,95.71,41.29,180.59,324.19,229.67,395.4,125.62,256.21,55.86,106.88,112.62,4249.92,-0.4856016275509135
2023-12-31,12,31,2023,2918.35,78.05,48.12,55.75,42.5,371.89,328.31,697.2,129.41,118.87,169.11,114.5,178.67,27.33,93.4,54.03,235.6,300.07,194.75,331.72,153.01,241.44,51.08,82.71,119.04,4216.56,-0.44484383298781865
2023-09-23,9,23,2023,2438.43,74.65,44.49,50.78,38.05,449.03,342.87,882.31,174.76,102.4,183.73,93.29,142.34,28.91,92.61,40.6,160.89,328.21,213.25,477.08,120.5,355.68,43.13,117.85,81.44,4638.849999999999,-0.9023921129579278
2023-07-24,7,24,2023,3037.92,92.46,45.34,50.22,44.36,374.99,320.84,826.41,171.05,107.95,207.15,106.23,175.97,27.82,95.89,43.01,191.93,277.64,162.0,381.26,131.23,319.86,41.26,83.5,112.01,4390.38,-0.44519276346974246
2023-10-28,10,28,2023,3447.07,78.3,59.04,49.81,41.36,395.94,302.52,828.15,133.07,113.4,173.81,112.1,136.03,34.42,112.29,46.68,211.71,320.28,209.95,398.8,161.26,253.44,58.76,96.68,83.57,4411.37,-0.27974482676591994
2023-05-22,5,22,2023,3219.89,66.46,42.97,64.8,46.66,443.2,269.79,899.97,127.65,107.01,180.94,115.15,146.98,32.9,100.4,59.6,160.19,272.37,215.28,346.85,163.23,248.68,51.17,90.9,110.98,4364.13,-0.35536617710542917
2023-10-12,10,12,2023,3121.31,94.96,45.02,58.74,44.65,368.33,319.92,933.54,158.87,112.75,230.54,112.38,173.65,30.18,99.5,58.52,179.98,327.34,201.7,322.9,150.9,336.77,52.16,80.48,114.11,4607.889999999999,-0.4762679772275101
2023-09-18,9,18,2023,2450.16,67.86,40.32,53.2,43.4,324.03,359.28,816.92,164.46,107.8,231.45,93.56,178.86,32.52,93.65,52.83,217.65,318.87,224.83,414.61,122.28,262.13,42.11,89.44,82.74,4434.799999999999,-0.8100042446207593
2023-07-30,7,30,2023,3241.99,82.19,48.36,69.35,47.37,332.01,349.51,921.63,174.34,118.51,226.36,111.03,128.65,25.38,108.23,54.48,187.74,302.84,175.21,444.37,123.09,338.19,45.35,100.37,102.4,4616.96,-0.4241129676525839
2023-05-15,5,15,2023,3101.75,86.09,46.42,49.8,34.75,320.72,309.45,640.16,133.45,108.96,180.78,97.31,145.04,32.24,99.82,58.03,169.6,290.35,188.35,456.1,175.14,315.81,44.22,91.42,102.99,4176.999999999999,-0.34665914403159476
2023-06-26,6,26,2023,3419.24,73.7,58.54,61.68,44.06,366.51,252.05,726.61,122.37,95.42,230.05,108.26,153.81,27.88,111.77,42.6,170.17,267.13,197.74,343.64,136.27,327.3,59.64,116.7,95.42,4189.32,-0.22521963945204196
2023-02-18,2,18,2023,3500.22,77.22,57.85,64.07,41.1,450.36,351.89,756.17,135.08,101.76,169.49,109.83,161.27,34.26,88.0,44.91,230.76,244.34,177.54,363.41,168.93,273.51,42.82,105.56,100.6,4350.73,-0.24298758363759987
2023-06-30,6,30,2023,3077.52,93.69,42.5,52.13,38.93,381.29,285.71,702.77,142.23,116.61,193.18,85.68,147.51,32.26,85.55,48.29,178.88,336.74,197.6,356.91,135.26,303.89,52.26,104.29,110.1,4224.26,-0.37261821206685913
2023-06-26,6,26,2023,3558.3,84.31,49.41,61.46,43.97,472.15,259.32,947.81,175.7,114.01,170.74,100.56,125.28,29.45,83.23,59.46,193.64,307.68,189.03,466.27,128.01,286.39,55.17,91.45,98.19,4592.69,-0.2906978051316638
2023-07-06,7,6,2023,3200.34,72.88,59.88,68.13,36.51,359.47,248.79,877.75,131.18,89.53,216.02,113.08,145.87,31.96,97.08,49.37,205.85,245.99,193.96,422.36,177.58,270.84,49.64,105.39,110.05,4379.16,-0.3683421136504245
2023-12-31,12,31,2023,3512.06,66.54,57.45,55.09,40.82,401.49,269.63,789.85,153.47,95.77,223.39,105.7,146.82,32.54,111.43,55.06,211.55,262.61,234.66,469.19,128.55,278.94,51.83,117.65,85.19,4445.219999999999,-0.2657016110203127
2023-05-16,5,16,2023,2553.78,92.32,49.85,58.82,34.9,392.99,283.45,855.82,122.87,119.8,212.67,100.85,172.64,26.24,83.99,58.51,202.11,291.84,162.79,433.76,131.38,267.64,56.54,108.46,101.37,4421.61,-0.731398162723492
2023-10-05,10,5,2023,3398.62,91.94,43.53,66.81,44.13,447.33,274.24,745.99,161.28,107.68,207.03,102.42,142.11,30.04,103.76,48.94,197.98,345.66,206.1,472.35,169.76,321.9,43.55,93.61,85.23,4553.369999999999,-0.3397702596936401
2023-11-24,11,24,2023,2465.48,95.7,58.67,55.45,33.3,387.15,319.82,846.53,155.52,91.59,219.69,97.8,147.14,31.97,82.73,59.87,205.56,334.49,177.22,386.28,175.17,344.77,57.39,93.02,108.75,4565.580000000001,-0.8518016775638013
2023-11-23,11,23,2023,2793.64,89.13,42.7,71.34,33.84,409.64,329.8,695.33,177.17,93.29,210.43,83.5,136.85,26.57,99.5,48.45,192.08,263.6,233.22,413.35,173.0,282.37,55.32,102.51,104.89,4367.88,-0.5635085408284534
2023-09-10,9,10,2023,3214.76,82.25,54.16,61.29,42.11,449.61,335.32,646.5,153.01,105.79,161.86,81.21,164.54,26.13,112.68,53.36,207.69,287.41,185.58,371.49,139.4,280.82,45.07,103.31,110.19,4260.78,-0.32538043275392237
2023-01-22,1,22,2023,3078.07,76.72,41.96,64.73,42.73,448.73,319.66,642.54,162.79,105.25,188.24,107.79,174.01,27.27,106.36,49.68,213.87,316.93,230.13,435.31,155.35,287.29,46.99,106.37,104.77,4455.469999999999,-0.4474881987739067
2023-09-22,9,22,2023,2638.05,65.44,59.88,50.76,33.99,394.36,329.15,660.46,159.15,114.59,180.48,110.35,134.1,26.78,97.28,47.46,195.8,298.09,195.54,360.11,163.33,338.49,47.76,113.32,93.39,4270.06,-0.618642557950001
2023-09-04,9,4,2023,2787.21,70.62,41.39,55.19,42.35,390.02,251.06,640.32,174.75,83.0,231.64,105.11,172.05,24.36,111.54,41.71,212.83,309.17,162.82,454.78,179.79,287.16,54.16,96.49,110.52,4302.83,-0.5437767516620563
2023-12-09,12,9,2023,2727.54,68.85,56.89,70.0,33.44,339.15,352.29,732.75,133.82,95.6,200.04,112.39,166.96,32.82,88.72,46.97,175.78,351.63,227.81,411.65,162.91,346.03,46.52,97.82,109.44,4460.28,-0.6352757429771881
2023-07-14,7,14,2023,2987.54,74.25,40.21,71.27,44.15,439.38,319.34,696.27,161.31,106.1,183.8,98.45,143.16,35.37,96.61,53.57,235.17,262.01,190.31,361.65,161.86,334.64,44.09,96.2,117.28,4366.45,-0.46155365283812094
2023-02-24,2,24,2023,3325.12,76.64,57.21,70.0,37.34,431.69,270.68,825.63,165.72,103.32,165.09,104.21,140.21,34.66,96.04,59.98,164.93,287.26,191.21,433.76,127.09,358.87,47.17,83.09,90.36,4422.16,-0.3299249350399384
2023-08-17,8,17,2023,3012.5,91.84,59.3,67.44,45.55,328.88,276.06,931.04,126.49,88.18,212.32,110.61,173.52,26.34,117.29,54.59,219.89,359.23,210.48,416.7,141.89,259.21,58.44,115.47,110.62,4601.379999999999,-0.5274290456431533
2023-11-01,11,1,2023,2780.28,87.98,47.85,59.06,43.15,373.54,275.78,829.67,162.85,81.48,167.13,87.29,155.27,31.26,104.36,52.03,167.69,275.09,203.93,475.83,176.45,241.14,53.14,102.96,88.68,4343.610000000001,-0.5622922871077735
2023-12-23,12,23,2023,3390.45,70.79,42.57,60.22,35.12,450.46,290.48,690.11,134.98,110.31,227.54,91.49,141.58,29.78,107.73,54.84,239.27,303.16,173.82,420.06,142.46,326.69,47.06,96.55,83.4,4370.47,-0.2890530755504433
2023-08-12,8,12,2023,3199.72,93.03,46.72,62.4,34.48,430.84,283.38,681.49,152.81,102.25,213.45,114.79,173.89,26.34,111.35,43.03,171.83,333.39,217.08,417.34,133.37,268.26,59.01,101.73,97.55,4369.8099999999995,-0.36568512244821416
2023-11-10,11,10,2023,2997.42,75.99,57.88,56.42,46.49,423.83,276.04,941.83,144.63,106.57,228.04,99.95,144.74,32.11,92.84,49.1,172.07,302.39,168.22,321.57,177.89,359.85,58.98,109.04,81.97,4528.44,-0.510779270172348
2023-10-07,10,7,2023,2458.94,81.27,46.32,65.76,45.1,470.71,330.02,879.1,140.31,84.44,160.96,101.19,126.53,30.74,105.67,57.79,225.9,298.38,199.35,474.59,135.22,292.23,51.77,97.86,112.45,4613.66,-0.8762800230993842
2023-10-08,10,8,2023,3545.74,76.06,56.6,66.86,36.73,442.05,269.07,710.16,138.02,97.77,182.12,102.96,178.44,26.38,99.18,57.88,171.83,335.19,234.51,388.86,173.55,300.24,52.32,82.97,80.02,4359.77,-0.22957972101733368
2023-04-22,4,22,2023,2981.91,70.62,57.72,59.97,36.61,370.12,278.78,692.67,156.02,80.35,232.66,80.16,148.39,33.02,81.06,49.56,232.73,307.64,173.11,332.17,141.32,310.5,49.02,119.06,96.39,4189.65,-0.4050222843747799
2023-01-09,1,9,2023,3086.57,88.03,58.72,61.93,41.7,334.9,330.17,795.1,163.24,95.55,189.19,104.56,158.73,30.33,100.96,56.12,200.48,311.47,214.4,464.51,172.33,294.32,44.89,111.99,104.48,4528.099999999999,-0.467032984834298
2023-05-10,5,10,2023,3551.03,72.45,55.85,62.42,38.24,467.01,269.18,820.64,130.87,99.16,198.2,99.33,134.22,31.68,83.17,44.45,181.93,294.61,189.54,464.39,124.36,342.86,52.42,117.11,110.24,4484.329999999999,-0.2628251521389565
2023-09-23,9,23,2023,2962.89,75.95,51.85,64.05,45.57,355.35,327.66,900.47,122.43,111.16,233.45,92.95,120.74,27.44,109.58,48.76,190.38,306.06,182.75,371.6,154.04,308.6,45.54,117.02,91.62,4455.02,-0.5036062763045542
2023-03-06,3,6,2023,3431.67,87.66,49.39,71.54,35.02,357.49,352.53,931.29,166.49,110.52,186.9,88.09,172.64,26.34,108.55,52.25,197.78,351.92,225.69,427.29,121.21,287.51,56.21,100.15,109.21,4673.67,-0.36192291216812805
2023-03-03,3,3,2023,3113.29,93.32,50.51,61.44,44.22,372.03,296.48,848.53,153.12,111.13,222.94,119.37,147.9,35.27,89.9,51.76,197.51,266.34,211.3,402.48,134.84,292.48,47.7,81.09,99.98,4431.64,-0.4234587847582462
2023-10-19,10,19,2023,3594.92,80.1,46.52,56.04,32.18,460.71,246.63,845.63,136.65,94.55,163.71,108.17,156.04,25.88,104.39,59.46,239.17,332.81,162.18,333.07,175.74,313.46,54.21,107.59,85.9,4420.79,-0.22973251143279957
2023-07-02,7,2,2023,2577.26,80.54,46.91,57.26,32.25,419.38,320.49,876.11,145.52,84.84,196.71,92.78,155.04,34.08,118.29,58.91,195.38,273.36,211.0,408.58,163.0,310.84,56.93,102.12,106.82,4547.14,-0.7643311113352941
2023-09-17,9,17,2023,3205.51,73.73,49.9,65.08,44.24,430.51,336.77,756.66,164.5,93.55,210.13,85.68,151.29,34.45,117.82,40.66,196.28,323.79,161.92,333.13,131.39,245.45,52.12,97.94,82.59,4279.579999999999,-0.33506992647035844
2023-03-07,3,7,2023,3041.68,74.16,50.95,61.27,44.5,452.47,261.98,916.82,151.24,93.34,195.98,115.1,153.4,25.87,91.55,59.21,205.88,277.22,177.82,336.55,134.48,344.5,48.52,87.69,81.41,4441.910000000001,-0.4603475710791408
2023-09-28,9,28,2023,2846.37,70.9,48.16,54.26,46.74,352.67,343.24,889.08,165.78,117.15,193.87,86.48,152.14,29.11,106.67,40.92,191.93,297.69,239.65,375.98,141.34,334.16,54.7,110.14,93.09,4535.85,-0.5935560029089685
2023-02-21,2,21,2023,3373.06,74.19,54.9,63.33,46.21,397.02,319.07,753.21,120.72,81.56,186.26,113.0,164.93,31.81,109.5,50.96,162.06,304.87,185.61,372.05,146.85,265.35,49.69,91.68,94.39,4239.22,-0.2567876053197987
2023-08-30,8,30,2023,3155.14,65.49,40.43,54.92,33.83,446.88,250.28,658.97,148.01,118.0,221.02,103.19,127.02,28.55,100.92,42.38,221.32,338.66,166.88,421.63,157.78,356.3,41.79,105.92,80.67,4330.840000000001,-0.37263005762026447
2023-05-22,5,22,2023,2928.54,84.94,40.9,48.99,45.27,373.71,276.1,943.67,153.22,85.51,210.1,80.92,172.45,30.85,107.27,58.54,190.75,312.84,184.62,358.72,146.23,281.79,53.92,115.83,112.98,4470.12,-0.5263988198897744
2023-01-21,1,21,2023,3504.38,71.21,53.11,53.07,35.48,366.86,256.81,692.72,141.77,110.85,233.3,83.89,122.3,32.75,89.43,41.29,221.05,275.61,211.43,349.44,136.33,316.33,55.67,105.23,108.41,4164.34,-0.18832432555830134
2023-07-25,7,25,2023,3242.82,85.48,40.7,48.98,32.56,377.11,311.0,943.4,152.93,90.93,237.83,116.09,153.01,33.13,111.96,48.34,210.56,341.06,168.36,321.64,154.52,253.14,48.75,102.59,100.08,4484.150000000001,-0.38279337120160856
2023-08-18,8,18,2023,2652.91,79.93,40.28,62.16,47.5,462.01,356.36,946.96,174.66,84.11,231.47,89.19,157.6,27.53,104.11,53.59,203.96,283.78,168.09,360.38,135.67,289.06,59.91,94.79,89.27,4602.370000000002,-0.7348383473242598
2023-03-21,3,21,2023,3439.3,71.01,42.16,58.59,41.5,392.39,260.67,917.42,167.2,117.76,206.72,117.12,167.51,31.67,117.67,49.77,189.11,306.64,210.47,423.61,157.01,294.16,49.32,89.26,88.82,4567.559999999999,-0.3280493123600728
2023-06-22,6,22,2023,3328.81,67.01,48.49,69.45,34.76,470.05,339.24,724.82,174.49,90.1,167.01,96.7,122.21,27.18,110.64,47.4,194.41,274.07,187.6,425.54,164.39,257.21,58.06,96.56,103.84,4351.2300000000005,-0.3071427927697888
2023-07-08,7,8,2023,2708.34,85.12,56.79,67.16,33.83,355.07,327.64,788.13,122.67,103.8,198.81,97.14,121.26,26.27,101.9,43.85,179.72,287.06,186.02,346.36,173.94,338.01,53.4,80.1,112.07,4286.12,-0.5825634890744883
2023-05-25,5,25,2023,3191.87,67.87,48.73,68.28,46.3,320.54,260.44,862.01,131.42,87.65,172.39,94.13,143.12,30.68,85.74,58.89,217.59,339.73,176.63,360.93,127.37,322.55,46.89,113.7,103.03,4286.61,-0.3429776275349559
2023-06-30,6,30,2023,2727.8,68.24,59.35,56.69,34.26,397.0,240.8,768.63,152.47,105.54,200.84,90.95,172.61,35.07,107.88,48.77,197.67,258.16,175.05,369.1,161.54,262.12,52.37,99.55,117.45,4232.11,-0.5514737150817507
2023-05-08,5,8,2023,2581.74,79.04,49.03,53.85,46.05,340.06,293.66,870.72,146.34,97.38,209.15,116.46,167.61,34.32,103.23,56.89,220.99,304.49,195.71,433.02,165.15,310.03,43.02,103.01,90.74,4529.950000000001,-0.7546112311851702
2023-11-09,11,9,2023,2632.66,66.33,48.34,56.32,46.16,345.12,343.96,872.86,173.07,96.35,180.85,112.6,177.84,24.05,107.47,44.6,211.93,347.71,211.69,353.48,131.2,262.97,47.94,116.08,108.45,4487.369999999999,-0.7045003912392787
2023-04-16,4,16,2023,3449.15,79.48,51.94,56.2,36.84,466.42,306.55,810.88,131.36,84.07,185.51,118.91,176.48,32.74,100.48,42.11,192.23,304.87,160.91,359.92,128.11,247.0,42.38,103.88,100.03,4319.299999999999,-0.2522795471348011
2023-12-21,12,21,2023,3285.12,83.67,57.47,70.92,33.15,376.58,332.99,853.81,134.46,99.36,232.73,94.38,134.76,33.71,114.41,51.6,166.76,320.85,221.99,321.97,145.21,262.0,54.31,94.13,91.59,4382.81,-0.3341400009740894
2023-01-20,1,20,2023,3540.69,77.13,59.78,52.19,34.3,458.05,299.33,844.51,127.91,117.32,236.74,84.19,166.91,35.92,85.86,59.17,194.1,316.95,235.42,444.22,140.24,354.66,42.51,82.41,91.56,4641.38,-0.31086878546272056
2023-02-09,2,9,2023,2787.69,79.36,52.27,61.97,46.77,322.83,256.31,836.84,151.41,81.49,239.91,99.1,141.23,34.41,96.91,47.91,234.62,245.95,202.67,387.0,125.58,286.96,58.6,106.94,86.56,4283.599999999999,-0.5366127510591204
2023-05-29,5,29,2023,2450.37,94.52,49.42,52.7,40.41,475.79,249.93,729.78,131.86,80.72,209.53,104.11,177.24,24.31,82.08,56.91,219.11,286.94,191.82,326.33,120.44,261.27,53.04,91.38,91.42,4201.06,-0.7144594489811745
2023-06-17,6,17,2023,3471.38,78.36,50.47,60.82,40.47,347.49,267.72,787.79,151.98,115.59,235.14,86.11,167.08,26.49,85.41,49.07,214.32,355.69,186.24,325.95,137.8,320.49,53.52,102.03,118.03,4364.0599999999995,-0.2571542153264694
2023-06-01,6,1,2023,2987.16,92.27,45.83,63.38,40.09,384.29,277.35,832.05,147.27,82.08,198.04,105.17,169.81,26.08,119.29,55.07,177.33,289.33,207.89,403.72,148.68,282.05,59.56,105.98,105.93,4418.54,-0.47917754656596906
2023-05-24,5,24,2023,3397.9,74.76,44.88,59.83,32.62,459.92,299.98,788.73,121.88,103.24,218.54,84.62,167.37,25.14,115.15,55.87,221.27,358.97,216.53,320.38,131.58,268.38,56.12,94.99,96.82,4417.569999999999,-0.30008828982606867
2023-08-04,8,4,2023,2717.57,67.7,41.67,57.74,33.45,418.89,263.99,934.81,132.53,87.42,227.94,97.39,179.17,33.71,95.33,53.73,176.57,358.76,219.46,340.87,143.18,340.55,44.53,84.68,83.78,4517.849999999999,-0.6624594766648142
2023-01-27,1,27,2023,3484.97,94.51,43.81,48.19,39.61,430.58,254.53,894.06,137.71,98.6,219.08,81.85,165.74,31.24,105.47,47.24,204.33,311.76,216.78,320.91,169.8,337.67,48.26,97.64,112.34,4511.709999999999,-0.2946194658777549
2023-11-23,11,23,2023,2829.73,89.68,59.95,56.76,37.91,395.49,291.86,755.68,135.82,89.59,235.62,86.0,131.14,35.14,101.09,55.14,198.31,251.74,191.75,372.25,145.41,260.22,51.62,118.67,94.65,4241.489999999999,-0.49890272216783893
2023-08-17,8,17,2023,2928.36,73.2,53.29,61.92,37.88,333.67,280.46,688.37,162.8,114.55,209.92,104.73,170.16,32.33,107.11,46.96,191.5,254.64,202.15,471.02,151.36,324.38,56.88,100.96,112.29,4342.53,-0.4829221816989713
2023-03-01,3,1,2023,2881.25,87.32,57.24,50.37,47.53,370.76,354.85,669.96,135.48,108.93,169.28,91.71,168.36,27.74,94.57,46.11,193.32,266.02,233.22,469.64,146.62,350.77,49.4,113.66,108.56,4411.42,-0.5310785249457701
2023-02-17,2,17,2023,3088.04,93.51,53.65,57.65,37.14,464.75,278.1,657.12,141.11,109.61,160.39,90.17,173.57,31.79,111.8,58.66,192.27,348.76,196.92,381.91,132.38,345.22,42.27,106.88,98.08,4363.710000000001,-0.41310021890908183
2023-09-30,9,30,2023,2665.99,66.9,59.05,63.16,42.4,392.81,243.55,718.21,139.07,103.49,188.61,113.54,135.57,24.37,102.79,53.31,228.17,351.59,232.88,366.52,127.79,287.86,41.15,115.77,97.51,4296.070000000001,-0.6114351516697366
2023-03-18,3,18,2023,3422.16,66.4,48.42,54.72,36.34,430.16,276.35,851.45,179.2,82.79,169.77,115.14,148.38,34.53,106.36,58.85,171.56,349.15,202.25,340.31,177.14,247.49,48.51,119.71,91.75,4406.7300000000005,-0.2877042569605164
2023-02-07,2,7,2023,3355.91,77.53,50.22,57.61,35.59,449.07,352.97,898.86,125.87,108.07,209.07,89.52,175.16,29.07,92.74,41.29,220.29,274.39,180.57,350.13,175.53,251.83,48.66,114.65,103.22,4511.91,-0.3444669255134971
2023-06-11,6,11,2023,2411.46,65.08,46.47,67.72,33.65,430.56,265.58,953.73,175.71,84.17,177.9,106.97,158.45,32.91,111.59,52.65,220.55,241.43,199.71,415.78,161.04,316.68,50.71,103.06,107.38,4579.4800000000005,-0.899048709080806
2023-06-14,6,14,2023,2943.44,76.02,42.23,67.22,40.43,477.43,272.91,862.56,139.36,114.35,182.26,91.34,138.39,29.98,89.52,54.04,189.69,318.53,212.24,417.39,134.92,331.09,49.56,83.75,97.06,4512.2699999999995,-0.5329920093496043
2023-07-04,7,4,2023,2587.48,94.44,56.73,49.84,44.94,432.38,335.64,742.33,135.25,80.16,205.08,98.95,124.96,32.97,100.73,52.43,204.56,323.58,181.49,322.86,157.21,260.3,40.42,108.97,106.29,4292.509999999999,-0.6589538856338983
2023-07-01,7,1,2023,2439.01,75.2,58.43,51.68,33.08,362.7,327.59,764.98,150.32,95.87,176.44,115.15,156.34,34.7,91.52,48.52,210.84,250.85,187.71,363.11,168.75,326.53,58.45,105.45,117.21,4331.42,-0.7758926777667987
2023-07-15,7,15,2023,2613.0,79.61,52.92,69.42,32.41,476.33,359.63,878.44,123.24,100.09,176.11,110.49,129.01,32.01,84.71,58.73,186.58,256.75,204.35,444.56,172.85,265.16,59.11,87.42,95.61,4535.539999999999,-0.7357596632223494
2023-09-13,9,13,2023,2564.4,64.07,53.8,68.0,40.31,375.05,330.8,777.25,145.48,107.56,215.94,118.32,135.67,26.27,111.65,49.94,216.67,262.64,176.12,424.09,133.95,298.81,45.09,116.33,84.05,4377.860000000001,-0.7071673685852443
2023-06-08,6,8,2023,3266.92,64.38,45.05,48.83,41.5,463.42,271.31,758.28,150.49,82.62,216.71,91.5,140.54,35.73,106.5,59.93,170.88,355.11,223.49,356.2,172.19,316.92,58.14,114.54,102.99,4447.25,-0.36129749121496696
2023-07-03,7,3,2023,3226.9,87.65,50.95,59.86,44.81,432.98,266.85,734.52,167.02,99.54,196.83,93.93,128.94,30.25,105.07,48.45,214.48,348.54,170.21,343.77,134.36,252.44,53.19,105.47,89.58,4259.69,-0.3200564008801015
2023-04-17,4,17,2023,2460.87,64.94,46.56,56.95,44.24,327.1,344.21,769.6,154.61,118.19,226.58,112.5,162.69,34.52,86.82,42.79,218.34,261.76,228.49,465.02,153.46,334.24,50.47,92.87,108.15,4505.1,-0.8306940228455792
2023-08-31,8,31,2023,2471.08,88.58,55.28,61.81,35.32,452.95,252.58,793.61,179.04,119.0,204.95,97.58,151.15,29.76,86.78,44.5,239.0,290.91,235.71,408.62,128.43,317.94,50.32,104.69,112.39,4540.9,-0.8376175599333084
2023-04-18,4,18,2023,2935.65,75.92,52.49,49.79,39.19,406.95,272.39,831.54,153.55,110.9,179.71,80.12,146.66,27.34,106.0,57.76,224.32,305.25,167.66,446.88,146.72,320.54,51.5,95.83,92.25,4441.26,-0.5128710847682796
2023-07-07,7,7,2023,2775.79,65.0,57.13,69.18,32.24,371.34,267.92,753.94,159.0,100.31,170.41,88.18,135.83,32.68,106.69,55.58,162.19,306.65,174.34,424.31,133.94,359.09,41.16,117.22,109.17,4293.5,-0.5467668663695741
2023-10-01,10,1,2023,2736.4,79.4,59.51,66.33,47.38,402.47,328.36,710.14,124.21,94.84,221.61,84.01,173.06,33.68,89.39,54.87,195.7,241.94,192.88,428.97,149.61,317.36,53.25,96.06,110.62,4355.650000000001,-0.5917446279783659
2023-04-30,4,30,2023,2508.73,82.34,59.74,65.25,43.15,479.82,358.71,828.89,140.22,88.81,207.6,99.6,163.58,34.09,90.23,41.14,199.01,314.73,237.8,321.35,176.87,298.28,52.62,88.45,96.57,4568.8499999999985,-0.8211804379108149
2023-10-03,10,3,2023,3096.85,92.13,57.92,54.88,46.71,402.78,245.41,686.04,125.79,87.3,181.62,118.95,137.91,27.58,102.36,58.63,179.51,283.22,223.15,371.4,166.07,353.4,56.69,103.02,104.24,4266.71,-0.3777580444645366
2023-06-21,6,21,2023,3259.81,71.0,56.14,70.56,41.99,339.14,242.91,784.09,129.53,115.9,218.26,104.86,148.6,33.75,118.79,40.45,178.73,323.44,216.14,321.79,178.71,251.85,52.09,112.09,118.69,4269.499999999999,-0.3097389111635338
2023-08-01,8,1,2023,3047.53,89.62,58.68,54.31,37.15,372.26,324.49,959.65,164.65,108.77,222.38,112.97,146.84,27.53,87.42,59.39,180.82,351.19,210.87,464.67,178.42,350.55,58.46,106.64,96.79,4824.52,-0.583091880965897
2023-05-24,5,24,2023,2411.54,89.19,40.97,65.5,42.34,447.82,312.17,830.96,134.56,116.99,161.92,88.96,135.45,31.53,92.13,40.67,219.02,304.66,191.01,396.6,154.25,341.15,55.67,90.87,97.34,4481.7300000000005,-0.85845144596399
2023-06-08,6,8,2023,3022.98,64.18,40.98,48.96,36.7,323.6,325.59,721.56,141.53,104.93,190.8,111.68,137.74,35.61,112.39,47.02,188.9,242.27,239.48,408.26,156.3,343.16,47.93,85.38,97.74,4252.69,-0.4067873422913812
2023-01-31,1,31,2023,2499.79,70.16,40.79,59.29,37.3,332.66,358.53,675.87,160.06,84.27,225.15,94.12,160.88,28.47,102.27,42.35,205.29,312.2,184.66,337.42,176.4,292.7,56.76,114.01,111.04,4262.65,-0.7052032370719139
2023-05-12,5,12,2023,2485.39,77.85,45.49,70.79,39.75,442.6,326.61,763.93,131.32,110.81,225.18,105.03,161.45,34.71,111.08,43.13,179.8,310.07,192.16,329.27,141.73,355.61,41.99,100.4,116.83,4457.589999999999,-0.7935173151899699
2023-05-23,5,23,2023,2855.67,77.42,47.31,70.76,40.08,464.41,261.6,858.62,125.04,106.57,178.23,100.34,166.36,34.4,114.25,55.9,229.12,315.93,181.75,439.34,160.84,332.09,58.67,103.83,108.41,4631.27,-0.621780527862113
2023-10-24,10,24,2023,2949.07,86.95,59.58,50.22,45.75,466.47,275.92,809.69,175.25,119.7,161.6,80.2,159.63,28.61,114.03,57.28,180.41,288.62,230.56,447.29,129.28,329.85,51.21,113.72,100.13,4561.950000000001,-0.5469113991868625
2023-10-14,10,14,2023,2421.94,94.64,55.04,59.48,42.66,427.77,297.28,896.9,171.22,98.8,176.46,101.25,139.3,27.29,85.92,42.23,167.97,304.56,169.81,340.29,152.29,293.56,48.83,112.27,97.3,4403.120000000001,-0.8180136584721343
2023-12-22,12,22,2023,3540.48,88.11,53.84,49.96,33.93,350.36,283.77,761.78,135.19,93.7,212.63,104.45,126.79,29.22,103.17,56.91,227.75,303.71,188.4,440.32,146.85,309.02,40.52,94.99,106.1,4341.47,-0.22623768528561106
2023-04-19,4,19,2023,3355.8,87.48,53.04,67.78,38.65,327.43,276.36,728.79,146.72,118.64,233.34,119.77,136.3,28.27,98.01,56.95,235.57,246.65,237.54,479.36,164.99,323.67,47.2,118.51,90.24,4461.26,-0.32941772453662316
2023-05-25,5,25,2023,2442.94,90.58,52.42,62.95,40.61,393.33,278.85,758.46,179.6,88.66,180.67,116.26,176.03,30.59,94.28,54.65,216.76,318.54,191.23,453.35,165.17,289.2,44.84,93.53,90.86,4461.42,-0.8262503377078438
2023-04-05,4,5,2023,2403.87,92.95,46.68,71.99,46.38,472.32,333.64,859.46,129.63,117.14,197.61,101.12,162.41,33.3,98.99,51.44,213.78,345.69,199.84,471.48,153.32,358.92,56.83,114.53,109.42,4838.87,-1.0129499515364808
2023-11-27,11,27,2023,3579.02,90.14,40.46,57.83,38.78,417.62,243.73,843.59,166.67,97.41,230.01,90.57,130.35,34.85,104.0,56.48,239.05,263.59,188.83,329.06,148.92,339.73,56.04,97.29,88.96,4393.96,-0.2276992025750066
2023-09-11,9,11,2023,3444.8,78.95,50.51,51.35,39.86,387.21,274.55,958.39,155.19,95.58,235.59,97.13,140.02,34.25,107.46,56.06,187.45,261.11,162.89,382.11,124.44,291.25,49.53,82.48,105.0,4408.36,-0.2797143520668833
2023-03-14,3,14,2023,2649.79,79.3,40.92,60.57,35.15,440.67,329.94,903.94,154.77,85.66,235.76,99.21,133.9,33.97,97.29,57.21,174.05,333.6,209.88,335.63,120.23,323.6,53.45,105.55,116.31,4560.560000000001,-0.7211024269847804
2023-11-10,11,10,2023,2541.39,84.64,43.49,68.33,38.73,362.05,269.67,957.09,152.54,102.13,239.48,116.23,135.79,34.98,103.6,41.92,166.57,257.41,224.78,452.22,153.77,348.71,59.63,119.71,104.11,4637.58,-0.8248202755185156
2023-07-17,7,17,2023,3580.64,85.76,52.93,54.09,35.47,471.59,274.81,700.44,160.54,108.84,188.58,114.47,164.75,35.97,115.46,50.6,183.99,269.08,217.56,358.61,157.67,315.59,46.49,109.4,80.39,4353.079999999999,-0.21572679744403211
2023-04-02,4,2,2023,3449.04,79.2,42.73,67.03,47.93,412.07,337.68,768.33,141.46,117.95,186.4,87.91,145.47,31.41,85.83,57.24,212.37,276.63,221.92,401.76,161.46,257.23,59.08,108.75,110.49,4418.33,-0.2810318233479461
2023-09-07,9,7,2023,3107.02,71.7,50.2,63.98,41.11,362.94,311.34,896.43,171.3,118.7,195.4,100.26,148.81,29.97,101.53,58.39,166.68,275.35,195.45,432.79,171.42,259.85,47.54,104.82,111.78,4487.739999999999,-0.4443872263455011
2023-06-10,6,10,2023,2619.17,87.98,42.01,55.6,35.53,426.52,246.02,645.84,121.21,83.1,231.67,98.41,126.14,24.83,103.81,56.09,179.95,322.62,196.51,478.14,130.8,283.73,50.58,83.99,104.81,4215.889999999999,-0.6096282410076472
2023-04-24,4,24,2023,3360.44,74.17,41.58,53.03,35.34,330.1,249.54,922.32,163.16,100.45,189.55,97.72,133.51,34.5,112.5,49.54,215.55,326.87,217.27,477.94,161.58,273.03,43.81,116.21,98.04,4517.31,-0.34426146576043626
2023-08-01,8,1,2023,3541.89,89.66,59.98,48.16,47.1,432.9,324.02,959.26,178.52,88.52,177.05,113.35,148.86,31.6,81.77,56.83,229.98,251.72,230.49,366.31,130.31,258.78,56.54,119.18,104.66,4585.549999999999,-0.29466188955614075
2023-03-22,3,22,2023,3503.21,69.1,54.52,69.51,32.25,320.01,249.28,807.75,140.08,113.86,207.48,117.06,123.18,34.99,92.52,41.7,236.01,269.95,203.4,326.63,136.6,296.52,41.28,102.28,114.14,4200.099999999999,-0.19892898227625505
2023-01-17,1,17,2023,3548.23,74.85,41.66,55.58,35.88,331.21,253.5,941.99,156.67,116.45,236.97,112.51,144.39,33.97,86.04,48.12,222.44,335.86,216.22,363.84,175.62,330.79,59.93,104.28,96.69,4575.46,-0.2895049080809305
2023-06-17,6,17,2023,2708.0,80.08,57.82,57.02,37.07,375.99,340.49,694.13,138.58,114.6,220.57,95.47,172.6,31.96,107.69,48.3,168.77,327.47,199.36,456.44,172.79,328.65,43.19,111.09,84.37,4464.499999999999,-0.648633677991137
2023-03-01,3,1,2023,2760.13,81.86,55.77,57.18,37.91,409.01,353.67,821.61,160.27,114.51,188.33,99.6,153.4,28.82,109.52,47.63,236.6,346.51,181.01,437.46,125.48,275.88,59.67,109.86,104.97,4596.530000000001,-0.665330980787137
2023-05-14,5,14,2023,3318.9,87.96,49.87,63.1,40.48,329.69,281.59,653.96,139.7,84.95,195.06,100.47,144.9,33.25,87.07,50.2,230.22,353.68,195.54,366.93,135.29,289.32,51.27,100.2,91.79,4156.49,-0.25236976106541315
2023-01-03,1,3,2023,2934.34,76.23,50.78,58.54,32.17,388.67,249.34,724.7,145.56,103.07,172.33,117.28,155.76,31.81,98.7,48.22,168.38,245.68,180.13,458.49,167.01,278.69,40.59,99.77,80.56,4172.460000000001,-0.4219415609643057
2023-12-19,12,19,2023,3398.06,78.63,55.16,50.66,43.88,460.89,240.65,783.61,148.4,90.02,200.55,118.96,141.76,29.24,101.18,48.56,198.66,335.9,194.68,398.1,161.28,312.49,43.19,113.1,102.13,4451.679999999999,-0.3100651548236345
2023-04-30,4,30,2023,2759.27,91.65,45.18,48.26,42.16,447.29,253.29,690.7,177.12,109.81,209.77,101.39,131.78,35.44,98.55,59.46,222.81,246.53,201.91,412.2,130.23,332.44,46.91,103.36,90.7,4328.94,-0.5688714768761302
2023-05-27,5,27,2023,3225.69,84.1,55.47,62.18,45.56,478.23,304.74,668.99,160.27,86.61,220.43,111.9,123.65,26.59,83.84,40.29,204.75,244.6,188.61,451.81,122.31,248.38,48.07,105.96,108.71,4276.05,-0.3256233550031156
2023-12-01,12,1,2023,2877.86,71.71,41.25,69.64,46.83,419.05,346.2,839.28,139.08,95.66,231.92,110.13,146.14,28.96,119.3,48.12,224.42,281.67,228.77,467.79,164.77,286.29,59.74,85.31,94.39,4646.420000000001,-0.6145399706726529
2023-07-12,7,12,2023,3016.12,70.02,42.89,49.45,34.37,372.2,273.11,654.72,152.97,117.81,161.57,104.58,121.1,29.27,112.03,49.26,176.34,355.03,211.96,409.42,174.68,338.07,50.72,88.0,115.55,4265.12,-0.4141081919817514
2023-03-02,3,2,2023,3305.6,95.43,52.79,58.49,37.16,366.86,274.46,947.25,177.74,114.07,220.42,111.6,133.89,24.33,80.23,48.61,178.01,337.43,226.92,434.33,120.08,304.04,53.93,118.07,99.86,4616.0,-0.3964181994191675
2023-01-20,1,20,2023,2860.58,82.09,56.98,53.88,37.97,447.49,274.16,789.59,156.64,82.04,226.43,92.6,153.27,26.91,90.51,40.3,199.09,303.57,161.89,455.8,145.53,284.2,59.96,80.18,117.76,4418.840000000001,-0.5447356829733835
2023-01-25,1,25,2023,2784.77,84.18,41.0,68.5,46.32,407.27,354.11,932.98,139.7,99.29,232.23,100.32,120.01,27.39,99.39,40.49,172.79,259.75,186.04,320.43,129.83,277.77,43.68,94.82,85.6,4363.889999999999,-0.5670558071223115
2023-10-02,10,2,2023,2832.87,74.23,47.4,49.35,35.02,345.12,296.17,669.4,146.26,100.41,213.8,119.21,140.73,32.63,84.88,59.67,209.79,323.0,230.18,421.62,125.27,242.94,54.97,112.87,84.07,4218.99,-0.48929883828061294
2023-01-12,1,12,2023,3561.33,93.96,40.06,54.2,46.8,476.41,328.2,759.58,139.87,103.22,233.14,88.51,168.13,25.85,96.29,52.5,222.77,285.92,205.74,466.78,135.91,267.14,49.31,104.47,81.68,4526.440000000001,-0.27099707131886164
2023-03-19,3,19,2023,3209.26,69.7,44.07,49.16,47.66,378.71,263.84,899.58,146.34,85.95,226.36,113.91,132.22,26.46,113.81,52.31,170.95,277.55,239.08,331.12,133.31,291.63,51.57,114.79,97.23,4357.309999999999,-0.3577304425319227
2023-04-17,4,17,2023,3561.51,75.2,53.87,50.02,36.9,438.28,277.81,950.1,178.5,91.2,236.19,102.08,127.04,24.38,101.72,46.39,168.71,275.23,216.1,446.36,175.75,252.93,48.95,102.02,99.16,4574.889999999999,-0.28453661508742056
2023-07-30,7,30,2023,3337.27,71.68,53.48,49.11,35.18,364.99,337.25,707.26,168.78,107.66,202.01,110.36,126.22,30.84,80.16,42.9,162.17,327.15,212.72,399.31,135.51,242.91,46.21,110.99,101.85,4226.7,-0.26651424667467716
2023-08-11,8,11,2023,3514.65,77.72,46.06,48.96,39.99,344.45,245.14,691.26,138.87,109.35,208.48,118.09,132.15,30.04,94.28,59.42,198.84,303.59,227.45,443.94,178.57,257.67,43.8,114.18,102.57,4254.870000000001,-0.21060987580555693
2023-01-16,1,16,2023,2512.04,89.51,51.62,52.07,39.43,328.06,322.49,755.82,151.42,116.89,171.09,80.13,150.42,31.5,111.84,56.59,193.12,262.57,196.83,469.52,161.14,300.66,53.0,115.17,101.78,4362.67,-0.7367040333752648
2023-10-21,10,21,2023,2864.65,64.44,55.5,69.57,45.66,400.67,348.97,660.25,174.41,99.45,163.76,109.08,129.81,26.06,106.88,47.55,200.29,242.79,203.67,332.01,146.98,256.1,52.63,84.03,104.45,4125.010000000001,-0.43996997888049183
2023-08-22,8,22,2023,3592.08,78.17,44.34,48.99,33.0,353.94,307.05,641.4,152.76,114.01,230.8,90.34,174.5,35.83,102.04,40.89,225.59,353.46,231.79,405.44,131.54,289.98,55.92,101.57,116.72,4360.07,-0.2138009175742188
2023-08-23,8,23,2023,3499.18,84.3,47.74,52.39,35.46,427.19,300.52,649.46,162.19,109.91,193.2,82.24,175.31,31.27,103.12,52.71,184.3,316.84,202.5,435.97,120.52,324.32,48.9,86.92,119.03,4346.3099999999995,-0.2420938619905234
2023-06-21,6,21,2023,3247.25,90.91,48.78,51.04,43.76,459.92,303.3,647.4,179.58,83.21,222.92,92.8,152.43,31.64,89.4,54.68,176.02,249.34,225.48,475.69,127.17,297.36,46.76,119.29,90.8,4359.68,-0.34257602586804226
2023-11-01,11,1,2023,3122.75,94.9,45.04,52.71,33.78,476.17,259.09,712.33,168.43,94.07,229.12,99.1,146.08,24.38,92.36,40.28,232.83,302.5,217.2,384.16,173.81,331.68,46.64,97.96,96.25,4450.87,-0.4253046193259146
2023-07-17,7,17,2023,2566.7,83.2,53.96,60.26,37.07,388.39,315.74,741.15,140.62,114.16,171.98,93.36,167.29,28.82,86.98,43.57,208.57,359.28,172.96,477.23,145.2,313.91,40.87,106.65,83.96,4435.18,-0.7279697666264077
2023-05-14,5,14,2023,2525.06,80.54,48.77,70.18,35.73,385.14,304.51,709.96,134.2,85.4,176.23,101.46,165.04,30.3,85.51,47.16,230.49,290.78,200.08,387.4,153.78,347.21,59.66,82.42,94.42,4306.37,-0.7054525437019318
2023-07-10,7,10,2023,2996.69,84.53,41.04,69.93,35.21,424.29,249.5,737.73,166.32,86.44,171.65,89.27,141.94,31.77,81.26,54.59,171.89,291.35,228.94,456.86,158.2,244.37,55.99,83.02,104.19,4260.28,-0.42166190029666056
2023-01-19,1,19,2023,3079.88,91.43,40.13,62.34,38.88,376.9,319.92,919.36,138.53,117.71,234.84,89.94,123.28,29.69,100.76,45.38,192.01,318.54,229.53,436.35,171.73,318.1,43.13,112.89,116.45,4667.820000000001,-0.515585022793096
2023-06-11,6,11,2023,2617.08,86.85,46.8,64.19,41.13,469.43,294.93,937.81,131.85,99.96,236.66,86.31,144.7,28.76,112.84,58.02,205.56,252.72,219.96,329.46,151.93,320.14,55.02,82.63,84.72,4542.38,-0.7356672321824325
2023-09-11,9,11,2023,2511.85,85.41,45.06,63.34,37.72,472.08,288.86,696.37,178.72,119.76,232.65,90.29,138.61,30.9,92.26,53.43,187.07,350.11,213.9,466.33,123.65,278.39,43.85,99.96,99.61,4488.330000000001,-0.7868622728268013
2023-05-15,5,15,2023,2495.44,95.87,40.3,60.2,43.22,460.35,263.07,908.32,174.19,101.98,217.69,93.73,155.97,34.8,99.74,46.33,234.56,262.48,180.83,331.16,140.66,278.78,59.25,118.58,109.51,4511.57,-0.8079256563972684
2023-03-26,3,26,2023,3315.24,65.59,57.24,57.58,47.06,436.57,242.46,850.84,157.63,119.85,208.25,99.8,162.29,27.54,110.98,44.55,222.06,357.03,207.45,369.45,160.75,303.04,58.97,116.61,107.73,4591.32,-0.3849133094436602
2023-05-25,5,25,2023,3453.79,65.72,59.94,69.55,47.09,340.72,316.35,884.65,163.16,116.54,198.47,111.48,167.35,33.67,88.44,55.47,168.22,335.41,192.81,420.45,167.53,344.44,40.44,103.86,97.69,4589.449999999998,-0.3288155909884498
2023-05-30,5,30,2023,2749.88,69.56,50.16,61.89,35.96,380.68,271.16,678.75,150.17,96.95,200.47,118.42,148.19,33.3,118.7,57.33,174.39,301.89,165.72,374.78,141.82,307.65,51.36,94.47,113.94,4197.709999999999,-0.5265066111975791
2023-09-28,9,28,2023,3292.06,71.32,53.57,56.42,38.06,473.8,318.08,958.05,133.38,88.18,181.22,82.23,172.15,32.3,100.56,40.4,228.27,265.97,235.2,358.29,139.73,317.82,44.77,117.32,101.6,4608.6900000000005,-0.3999410703328617
2023-12-02,12,2,2023,3499.66,91.42,52.39,65.82,35.35,430.56,339.93,689.93,129.81,105.49,223.53,87.3,138.51,25.83,118.88,50.22,185.55,271.51,199.66,408.58,155.02,332.07,52.71,98.23,99.5,4387.799999999999,-0.2537789385254566
2023-07-09,7,9,2023,3426.88,78.21,52.43,70.73,43.54,422.15,351.92,763.15,133.04,97.75,174.34,90.21,159.41,33.16,119.53,42.6,186.78,258.35,236.62,399.37,151.52,270.64,49.82,99.25,104.86,4389.379999999999,-0.2808677280791855
2023-11-25,11,25,2023,2689.94,83.34,50.34,59.87,37.26,432.06,318.21,838.5,157.3,113.43,175.61,102.63,126.53,30.23,94.48,45.35,229.31,336.78,203.63,355.92,150.42,283.48,59.46,115.61,86.14,4485.89,-0.667654297121869
2023-03-26,3,26,2023,2879.72,68.7,52.09,50.41,44.85,376.3,277.88,871.52,138.82,99.27,182.72,114.09,152.6,32.89,99.77,41.98,211.42,328.15,175.45,352.76,178.56,293.52,58.82,89.11,111.72,4403.4,-0.5291069965135499
2023-04-20,4,20,2023,3169.38,90.15,46.59,57.19,33.02,453.1,329.93,915.0,142.77,105.22,171.4,112.11,168.11,33.43,86.86,50.57,184.62,313.3,205.04,462.05,169.3,320.44,55.11,115.12,82.26,4702.69,-0.48378862742870826
2023-01-03,1,3,2023,2821.24,84.37,58.85,53.46,46.36,328.55,317.96,774.98,125.73,108.01,186.47,88.63,149.76,34.77,119.45,44.16,218.41,296.12,206.04,452.49,130.07,344.52,59.11,91.48,113.7,4433.449999999999,-0.5714543959393739
2023-07-17,7,17,2023,3329.65,69.73,58.22,64.23,39.61,351.11,249.21,922.17,129.81,90.41,223.46,101.56,128.04,31.88,97.78,48.92,175.43,251.64,228.89,367.97,159.25,272.12,55.66,84.6,108.26,4309.96,-0.29441833225714414
2023-07-12,7,12,2023,3191.71,74.1,53.57,71.31,44.16,424.26,261.1,724.06,132.15,91.12,237.27,117.91,162.99,25.69,99.73,58.83,165.96,282.57,228.3,356.56,158.17,303.35,40.11,97.79,92.82,4303.88,-0.3484558434193583
2023-02-26,2,26,2023,3474.84,68.99,41.77,69.79,44.64,470.03,250.76,810.0,147.18,119.89,198.15,103.16,136.43,33.94,94.93,48.59,232.95,314.31,224.48,436.51,161.18,335.54,59.37,108.8,82.18,4593.570000000001,-0.3219515143143283
2023-05-19,5,19,2023,2681.51,95.83,55.37,48.02,34.97,424.65,281.06,761.12,138.25,94.81,227.53,113.84,170.26,28.74,109.84,57.65,218.01,310.55,198.13,475.86,125.02,247.04,40.05,100.79,104.57,4461.96,-0.6639729107853409
2023-03-19,3,19,2023,2689.56,65.74,55.67,69.39,38.82,432.42,254.07,864.95,158.19,114.55,227.03,113.51,177.05,28.01,113.99,57.95,177.58,340.24,161.02,352.61,172.51,275.56,50.86,80.0,99.63,4481.350000000001,-0.6662019066315685
2023-09-28,9,28,2023,2484.36,92.51,48.36,61.89,33.0,412.08,317.92,675.66,172.06,99.16,228.69,82.02,143.88,28.77,82.18,48.67,229.61,246.92,206.09,363.07,127.18,318.83,51.48,114.19,98.77,4282.990000000001,-0.7239812265533178
2023-11-08,11,8,2023,2916.89,70.49,51.89,71.49,38.6,325.16,351.61,763.92,122.92,98.45,209.27,113.1,171.78,25.79,114.51,50.23,161.47,320.34,199.21,402.73,162.73,294.28,51.26,100.34,100.19,4371.76,-0.4987743795617937
2023-05-12,5,12,2023,3333.22,78.57,52.43,71.67,43.85,406.06,291.7,696.63,179.19,116.82,174.99,107.84,120.73,33.35,81.43,54.26,165.18,278.93,199.05,373.27,179.28,241.91,56.25,87.78,110.44,4201.61,-0.2605258578791679
2023-04-21,4,21,2023,2861.57,91.45,54.54,50.11,45.36,381.1,331.77,807.0,123.97,80.71,172.75,101.39,176.85,33.03,96.23,58.76,211.4,339.9,224.89,339.04,134.4,249.57,55.84,82.24,91.14,4333.4400000000005,-0.5143575030490256
2023-11-24,11,24,2023,2601.2,89.93,44.33,50.54,46.5,385.33,268.3,954.69,125.15,88.91,230.56,113.19,123.76,25.27,109.09,54.18,190.5,309.63,161.87,364.12,146.41,245.78,48.64,92.21,103.94,4372.83,-0.681081808396125
2023-01-31,1,31,2023,3323.98,85.84,50.93,55.89,41.68,355.64,270.6,689.83,153.58,115.47,239.97,108.13,178.62,31.47,107.43,48.68,227.35,311.58,161.69,400.09,179.61,354.87,41.0,96.91,116.89,4423.75,-0.3308593914524155
2023-02-07,2,7,2023,3471.05,90.64,46.17,49.94,46.34,388.26,326.7,670.73,148.61,98.66,172.17,104.37,129.79,24.02,115.54,49.38,204.57,243.58,219.23,439.05,140.68,258.43,59.98,80.47,104.92,4212.2300000000005,-0.21353192837902082
2023-09-03,9,3,2023,2981.43,85.89,59.5,55.74,39.75,365.58,240.81,713.75,131.84,94.62,219.71,100.8,144.82,29.37,103.58,52.18,174.25,258.28,184.81,368.6,175.79,290.32,52.91,84.02,90.82,4117.74,-0.3811291896841449
2023-06-27,6,27,2023,3436.61,93.83,43.62,56.71,41.59,326.06,241.2,915.48,168.59,89.3,180.99,104.91,128.03,25.74,116.77,49.73,220.78,246.58,186.19,368.95,160.74,290.72,43.45,104.68,109.74,4314.38,-0.25541740261478607
2023-07-09,7,9,2023,2716.7,86.21,45.12,66.91,33.46,403.61,240.5,678.63,158.88,93.55,192.43,91.06,125.98,35.59,114.8,42.05,209.81,331.54,189.0,378.95,178.58,258.85,58.7,98.82,80.56,4193.59,-0.5436338204439211
2023-04-21,4,21,2023,3131.75,71.75,49.26,69.53,45.05,343.94,357.68,710.52,136.73,90.04,171.58,109.55,154.14,33.57,99.3,51.52,194.6,353.18,173.26,321.04,131.84,266.72,40.38,96.81,90.36,4162.35,-0.3290811846411752
2023-12-20,12,20,2023,2790.84,74.43,50.46,71.98,36.88,402.96,313.57,733.63,148.55,107.15,172.74,95.16,141.92,28.17,97.63,43.59,175.14,327.9,196.14,442.58,172.6,258.87,52.8,114.76,118.07,4377.679999999999,-0.5685886686445655
2023-04-22,4,22,2023,2856.64,80.75,47.34,60.92,45.22,341.74,257.23,704.92,162.4,83.31,192.7,98.41,170.95,24.76,94.8,57.0,210.87,293.91,161.96,444.07,170.13,332.04,56.59,114.98,117.49,4324.49,-0.5138379354766439
2023-08-16,8,16,2023,2972.16,74.8,47.59,64.75,40.15,428.1,265.39,796.02,134.18,97.58,207.21,101.49,120.47,24.37,112.35,59.42,186.62,300.71,203.17,413.33,164.32,249.03,43.52,86.0,111.31,4331.88,-0.4574854651162792
2023-04-25,4,25,2023,3581.34,91.8,47.81,67.86,39.25,439.64,341.4,883.03,149.2,110.39,181.59,91.53,126.83,31.52,117.07,43.09,173.52,241.44,237.18,425.09,167.1,332.59,56.62,107.06,112.0,4614.610000000001,-0.2885149134122983
2023-03-09,3,9,2023,3105.7,85.99,47.73,53.03,32.91,332.03,321.33,941.65,122.66,109.16,205.62,111.9,132.15,31.19,93.59,40.74,190.75,341.87,175.97,435.27,156.98,248.47,42.91,103.29,120.0,4477.19,-0.44160414721318864
2023-07-13,7,13,2023,2417.65,86.21,49.69,56.96,39.93,447.8,330.02,718.55,159.06,105.36,188.82,103.94,159.08,31.81,96.61,43.52,210.12,322.39,190.67,368.01,128.41,278.29,50.94,101.85,103.3,4371.339999999999,-0.8080946373544554
2023-01-01,1,1,2023,3212.83,94.18,57.79,66.23,40.3,381.38,243.73,661.95,173.06,80.15,167.96,103.83,130.47,35.51,108.16,40.51,222.4,289.68,162.35,424.02,178.89,319.48,45.72,111.28,90.88,4229.91,-0.3165682591360265
2023-09-07,9,7,2023,2561.2,67.61,43.97,58.36,44.64,433.73,359.23,913.18,132.74,102.36,236.22,111.03,124.36,31.05,107.36,50.09,224.08,267.95,231.35,431.75,122.8,310.95,49.38,118.74,93.18,4666.110000000001,-0.8218452287990008
2023-07-12,7,12,2023,3015.14,89.19,43.53,61.33,40.9,473.72,247.88,808.2,164.81,91.17,173.29,83.66,177.22,34.69,84.19,43.19,190.92,314.29,195.26,382.02,133.03,255.74,44.25,85.32,99.57,4317.369999999999,-0.43189702634040184
2023-02-28,2,28,2023,2937.32,88.04,46.17,64.88,45.9,399.03,277.77,814.22,125.51,83.17,185.4,112.48,121.45,26.62,114.28,42.33,187.53,343.86,173.4,383.4,153.19,307.97,40.19,93.76,83.87,4314.42,-0.4688287282284531
2023-01-22,1,22,2023,2422.32,92.76,41.39,62.45,45.42,441.24,247.73,767.03,158.23,86.24,203.46,80.72,132.92,29.39,81.28,40.6,205.25,346.48,231.01,334.56,155.81,240.59,57.31,110.22,95.53,4287.619999999999,-0.7700468971894707
2023-07-18,7,18,2023,2498.84,86.54,56.32,48.86,39.45,342.85,298.91,651.62,164.58,94.58,215.69,102.86,153.08,29.21,113.7,44.09,214.82,346.2,178.3,473.69,141.75,253.44,48.04,87.5,85.28,4271.360000000001,-0.7093371324294474
2023-02-04,2,4,2023,2442.8,90.98,51.52,57.07,33.91,359.08,345.42,756.22,124.48,109.17,187.03,88.28,159.45,24.35,95.83,44.06,229.2,352.11,226.79,452.32,128.99,357.06,49.56,83.73,113.7,4520.31,-0.8504625839200918
2023-06-23,6,23,2023,3080.48,85.77,48.3,53.73,41.02,355.57,286.07,851.5,151.05,118.11,198.44,88.02,156.3,31.06,114.94,40.39,160.93,335.45,183.88,382.7,160.9,298.58,40.88,108.53,97.22,4389.34,-0.4248883290915702
2023-05-04,5,4,2023,3178.06,72.58,47.25,71.16,44.51,356.02,270.68,842.6,179.12,114.69,188.86,108.66,163.58,35.41,95.54,54.86,211.43,247.04,200.16,442.04,174.89,242.55,44.27,80.09,95.01,4383.0,-0.3791432509140797
2023-06-28,6,28,2023,2526.19,80.71,58.63,48.17,43.91,454.89,253.45,795.71,140.94,98.26,187.48,116.77,164.58,35.1,95.6,58.07,197.85,282.52,161.67,384.2,173.12,317.7,53.24,106.95,116.3,4425.82,-0.7519743170545365
2023-11-18,11,18,2023,3535.1,95.73,54.67,64.17,37.53,406.07,329.22,843.67,169.9,105.56,222.77,86.59,128.53,24.04,113.81,58.91,238.33,249.64,162.39,356.38,166.98,280.72,45.69,95.06,91.81,4428.17,-0.2526293457045063
2023-05-10,5,10,2023,2749.76,68.56,59.28,68.65,39.5,429.8,309.85,780.11,137.73,88.72,229.09,94.53,142.09,24.18,102.4,41.02,171.61,314.07,161.48,388.24,154.96,276.6,43.92,92.61,116.45,4335.45,-0.5766648725706969
2023-05-11,5,11,2023,2562.28,78.37,42.78,54.1,38.61,334.85,354.47,835.26,153.93,117.62,180.89,82.27,151.29,27.17,97.22,45.94,163.3,340.32,193.47,390.35,126.74,247.11,48.56,86.7,94.52,4285.84,-0.672666531370498
2023-06-21,6,21,2023,2787.6,93.3,53.21,49.93,36.07,334.93,290.55,958.07,152.76,116.3,187.71,117.04,149.51,27.19,81.26,47.77,238.2,293.9,162.89,443.42,136.09,259.77,42.27,87.52,88.17,4447.830000000002,-0.5955768402927256
2023-11-09,11,9,2023,3291.47,83.79,58.08,48.63,46.67,442.12,354.24,692.36,155.1,106.07,238.05,97.36,126.55,33.75,111.26,58.85,182.79,273.33,192.7,470.79,148.77,271.17,51.1,94.22,86.78,4424.53,-0.34424132682357733
2023-01-25,1,25,2023,3066.1,93.49,41.16,64.33,42.38,479.8,353.12,719.3,179.05,118.6,206.43,86.21,148.11,24.19,103.2,57.68,201.17,254.38,171.54,375.1,140.1,339.92,45.02,101.15,114.33,4459.759999999999,-0.4545383386060466
2023-06-15,6,15,2023,3220.17,68.51,44.92,70.53,42.76,436.0,331.35,747.95,153.87,101.47,237.16,114.44,153.77,34.25,81.41,46.98,202.41,264.62,208.38,479.94,122.56,343.3,43.9,118.83,99.56,4548.87,-0.4126179673743932
2023-01-08,1,8,2023,3280.74,81.32,56.24,53.45,46.42,366.32,252.55,777.85,148.49,111.67,207.4,107.84,172.26,30.98,105.87,54.69,186.27,341.35,230.49,412.58,122.1,282.48,49.7,118.86,110.38,4427.5599999999995,-0.34956137944488125
2023-06-28,6,28,2023,3523.45,72.88,56.99,62.19,47.81,338.62,277.13,803.15,167.91,98.83,204.18,92.21,126.99,32.3,105.35,54.9,189.81,299.44,208.66,415.91,147.71,259.62,47.54,109.47,89.06,4308.660000000001,-0.22285260185329747
2023-09-01,9,1,2023,2662.13,94.83,58.96,59.74,32.69,428.22,316.16,665.23,160.01,81.61,192.73,110.59,160.99,35.71,116.96,45.31,214.82,276.98,161.68,391.73,151.1,342.71,43.01,103.09,100.28,4345.14,-0.6322042875441846
2023-07-16,7,16,2023,3372.79,81.51,52.82,65.96,32.53,376.68,326.52,667.76,126.2,111.7,172.81,90.72,171.94,29.13,89.61,45.01,212.93,295.5,202.73,330.78,178.2,303.06,45.26,91.49,87.54,4188.39,-0.24181760500950264
2023-12-12,12,12,2023,2977.86,67.82,48.75,61.48,38.62,330.46,328.85,731.82,142.91,115.87,162.01,88.2,147.68,29.78,111.65,44.58,187.5,254.53,225.99,371.78,140.94,352.12,57.42,98.08,117.49,4256.330000000001,-0.42932508579986994
2023-04-10,4,10,2023,2477.05,67.13,47.93,60.81,41.48,384.72,267.77,843.87,121.13,101.82,211.77,115.52,136.11,30.59,81.81,45.96,213.43,296.87,218.86,462.41,144.28,348.24,40.2,101.18,81.89,4465.780000000001,-0.802862275690842
2023-12-14,12,14,2023,3350.64,72.47,41.37,64.41,32.6,471.98,255.58,730.99,144.13,108.62,204.46,111.27,145.93,29.61,90.49,47.55,234.2,337.38,196.6,442.26,146.04,264.19,45.24,87.81,83.75,4388.929999999999,-0.3098781128381442
2023-02-13,2,13,2023,2627.98,93.15,55.26,62.15,35.22,439.11,240.83,748.6,159.0,80.13,231.85,100.99,164.31,27.33,84.48,41.62,182.9,289.49,206.45,436.06,131.86,322.85,48.14,112.4,88.14,4382.320000000001,-0.667562158007291
2023-04-30,4,30,2023,3511.01,79.2,42.63,64.77,42.17,449.57,333.71,673.04,124.51,93.81,176.6,103.19,141.9,30.05,89.96,58.65,167.07,287.7,165.08,328.22,134.31,300.44,41.45,109.04,110.37,4147.44,-0.1812669288894077
2023-08-21,8,21,2023,2884.4,68.95,49.86,62.35,32.23,345.58,349.6,859.43,151.85,82.84,187.08,81.21,155.26,29.01,101.48,43.47,200.86,269.2,208.77,355.42,158.89,279.47,52.68,88.93,110.27,4324.6900000000005,-0.49933781722368614
2023-01-30,1,30,2023,3332.51,92.57,59.31,67.03,44.59,423.4,302.03,727.65,154.33,90.0,185.34,113.1,145.3,30.2,85.95,58.93,222.1,245.13,173.39,368.08,150.7,251.9,53.58,93.63,111.99,4250.229999999999,-0.2753840198529032
2023-12-11,12,11,2023,3397.75,89.0,43.19,71.84,45.08,382.21,306.3,660.65,154.56,95.43,162.99,83.39,162.23,24.93,86.02,57.75,160.07,275.38,168.42,477.52,171.84,244.46,51.24,110.29,85.13,4169.92,-0.22725921565742038
2023-10-08,10,8,2023,2935.72,80.12,48.05,53.14,39.18,423.45,306.74,864.84,148.78,88.85,224.09,111.91,147.55,28.89,108.14,59.48,175.06,345.12,214.93,422.5,162.35,288.92,51.38,103.29,97.07,4593.829999999999,-0.5648052266564929
2023-08-31,8,31,2023,2750.13,86.34,51.87,54.02,35.51,462.03,288.56,866.68,160.53,99.03,226.74,94.86,166.86,34.87,100.29,47.07,187.41,294.35,217.16,462.27,141.73,256.57,52.19,118.58,100.2,4605.719999999998,-0.6747281037623669
2023-07-31,7,31,2023,2488.45,95.13,58.58,60.31,43.17,390.37,277.45,920.38,174.24,87.6,209.56,119.58,122.25,25.57,90.68,40.09,188.11,341.67,199.72,329.96,127.23,297.53,50.34,104.71,111.58,4465.81,-0.7946151218630074
2023-10-28,10,28,2023,3066.47,93.22,58.26,66.22,43.57,474.01,292.58,771.53,165.84,103.56,160.2,113.36,150.48,33.83,118.28,46.08,199.27,250.8,172.54,417.75,169.32,352.54,50.25,95.01,92.76,4491.260000000001,-0.4646352320420553
2023-03-03,3,3,2023,2418.22,77.22,57.06,62.75,41.5,466.87,240.37,798.73,163.52,100.1,209.97,88.26,124.8,25.53,92.16,43.33,197.68,284.06,183.27,377.43,122.57,346.48,48.07,97.93,94.6,4344.26,-0.7964701309227451
2023-09-01,9,1,2023,2761.54,76.1,52.69,61.33,47.56,429.68,319.96,854.28,165.27,111.37,191.54,114.86,140.24,27.77,88.41,54.34,221.05,340.57,169.26,411.56,120.4,243.44,48.63,95.18,84.66,4470.150000000001,-0.6187163684031376
2023-12-12,12,12,2023,3433.79,85.12,43.87,49.9,38.06,323.34,323.15,733.85,161.62,95.06,197.04,103.59,150.62,27.52,89.21,53.81,230.31,286.45,209.58,392.25,147.49,341.63,47.24,95.73,80.67,4307.109999999999,-0.2543312200221909
2023-10-12,10,12,2023,2628.65,88.79,43.61,48.51,35.11,459.37,305.59,900.12,138.62,108.18,236.21,103.54,142.63,24.6,108.17,57.1,218.07,322.26,201.11,441.25,151.05,244.34,42.16,105.58,87.72,4613.69,-0.7551556882810566
2023-04-25,4,25,2023,3525.21,80.85,45.2,50.53,44.83,382.45,348.94,921.55,171.99,104.5,229.28,86.33,164.54,31.29,115.17,52.01,215.03,275.32,235.5,331.22,129.8,334.93,45.49,113.99,92.94,4603.68,-0.30593071051086324
2023-08-14,8,14,2023,3127.99,83.09,58.39,59.41,37.48,381.98,342.23,881.85,149.11,117.54,164.59,105.63,176.47,28.18,114.54,59.5,195.36,248.84,214.48,337.47,167.25,274.18,44.72,99.43,99.33,4441.050000000001,-0.41977755683362206
2023-07-14,7,14,2023,3596.12,83.4,56.09,63.75,42.3,438.94,326.34,682.43,172.22,95.32,177.45,83.18,145.3,27.76,111.18,51.65,169.46,255.86,227.0,368.92,135.84,242.87,43.26,108.19,115.34,4224.05,-0.17461319422043767
2023-05-23,5,23,2023,3482.59,70.51,58.52,60.68,38.03,414.08,288.44,729.23,127.26,107.0,190.95,90.78,152.75,29.12,100.25,59.8,191.27,344.59,201.55,396.63,145.43,307.78,41.57,118.16,84.89,4349.27,-0.24886076167450094
2023-12-21,12,21,2023,2687.22,82.69,54.92,69.58,36.56,328.47,273.77,733.13,147.99,87.45,164.26,85.51,138.01,28.12,86.02,51.21,165.1,312.19,180.2,452.35,129.79,297.03,58.1,98.25,119.21,4179.909999999999,-0.5554774078787741
2023-11-11,11,11,2023,2694.83,67.97,45.05,67.15,35.83,407.38,357.79,941.0,121.86,92.57,201.86,103.93,161.35,32.11,80.74,53.04,189.77,299.38,196.72,462.5,148.18,243.53,43.83,106.16,104.96,4564.659999999999,-0.6938582396663237
2023-11-04,11,4,2023,3153.51,95.52,47.87,70.77,45.4,468.85,359.98,793.01,166.29,110.93,224.79,112.58,125.52,35.79,111.11,41.34,192.26,288.76,218.49,437.57,171.05,289.34,48.08,89.3,89.06,4633.660000000001,-0.4693658811927029
2023-10-15,10,15,2023,2870.79,89.32,42.39,48.25,35.17,439.08,289.21,736.97,169.16,100.63,184.25,104.4,144.14,28.4,113.0,51.34,196.2,333.33,178.0,367.51,177.83,336.34,56.34,118.63,105.99,4445.88,-0.548660821585696
2023-05-28,5,28,2023,2523.82,67.49,49.3,52.09,46.48,424.34,341.74,864.2,171.84,104.63,231.74,116.72,129.81,24.11,80.94,53.48,173.03,242.25,179.69,381.65,121.55,315.96,47.99,97.05,96.75,4414.83,-0.7492650030509306
2023-01-21,1,21,2023,2446.02,66.55,43.39,53.24,33.43,464.98,255.96,736.15,176.98,115.69,169.83,92.53,147.37,30.17,90.68,56.03,196.97,302.07,238.08,334.91,168.65,297.64,56.28,109.13,113.68,4350.39,-0.7785586381141612
2023-04-12,4,12,2023,3365.19,71.24,56.58,58.46,45.46,369.71,258.56,669.98,136.07,111.86,195.82,118.53,125.04,34.43,108.69,58.89,230.74,340.95,233.11,443.41,123.18,289.73,41.31,88.55,101.39,4311.69,-0.2812619792641722
2023-02-02,2,2,2023,3163.58,94.01,59.83,69.31,42.69,422.15,284.23,684.98,135.34,119.97,189.56,115.73,141.72,29.15,82.54,56.36,224.02,266.45,220.74,364.87,178.73,294.6,43.47,90.41,106.99,4317.849999999999,-0.36486196018434797
2023-02-08,2,8,2023,3447.23,94.19,55.07,62.82,43.29,401.62,312.19,925.64,160.78,113.09,238.57,93.59,168.92,27.15,87.21,52.59,237.12,291.57,226.35,405.27,171.81,336.73,52.93,99.86,119.59,4777.950000000002,-0.38602588164990487
2023-02-13,2,13,2023,3402.83,71.94,59.15,60.16,47.5,392.74,279.97,663.35,164.34,90.29,163.47,106.91,157.11,30.04,109.41,40.37,215.9,304.28,237.5,427.18,123.11,281.49,58.68,110.75,96.71,4292.349999999999,-0.261405947402603
2023-06-29,6,29,2023,2493.7,65.9,52.34,63.88,42.31,337.38,314.91,890.32,140.93,103.67,177.48,97.59,139.69,33.49,89.28,46.31,181.83,277.13,237.27,415.35,135.02,347.04,55.17,101.88,107.52,4453.6900000000005,-0.7859766611861896
2023-05-11,5,11,2023,3207.31,65.96,59.8,66.71,43.7,353.71,309.0,938.91,122.87,98.89,199.72,80.6,171.12,32.21,103.27,56.98,179.19,272.59,218.49,421.19,176.74,329.52,43.18,95.53,81.0,4520.88,-0.40955504768793793
2023-06-19,6,19,2023,3217.63,88.61,47.35,56.31,46.86,478.83,338.27,924.2,138.09,99.91,190.76,93.8,175.45,30.56,88.79,59.68,178.35,269.15,206.44,366.29,124.3,309.4,47.02,118.84,100.18,4577.4400000000005,-0.42261229538511275
2023-06-30,6,30,2023,3314.23,81.5,50.62,52.48,46.09,470.44,241.82,910.87,140.41,87.2,229.53,100.39,156.24,30.22,80.48,57.08,204.87,307.49,225.09,420.99,155.31,332.03,50.45,96.17,111.74,4639.509999999999,-0.3998756875654373
2023-12-21,12,21,2023,3277.49,90.64,55.07,56.2,38.71,427.09,321.47,760.7,148.07,115.84,232.98,97.9,176.36,33.69,100.3,47.13,196.16,279.39,223.57,408.35,121.91,255.86,49.71,115.44,106.52,4459.06,-0.3605106346625011
2023-03-06,3,6,2023,2454.77,76.81,57.88,69.87,46.19,476.94,264.98,646.68,143.93,90.39,202.64,99.2,149.7,31.37,81.66,45.96,223.55,338.96,222.32,322.08,148.66,316.25,51.48,83.23,101.66,4292.3899999999985,-0.7485915177389322
2023-11-16,11,16,2023,3298.8,64.01,41.35,49.39,35.13,383.61,349.17,835.34,178.22,82.88,191.58,112.22,135.16,25.5,97.34,59.58,222.13,287.08,212.98,363.93,123.98,243.5,53.89,88.8,87.32,4324.089999999999,-0.31080696010670517
2023-06-24,6,24,2023,2904.36,68.33,54.02,48.6,35.97,472.59,348.13,883.8,131.57,106.06,166.02,95.45,158.13,30.3,87.14,46.61,239.13,352.19,164.75,472.76,137.71,336.88,47.66,95.1,107.83,4686.7300000000005,-0.6136876971174373
2023-04-18,4,18,2023,3539.28,81.59,40.48,55.12,40.9,426.15,251.57,797.04,132.74,114.05,184.06,113.47,135.13,27.37,84.63,47.62,223.26,247.36,196.34,423.02,149.49,294.38,50.63,104.74,82.9,4304.039999999999,-0.21607784634162847
2023-03-04,3,4,2023,3052.06,65.26,49.18,67.35,32.41,425.71,296.51,899.18,169.9,108.8,218.11,106.21,147.37,32.82,110.7,45.43,211.02,321.36,219.22,406.3,142.22,330.76,49.0,80.85,89.01,4624.68,-0.5152650996376219
2023-04-26,4,26,2023,2878.16,78.76,54.56,63.2,44.01,467.42,332.19,938.13,178.63,113.34,161.66,103.32,157.08,31.43,113.54,44.35,225.97,297.97,182.59,434.6,144.13,259.47,55.42,101.52,91.56,4674.85,-0.6242495205270036
2023-04-20,4,20,2023,2632.32,92.06,40.5,62.68,40.71,324.17,295.56,650.33,121.41,95.71,221.54,93.98,135.71,28.17,112.5,55.52,194.73,274.87,216.91,471.76,132.65,256.74,41.61,98.84,112.74,4171.400000000001,-0.5846857524920983
2023-11-21,11,21,2023,2642.79,70.16,56.18,60.17,33.44,448.24,261.03,764.25,133.51,89.93,162.33,110.67,123.18,35.35,116.72,51.07,237.87,337.64,239.12,322.08,173.34,301.86,48.58,107.79,84.29,4368.799999999999,-0.653101457172155
2023-07-08,7,8,2023,3002.54,73.68,54.04,53.56,38.36,370.97,339.47,788.62,149.02,83.71,170.68,84.28,144.28,25.27,102.59,58.0,237.16,342.12,229.77,479.88,174.02,356.9,58.26,85.15,93.35,4593.14,-0.5297514770827367
2023-08-03,8,3,2023,2980.79,90.5,49.03,49.74,39.23,321.05,287.39,771.33,158.69,90.96,239.37,113.26,126.05,29.67,89.41,57.5,227.19,291.33,205.54,350.63,148.0,357.24,46.86,92.7,97.77,4330.4400000000005,-0.45278265157894404
2023-07-14,7,14,2023,3046.04,90.71,52.8,59.79,39.72,440.54,321.66,823.21,125.31,105.06,190.86,88.98,129.67,32.02,89.97,49.61,226.3,251.98,214.11,322.71,156.9,325.5,59.32,107.16,111.84,4415.7300000000005,-0.44966251263936147
2023-02-09,2,9,2023,2821.38,95.86,41.95,62.64,38.08,426.79,328.49,685.07,123.48,92.28,232.87,86.04,163.06,29.02,108.08,47.23,237.16,313.04,216.41,429.87,157.74,267.59,56.09,100.2,91.65,4430.69,-0.5703981739432474
2023-07-21,7,21,2023,2550.85,88.22,53.67,61.91,47.56,464.24,242.08,699.26,164.11,100.35,185.67,107.82,144.52,24.64,113.13,58.17,162.14,351.61,202.81,376.22,125.03,302.64,45.26,88.0,112.63,4321.6900000000005,-0.6942156536056611
2023-04-15,4,15,2023,2888.89,74.3,50.55,64.62,46.93,399.8,313.86,934.12,177.96,89.95,198.98,91.79,162.08,25.13,96.98,47.75,167.55,304.41,219.62,358.63,157.03,274.33,46.03,104.11,88.04,4494.549999999999,-0.5558051708441649
2023-07-20,7,20,2023,3033.92,87.34,50.45,48.58,43.51,422.14,310.04,747.39,145.24,86.75,216.76,81.62,138.73,27.18,111.58,47.55,195.05,348.69,177.86,457.85,131.23,302.55,42.61,110.74,113.66,4445.099999999999,-0.4651342158000209
2023-08-27,8,27,2023,2872.02,76.88,45.32,54.15,33.67,390.77,344.06,720.74,175.2,98.7,187.29,87.28,166.15,27.64,113.79,48.02,223.86,352.81,169.19,414.83,123.99,284.48,49.23,89.9,107.51,4385.459999999999,-0.526960118662126
2023-03-15,3,15,2023,3154.78,73.51,45.21,58.9,43.39,453.44,240.85,647.36,168.33,97.58,214.64,108.37,177.3,29.82,96.78,50.69,201.41,253.8,203.65,359.96,130.73,292.28,49.91,110.92,87.86,4196.6900000000005,-0.33026391697677815
2023-11-07,11,7,2023,2743.38,69.65,58.35,66.75,46.72,377.97,274.43,945.11,165.42,101.47,190.95,80.62,131.34,28.38,89.93,42.16,193.91,339.57,184.91,337.06,135.72,252.38,55.31,106.23,81.3,4355.639999999999,-0.5876910963847514
2023-02-21,2,21,2023,2751.48,88.83,57.29,61.64,42.57,461.88,315.52,905.06,150.39,106.09,235.25,92.54,135.02,30.72,115.81,40.16,167.92,295.04,165.88,461.86,178.78,323.68,58.29,95.41,100.08,4685.71,-0.7029780336400774
2023-06-23,6,23,2023,2633.56,90.68,40.09,62.18,42.9,365.09,298.49,931.22,135.14,116.49,160.16,87.69,167.6,35.65,110.27,51.9,172.8,307.94,163.58,384.38,169.69,312.6,55.28,93.03,109.95,4464.799999999999,-0.6953477422196568
2023-01-17,1,17,2023,2585.46,82.08,49.29,54.04,34.03,386.55,278.28,784.85,127.77,80.57,173.49,102.01,143.09,29.04,119.63,40.87,161.07,240.98,206.37,324.12,172.13,343.56,55.37,100.46,80.28,4169.93,-0.6128387211560032
2023-05-07,5,7,2023,2400.06,74.63,43.9,60.91,40.74,383.57,302.87,793.3,129.62,108.98,227.76,86.18,174.5,35.98,80.4,41.41,238.8,305.09,231.97,387.86,164.28,352.74,44.1,108.3,98.7,4516.59,-0.8818654533636661
2023-11-28,11,28,2023,2869.91,67.61,45.38,56.36,47.65,330.84,309.41,819.62,146.72,113.54,214.32,85.08,164.03,31.44,86.67,56.43,207.55,341.87,234.57,425.95,144.53,279.86,55.38,89.51,103.35,4457.670000000001,-0.5532438299458873
2023-12-27,12,27,2023,3458.43,70.41,51.65,69.5,45.12,397.97,318.6,837.05,141.07,83.54,208.75,110.85,164.79,35.28,94.38,56.98,200.33,294.66,237.31,462.76,158.97,271.51,53.1,105.91,112.64,4583.13,-0.3252053677535761
2023-02-19,2,19,2023,3464.98,66.61,52.0,56.4,47.36,408.81,283.88,645.94,158.17,103.48,166.9,108.78,156.09,33.1,119.23,57.5,228.66,352.2,183.81,388.58,153.98,315.27,43.14,81.69,98.57,4310.15,-0.2439177138107578
2023-09-18,9,18,2023,3138.17,87.38,41.92,55.88,36.21,406.63,337.15,819.98,156.96,84.84,210.11,100.53,140.23,30.19,101.44,49.67,206.95,245.15,163.53,459.0,145.25,306.32,55.6,118.81,93.86,4453.590000000001,-0.4191678589751355
2023-10-04,10,4,2023,3408.35,95.36,49.86,52.45,32.34,328.93,316.53,647.2,147.41,80.83,205.59,99.91,171.84,35.57,106.3,59.89,195.71,322.27,212.61,418.71,139.81,359.33,58.09,110.38,114.93,4361.85,-0.27975413323162246
2023-08-04,8,4,2023,3000.26,86.47,50.94,58.18,41.6,322.12,252.47,862.26,153.73,85.11,176.89,114.29,136.39,26.25,104.83,59.62,182.84,298.02,162.97,341.67,174.67,253.93,53.85,95.73,106.04,4200.87,-0.4001686520501555
2023-03-13,3,13,2023,2769.92,72.62,48.5,62.92,37.75,473.88,322.69,927.21,170.26,101.31,198.75,98.32,134.57,34.77,82.17,53.72,177.01,292.74,213.55,416.51,176.68,251.34,55.69,82.27,108.64,4593.87,-0.6584847215804066
2023-08-02,8,2,2023,2699.82,84.51,46.15,66.49,33.29,322.3,271.7,887.96,122.73,86.16,175.58,92.64,172.08,29.72,93.77,44.98,238.73,339.14,239.41,443.94,165.05,351.69,56.98,95.13,118.3,4578.429999999999,-0.6958278700061482
2023-07-04,7,4,2023,3273.2,75.11,46.64,57.93,37.18,381.47,304.87,647.83,177.39,110.49,181.39,118.71,148.62,26.01,96.03,57.5,200.81,253.39,163.6,328.6,140.6,271.34,52.82,93.62,89.97,4061.92,-0.24096297201515346
2023-05-27,5,27,2023,2933.67,80.31,42.72,54.37,42.03,401.4,274.54,641.94,169.1,107.58,184.91,81.41,159.98,28.63,110.61,49.65,194.19,349.14,211.9,456.44,151.35,310.86,52.97,87.91,105.8,4349.740000000001,-0.4826957360575663
2023-07-06,7,6,2023,3185.95,75.14,51.28,51.92,41.2,470.27,319.82,718.77,175.86,86.07,166.12,106.71,147.62,35.54,98.48,41.74,201.58,343.29,217.11,380.39,161.83,295.29,58.82,87.75,82.06,4414.66,-0.3856651862081954
2023-05-16,5,16,2023,3054.6,95.11,57.32,60.47,41.66,390.16,359.37,711.47,144.94,110.79,197.63,119.95,132.33,31.63,111.02,47.81,235.88,303.99,176.98,400.9,124.89,315.82,41.81,116.9,106.61,4435.44,-0.45205264191710853
2023-08-24,8,24,2023,2859.72,94.96,46.33,64.17,40.63,350.25,334.73,772.56,139.08,109.03,232.42,97.88,153.86,24.44,111.53,57.19,175.5,247.77,239.43,323.17,139.11,341.51,45.98,85.6,105.13,4332.26,-0.514924538066664
2023-09-30,9,30,2023,3303.0,73.66,46.72,56.82,44.2,470.79,290.82,742.72,153.92,113.6,211.23,96.63,125.43,24.42,100.74,49.02,176.78,333.76,215.59,358.68,154.89,276.85,43.42,89.44,109.74,4359.87,-0.3199727520435967
2023-05-14,5,14,2023,2793.34,86.94,44.04,67.46,43.09,328.93,329.9,732.47,139.16,100.0,233.37,110.63,179.63,33.73,98.61,55.43,186.64,349.25,182.64,340.09,169.3,264.14,49.92,82.19,88.22,4295.78,-0.5378650647611818
2023-08-26,8,26,2023,2707.72,92.89,40.67,60.59,33.19,473.97,240.35,842.02,149.08,89.3,183.74,88.31,136.79,28.98,87.26,60.0,230.93,285.04,236.81,359.3,142.0,273.33,54.21,105.53,103.7,4397.99,-0.6242410588982613
2023-10-08,10,8,2023,3196.76,79.85,56.23,55.94,33.51,435.37,345.1,726.07,158.39,109.1,235.77,114.18,125.72,25.57,87.92,47.63,200.59,245.23,218.42,447.09,138.72,283.64,47.77,105.34,110.05,4433.200000000001,-0.3867791138527761
2023-05-06,5,6,2023,2800.56,84.96,43.08,52.04,32.57,371.13,326.91,755.26,168.8,89.49,221.11,115.79,177.67,35.92,104.51,40.09,189.25,303.7,208.35,395.72,170.74,259.82,45.36,100.26,81.43,4373.96,-0.5618162081869341
2023-07-11,7,11,2023,2902.6,89.43,59.6,63.95,35.5,378.56,282.93,716.76,142.24,102.19,202.07,86.15,135.64,26.52,102.55,48.78,202.39,286.75,204.84,327.01,140.71,283.15,54.23,88.34,114.54,4174.830000000001,-0.43830703507200475
2023-04-14,4,14,2023,3488.93,64.11,52.47,65.63,34.01,420.75,240.12,855.61,120.6,90.07,230.76,94.81,126.16,33.69,80.62,48.25,227.1,281.64,185.86,415.24,156.72,355.97,40.78,95.91,101.4,4418.279999999999,-0.2663710650543287
2023-07-23,7,23,2023,3441.02,79.9,55.78,65.08,34.13,352.31,274.74,653.48,134.41,82.45,179.13,82.56,126.3,24.45,97.18,51.27,227.05,252.09,227.82,381.09,134.53,311.01,55.24,111.88,83.64,4077.520000000001,-0.18497422275953088
2023-06-04,6,4,2023,3578.45,68.7,40.99,68.07,40.76,337.41,337.89,709.22,153.23,107.17,233.29,110.41,136.17,32.59,85.26,45.75,186.39,256.36,180.9,415.14,130.25,268.78,42.97,107.65,110.96,4206.31,-0.17545585379144618
2023-01-29,1,29,2023,2418.09,67.09,42.59,60.63,41.66,407.13,320.65,724.72,134.15,82.45,206.88,99.53,125.75,35.18,93.43,55.18,208.33,356.78,169.33,470.56,179.85,262.06,45.61,109.46,100.78,4399.78,-0.8195269820395434
2023-07-28,7,28,2023,3282.3,89.6,45.72,69.59,40.6,474.64,343.25,917.82,147.5,117.36,177.24,82.76,136.5,30.62,80.01,49.3,207.79,287.05,231.69,358.0,123.28,298.22,43.75,84.88,118.78,4555.950000000002,-0.3880358285348693
2023-08-05,8,5,2023,2963.86,87.17,48.43,59.76,46.92,444.92,291.52,828.06,137.49,112.47,213.48,102.89,162.46,34.38,87.82,54.53,174.58,276.09,235.71,344.99,136.76,259.94,43.2,87.44,86.42,4357.429999999999,-0.470187525726586
2023-09-29,9,29,2023,3424.97,70.3,54.41,49.99,40.0,468.45,261.19,692.27,140.27,119.78,190.78,99.41,121.64,30.97,108.22,58.39,225.46,245.08,217.53,335.34,136.67,248.93,46.23,116.98,87.42,4165.709999999999,-0.21627634694610445
2023-03-21,3,21,2023,2701.97,75.83,48.86,48.63,42.65,423.2,266.46,865.99,174.3,107.89,187.88,91.18,174.53,32.33,104.54,43.78,211.42,295.09,169.03,467.7,171.54,306.34,56.25,115.39,114.55,4595.360000000001,-0.7007442717720778
2023-04-17,4,17,2023,3258.82,78.3,52.88,61.98,44.6,332.75,348.68,936.39,121.3,89.69,162.58,105.56,136.08,30.74,94.46,46.91,200.7,358.96,187.63,465.46,127.75,261.83,53.96,87.64,80.23,4467.0599999999995,-0.37075996833209546
2023-01-03,1,3,2023,3071.47,91.97,41.4,58.46,45.01,400.47,275.76,858.01,137.11,108.76,220.26,86.73,157.19,27.23,89.98,47.33,211.71,344.33,163.31,422.08,142.86,256.37,56.77,98.32,117.55,4458.97,-0.451738092835027
2023-12-05,12,5,2023,2400.81,69.53,56.38,64.26,37.9,448.28,320.16,724.54,157.55,111.84,219.68,82.48,165.03,28.42,109.55,43.56,184.26,248.6,193.83,385.31,145.25,317.38,40.52,105.89,102.78,4362.9800000000005,-0.8172949962720918
2023-05-16,5,16,2023,3539.6,87.65,51.37,55.25,32.57,352.06,338.58,694.57,137.34,110.63,220.78,119.14,129.35,29.16,90.83,54.53,177.99,357.4,210.71,367.19,133.24,344.22,53.91,116.23,113.64,4378.34,-0.23695897841564026
2023-04-17,4,17,2023,2974.15,75.05,57.79,65.07,35.04,339.16,313.04,747.25,170.6,96.45,179.8,116.41,157.15,34.72,94.61,54.53,235.86,329.69,174.91,478.62,129.81,343.19,48.04,103.46,91.27,4471.52,-0.5034614931997379
2023-10-09,10,9,2023,2956.25,77.92,53.01,64.03,36.65,346.13,289.63,939.67,133.97,98.67,212.72,81.2,151.45,32.81,109.27,54.66,168.73,275.32,227.14,366.4,166.28,284.63,52.12,91.89,85.15,4399.45,-0.48818604651162784
2023-02-27,2,27,2023,3286.67,79.44,54.33,63.67,32.41,360.99,248.35,657.49,178.14,108.92,195.15,107.95,161.26,32.78,112.22,58.35,173.84,243.69,205.48,353.28,162.78,289.71,41.13,90.6,85.2,4097.160000000001,-0.24659914138018135
2023-01-31,1,31,2023,2950.1,85.48,45.49,71.23,33.2,448.11,284.46,642.99,125.29,109.12,201.09,101.99,122.33,28.98,110.83,48.9,224.79,317.7,181.38,362.38,133.68,352.47,46.64,80.84,94.05,4253.419999999999,-0.4417884139520692
2023-05-17,5,17,2023,3263.25,93.8,49.48,64.45,33.04,444.55,304.79,676.75,177.88,84.89,166.34,108.37,130.45,32.7,113.84,45.12,220.11,313.96,181.06,325.72,126.3,342.84,59.27,80.42,90.19,4266.32,-0.30738374320079664
2023-12-24,12,24,2023,3447.92,69.98,46.35,53.17,45.59,325.77,264.01,926.94,131.21,80.28,171.6,109.35,152.74,35.86,92.84,54.49,174.14,351.17,203.9,389.91,167.47,328.76,48.57,103.72,92.7,4420.5199999999995,-0.2820831109770527
2023-04-28,4,28,2023,3375.08,77.04,41.98,48.36,46.89,437.66,313.57,716.02,124.46,114.86,238.65,117.76,162.31,27.23,82.36,56.23,208.89,300.61,173.18,435.02,157.46,352.98,42.21,111.65,85.43,4472.81,-0.3252456238074358
2023-12-25,12,25,2023,3414.37,84.57,50.33,58.74,46.38,437.28,280.25,829.17,174.23,104.9,224.04,90.59,131.5,32.49,112.83,42.97,194.11,317.37,198.34,405.21,162.59,315.04,57.08,113.59,115.77,4579.370000000001,-0.34120496606987555
2023-10-08,10,8,2023,2475.06,66.66,46.69,70.85,34.74,422.49,256.28,920.95,128.9,90.84,161.54,97.04,148.24,31.41,89.34,47.71,196.7,248.0,199.45,401.71,173.45,270.17,41.08,104.39,88.92,4337.55,-0.7525029696249789
2023-07-03,7,3,2023,2499.89,86.23,57.73,52.58,44.19,478.94,294.53,697.09,153.72,106.87,223.32,95.41,169.72,28.65,86.56,41.65,226.1,350.05,207.17,474.75,164.01,321.51,47.63,113.71,96.05,4618.170000000001,-0.8473492833684687
2023-12-16,12,16,2023,3074.7,91.63,59.02,58.16,33.77,333.99,355.71,817.5,120.1,89.57,162.16,102.72,159.5,32.06,119.98,47.82,198.67,330.89,161.65,404.58,133.71,336.52,44.37,103.33,105.93,4403.339999999999,-0.4321202068494486
2023-06-27,6,27,2023,2452.85,76.51,48.09,71.94,38.85,446.73,280.84,646.34,158.74,105.94,187.18,116.86,160.73,24.64,88.72,48.32,209.75,283.28,215.35,414.49,150.3,244.28,59.67,118.53,115.65,4311.7300000000005,-0.7578449558676644
2023-06-01,6,1,2023,2773.96,66.49,51.48,54.91,33.08,340.29,265.34,661.07,122.89,80.51,174.4,105.43,177.15,31.32,81.69,47.98,206.5,331.48,200.38,438.72,174.01,313.36,50.73,96.52,100.88,4206.6100000000015,-0.5164638278850457
2023-11-09,11,9,2023,2417.22,68.29,58.91,58.8,36.47,453.36,323.46,951.71,166.01,97.42,186.63,80.93,161.59,32.01,81.63,43.77,199.5,317.0,175.93,459.92,139.94,293.49,52.89,106.59,85.29,4631.540000000001,-0.9160605985388178
2023-04-01,4,1,2023,3144.95,65.68,50.77,67.76,38.3,465.15,353.62,658.84,145.47,91.65,194.35,114.01,172.95,29.66,94.69,44.07,223.58,353.1,231.09,359.73,159.68,357.72,49.88,88.08,117.36,4527.1900000000005,-0.4395109620184743
2023-09-12,9,12,2023,2401.25,67.35,41.13,61.1,44.2,434.43,264.9,812.73,171.37,84.63,179.93,85.73,171.93,30.03,113.88,45.14,167.75,332.21,160.77,429.66,121.48,295.68,49.78,100.81,112.27,4378.89,-0.8235877147319106
2023-07-01,7,1,2023,2536.52,76.82,41.69,48.44,46.08,361.72,271.9,831.75,136.84,111.36,183.11,106.86,173.51,28.78,83.0,59.17,171.3,322.74,238.82,430.37,172.89,255.87,42.09,93.62,111.22,4399.950000000001,-0.7346403734250078
2023-01-20,1,20,2023,2603.25,76.21,54.91,52.32,42.4,456.23,289.47,870.73,155.08,116.11,216.58,103.51,142.98,30.09,96.03,45.0,238.24,309.14,177.38,350.72,155.1,357.51,47.05,115.07,118.54,4616.4,-0.7733218092768653
2023-09-30,9,30,2023,2451.18,71.46,45.88,58.58,33.35,422.24,276.44,711.63,162.97,88.98,214.07,97.65,133.91,33.25,105.84,52.41,227.66,301.45,195.07,355.64,164.29,312.34,48.86,110.15,84.19,4308.309999999999,-0.7576473372008579
2023-04-22,4,22,2023,3184.71,69.75,51.45,48.31,36.57,414.98,317.07,811.91,167.77,86.28,176.21,95.98,177.03,24.94,82.78,59.53,236.79,253.36,225.14,398.71,164.11,338.47,58.63,96.36,83.54,4475.67,-0.4053618696835819
2023-07-13,7,13,2023,3534.51,77.67,46.35,69.25,39.13,428.43,324.68,681.42,142.17,96.86,204.19,110.22,133.11,33.82,90.02,52.77,163.32,319.08,217.75,420.16,121.07,267.91,51.49,95.98,101.08,4287.929999999999,-0.21316108880721774
2023-04-12,4,12,2023,3295.8,76.06,58.97,57.36,44.09,403.71,359.87,734.15,151.86,119.86,171.0,108.45,167.62,35.86,87.33,51.12,231.38,343.89,187.56,469.69,121.33,242.0,57.84,111.92,84.18,4477.1,-0.3584258753565144
2023-01-22,1,22,2023,3355.11,86.57,53.92,60.39,47.1,332.11,247.45,867.45,158.24,89.04,236.91,117.2,136.63,27.82,87.17,50.56,208.23,317.47,180.12,363.74,125.22,265.05,55.57,102.4,84.32,4300.679999999999,-0.2818298058781975
2023-11-30,11,30,2023,2989.74,93.0,46.15,69.21,32.38,448.44,277.02,808.44,127.97,112.83,207.59,113.04,123.57,32.53,82.22,50.17,195.78,344.06,186.72,325.53,139.25,356.62,46.37,111.82,114.01,4444.72,-0.4866577026764871
2023-11-20,11,20,2023,3471.27,76.28,41.19,53.28,45.74,353.44,359.69,661.75,130.85,90.13,182.47,119.8,165.87,25.12,97.38,44.48,209.27,292.41,216.7,422.6,150.5,332.32,55.91,86.25,107.98,4321.409999999999,-0.24490748342825508
2023-12-01,12,1,2023,2690.49,73.66,46.84,58.65,34.59,391.94,283.4,798.55,132.18,110.5,165.47,114.82,143.46,24.96,106.79,55.32,207.64,276.79,231.85,329.63,169.51,310.58,46.55,107.06,111.6,4332.340000000001,-0.6102420005277854
2023-12-13,12,13,2023,2796.06,83.22,58.42,67.9,39.14,359.9,336.86,818.2,148.65,95.3,180.86,85.36,137.86,35.97,110.48,45.66,169.16,263.19,181.8,460.49,166.77,303.8,55.64,96.73,94.24,4395.599999999999,-0.5720692688998088
2023-11-27,11,27,2023,3325.81,94.85,43.62,53.35,42.68,396.59,286.62,785.37,165.7,93.64,226.0,80.56,166.74,31.01,118.75,55.12,237.63,269.62,195.92,419.23,139.75,287.92,45.97,117.56,87.25,4441.450000000001,-0.33544910863819666
2023-01-26,1,26,2023,3427.25,72.38,40.67,54.17,36.16,458.5,282.97,920.42,161.9,104.41,238.27,108.32,178.01,24.82,102.49,53.1,190.81,322.95,208.53,453.57,123.75,342.92,50.23,93.25,108.91,4731.51,-0.38055583922970315
2023-09-23,9,23,2023,2940.89,91.24,47.06,64.55,35.73,424.23,317.83,725.28,121.48,112.92,209.59,106.49,173.92,26.88,92.72,45.41,227.78,336.38,164.86,418.45,179.73,271.14,57.75,110.59,92.06,4454.070000000001,-0.5145313153501154
2023-08-06,8,6,2023,3018.67,76.33,54.48,63.07,43.38,409.28,314.62,812.56,147.08,87.97,231.77,90.2,159.43,29.85,92.29,56.1,168.29,282.11,203.99,350.96,166.92,304.44,46.83,96.27,113.56,4401.78,-0.4581852272689627
2023-07-26,7,26,2023,2588.23,87.7,44.23,70.38,45.52,357.53,303.3,798.48,123.78,80.8,211.18,88.62,124.52,32.29,84.69,48.5,229.37,326.2,193.94,369.71,160.46,287.65,54.49,100.91,103.09,4327.34,-0.6719302380391233
2023-08-09,8,9,2023,2975.42,93.52,43.45,65.68,40.04,348.83,295.73,951.57,157.8,85.04,199.52,106.09,173.39,30.62,97.6,59.74,196.47,287.09,195.45,422.06,151.13,308.49,49.21,85.64,98.24,4542.4,-0.5266416169818041
2023-07-09,7,9,2023,3230.23,70.15,46.31,51.63,40.04,476.97,243.11,838.47,137.54,82.81,222.19,89.57,140.47,25.54,91.44,56.65,225.46,251.51,165.24,460.13,151.07,262.28,43.61,82.65,84.53,4339.369999999999,-0.34336254693938173
2023-10-17,10,17,2023,2799.9,78.23,55.64,71.23,39.22,324.16,294.75,849.01,178.51,104.23,226.14,84.68,125.83,34.17,116.07,45.95,179.5,263.57,192.02,367.36,140.93,358.53,57.1,118.44,89.79,4395.0599999999995,-0.5697203471552553
2023-12-22,12,22,2023,3501.91,87.92,59.33,67.57,33.42,336.04,280.48,735.97,144.21,93.1,228.47,82.76,154.76,32.02,94.33,51.42,228.19,293.88,163.38,335.25,168.28,240.22,48.57,106.32,85.04,4150.93,-0.1853331467684779
2023-10-10,10,10,2023,2635.41,65.32,57.98,67.24,35.46,369.06,286.6,932.62,131.58,95.84,197.67,100.41,161.19,35.8,89.22,50.01,178.82,315.92,226.59,477.28,138.71,277.13,51.59,115.05,81.21,4538.300000000001,-0.7220470439134713
2023-07-26,7,26,2023,3517.03,70.21,42.65,57.9,39.18,350.86,256.75,648.68,169.24,111.37,181.98,114.7,154.83,25.76,104.39,42.8,166.11,313.7,173.99,391.5,177.42,317.08,55.83,93.65,97.23,4157.81,-0.18219349849162508
2023-12-06,12,6,2023,2979.98,92.79,41.2,61.9,35.31,396.82,344.98,670.21,175.86,88.62,172.08,103.68,150.32,31.05,112.83,51.92,226.73,244.91,189.53,320.41,159.99,333.64,59.53,104.87,117.61,4286.79,-0.4385297887905288
2023-09-08,9,8,2023,3581.11,66.52,51.18,66.05,43.57,476.33,301.54,944.01,122.29,109.1,228.39,80.25,178.35,32.19,107.88,57.4,201.66,249.51,216.06,352.09,169.21,348.33,44.22,89.61,80.04,4615.780000000001,-0.2889243837804481
2023-07-03,7,3,2023,2992.32,70.27,42.05,69.18,33.92,477.72,271.93,746.36,157.88,106.23,209.87,103.12,165.51,29.69,109.42,42.16,190.31,358.94,230.81,447.89,122.83,343.71,44.7,91.71,99.6,4565.8099999999995,-0.5258428242968664
2023-08-02,8,2,2023,2780.39,86.38,42.58,69.81,45.23,476.52,276.32,843.03,167.17,81.0,205.6,81.09,172.69,24.89,112.98,40.27,220.51,280.84,238.57,425.86,179.4,289.96,52.48,91.68,104.34,4609.2,-0.6577530490326897
2023-07-06,7,6,2023,3158.0,95.46,53.1,69.48,39.89,340.18,240.36,826.69,122.0,84.66,175.72,88.06,157.84,35.69,81.16,44.41,223.55,281.27,194.56,347.65,138.5,358.64,51.21,109.68,102.47,4262.2300000000005,-0.3496611779607348
2023-12-19,12,19,2023,3384.19,81.26,57.28,55.21,41.54,326.91,289.42,816.44,162.06,92.91,238.53,83.89,144.27,32.79,86.52,45.66,227.47,347.07,211.09,392.07,167.57,354.41,45.78,83.22,105.61,4488.9800000000005,-0.32645625688865
2023-04-15,4,15,2023,2843.53,82.14,52.54,53.63,42.3,412.67,323.23,900.58,144.02,97.62,162.12,114.7,179.04,25.86,119.29,58.28,186.58,300.51,238.09,404.9,162.97,271.34,59.91,104.24,85.78,4582.339999999999,-0.6114969773485769
2023-01-08,1,8,2023,2439.25,89.37,53.54,60.75,47.79,372.25,349.4,812.75,158.07,99.36,223.26,104.35,169.13,30.53,87.67,40.47,196.18,264.74,166.6,328.28,178.03,334.81,48.19,105.7,92.23,4413.449999999999,-0.8093471353899759
2023-07-01,7,1,2023,2646.3,65.97,45.04,59.01,40.82,448.61,270.76,647.18,155.55,107.65,169.41,90.95,139.17,32.92,102.14,44.86,227.56,286.35,199.54,325.36,122.23,273.14,56.4,92.18,106.29,4109.09,-0.552768015720062
2023-03-11,3,11,2023,3218.42,85.29,50.13,50.48,45.99,413.23,321.41,692.93,139.61,89.96,205.77,85.84,170.51,29.18,90.86,42.02,172.43,355.31,221.05,444.73,178.65,305.05,41.22,116.46,82.34,4430.450000000001,-0.3765916194903091
2023-04-08,4,8,2023,3193.61,67.88,42.91,54.14,39.94,389.01,253.28,923.14,138.47,118.78,172.6,110.01,122.27,28.87,93.71,55.14,234.51,289.36,166.11,339.75,169.07,289.55,54.29,91.94,83.52,4328.25,-0.3552844586533734
2023-12-26,12,26,2023,3414.38,65.93,41.54,51.95,35.31,476.34,242.75,774.33,154.78,95.26,238.54,105.03,143.41,29.58,89.83,44.43,218.16,335.86,238.76,382.12,138.45,275.21,46.15,95.72,86.79,4406.23,-0.2904919780457944
2023-09-16,9,16,2023,2427.15,79.57,53.25,63.44,37.02,351.95,320.87,915.08,154.28,105.63,187.42,104.55,120.44,33.16,116.8,59.4,172.94,316.93,194.88,357.03,129.14,354.31,49.84,83.43,108.01,4469.370000000001,-0.8414065879735495
2023-09-09,9,9,2023,2622.03,73.17,58.49,70.88,45.32,379.63,249.55,946.39,140.99,98.42,229.54,100.36,170.24,34.5,94.93,46.72,204.14,311.15,217.45,446.41,130.05,290.9,44.94,92.7,85.51,4562.379999999998,-0.7400182301499212
2023-09-05,9,5,2023,2637.9,81.65,42.83,66.65,39.67,422.9,260.59,811.12,159.79,80.9,172.39,83.04,175.75,35.87,95.36,55.5,212.3,269.28,181.02,325.24,157.51,340.92,50.31,84.45,119.54,4324.580000000001,-0.6394025550627396
2023-02-24,2,24,2023,2749.21,94.68,57.27,51.29,37.97,329.69,247.26,684.32,170.99,88.78,161.22,84.52,123.95,29.09,113.31,43.7,182.56,295.8,198.25,428.46,160.62,355.74,47.43,106.55,104.69,4198.14,-0.5270350391567032
2023-03-10,3,10,2023,3469.88,94.9,40.47,63.85,38.84,438.48,307.6,767.84,176.1,98.92,206.7,118.65,176.19,32.35,94.06,53.44,194.88,333.57,166.23,353.87,120.93,293.74,48.69,91.6,104.9,4416.799999999999,-0.27289704543096566
2023-08-20,8,20,2023,2601.47,78.31,48.06,53.23,38.57,324.21,244.81,676.22,126.36,114.54,199.93,81.91,176.93,28.27,87.36,40.91,165.28,346.12,223.06,397.37,168.65,240.99,45.64,85.14,107.99,4099.86,-0.5759781969424979
2023-10-19,10,19,2023,3269.97,71.54,54.35,51.32,44.22,333.71,276.54,707.9,144.38,119.08,165.95,119.39,164.32,31.46,106.58,46.15,184.59,345.32,206.58,326.35,126.87,312.44,50.54,108.7,93.22,4191.500000000001,-0.2818160411257599
2023-02-04,2,4,2023,3350.17,67.77,49.88,69.66,34.05,413.26,349.62,798.31,139.32,94.76,233.79,96.03,130.91,27.62,88.41,57.4,217.91,276.28,223.76,406.04,178.81,325.35,54.82,114.03,97.84,4545.629999999999,-0.35683562326687873
2023-05-24,5,24,2023,2954.02,81.65,46.93,48.62,42.72,377.12,323.25,840.66,124.05,119.0,227.6,101.14,157.93,27.35,82.42,54.67,226.02,332.86,208.19,347.2,138.41,267.73,52.15,88.2,95.59,4411.459999999999,-0.4933751294845665
2023-01-27,1,27,2023,2743.91,81.24,47.94,71.96,39.34,339.12,302.88,770.28,151.56,109.59,217.35,105.78,137.75,29.34,91.53,48.35,237.79,328.9,189.99,340.07,173.76,322.99,44.85,105.36,84.09,4371.81,-0.5932774763020655
2023-09-22,9,22,2023,3395.44,92.92,42.09,57.97,37.23,365.58,338.34,893.16,136.64,110.7,210.63,93.74,146.29,29.48,112.29,54.48,208.09,326.3,198.09,390.71,123.32,277.05,52.8,93.5,88.42,4479.820000000001,-0.3193636170864455
2023-01-11,1,11,2023,2485.48,70.27,55.52,54.29,34.42,347.53,282.17,696.13,158.3,102.99,204.34,95.28,161.44,27.1,94.67,46.84,211.66,315.18,186.12,454.11,149.88,274.65,50.64,97.24,86.24,4257.009999999999,-0.712751661650868
2023-11-29,11,29,2023,2884.27,93.2,55.19,65.97,35.46,369.25,300.63,683.28,129.24,87.39,164.1,82.91,145.1,34.85,96.23,49.15,190.08,258.77,164.94,452.58,161.19,326.9,50.27,96.77,104.92,4198.37,-0.45560921827706835
2023-08-20,8,20,2023,3540.72,78.05,47.48,49.32,35.82,345.73,254.07,823.34,143.38,113.58,209.77,111.57,123.55,32.79,96.9,46.95,191.76,308.2,232.83,338.16,163.25,357.71,58.31,100.79,90.9,4354.21,-0.22975270566438472
2023-06-29,6,29,2023,2551.93,76.7,51.61,54.35,33.66,438.83,336.05,894.32,160.64,81.33,205.58,99.67,164.8,27.57,117.91,48.24,179.6,262.38,226.92,339.17,177.79,295.95,42.49,95.05,103.61,4514.219999999999,-0.7689435055036775
2023-04-02,4,2,2023,3468.69,77.05,46.75,58.33,35.75,471.89,321.45,707.77,173.93,87.18,199.62,81.87,137.21,24.94,107.39,58.64,196.59,259.92,204.91,360.61,175.87,311.69,46.65,100.27,87.7,4333.98,-0.24945728790984478
2023-07-24,7,24,2023,2983.97,73.38,50.81,57.54,33.31,443.8,358.14,861.1,148.27,114.66,196.02,88.54,150.16,34.5,82.29,42.08,224.52,243.97,188.01,429.93,154.83,353.4,50.59,94.56,118.6,4593.01,-0.5392279412996781
2023-03-17,3,17,2023,2652.45,79.8,40.88,54.88,40.39,324.8,318.36,841.34,135.84,102.01,208.76,101.96,144.59,27.34,84.39,58.7,173.55,252.58,217.92,378.63,157.86,255.58,51.71,87.86,103.52,4243.250000000001,-0.5997474033440786
2023-08-29,8,29,2023,2466.83,67.86,57.68,64.09,33.24,381.68,339.51,882.52,138.71,106.78,165.83,85.95,156.64,29.13,110.31,52.98,189.34,275.25,206.96,327.12,167.77,263.81,49.3,81.32,104.72,4338.5,-0.7587348945813048
2023-08-01,8,1,2023,2950.08,92.12,46.6,52.93,38.62,452.31,260.21,943.79,169.05,119.21,181.94,106.7,166.3,35.79,112.34,40.19,202.98,347.66,188.58,333.83,155.11,243.76,48.09,110.11,109.28,4557.5,-0.5448733593665257
2023-04-01,4,1,2023,3433.77,85.55,49.7,49.71,33.85,450.28,301.04,676.5,140.86,108.46,214.53,87.14,178.05,24.93,103.87,58.88,221.02,255.69,227.85,342.73,140.89,305.55,41.41,97.72,111.63,4307.84,-0.25455112019733417
2023-09-02,9,2,2023,3559.98,76.49,49.8,56.98,39.75,345.58,271.0,932.4,141.84,100.83,225.46,119.07,172.6,29.23,80.56,51.71,177.3,359.65,182.61,402.2,163.98,336.32,49.44,88.73,114.01,4567.539999999999,-0.28302406193293195
2023-02-27,2,27,2023,2822.02,84.3,43.65,57.34,40.36,381.21,302.12,813.47,121.33,103.55,193.37,89.54,121.51,26.24,85.72,59.98,161.08,264.21,192.73,450.27,136.85,344.85,52.38,102.41,89.39,4317.86,-0.5300600279232606
2023-04-24,4,24,2023,2943.12,66.78,42.84,50.68,44.87,366.19,338.88,799.62,154.12,103.15,210.47,107.41,179.36,32.44,104.88,57.48,186.22,258.94,225.86,438.63,127.56,269.57,54.58,89.86,95.81,4406.2,-0.49711870396042296
2023-10-21,10,21,2023,3446.58,80.34,42.83,55.43,42.86,347.82,349.99,667.35,179.53,113.16,208.94,84.19,174.6,29.0,83.01,50.02,207.16,300.74,220.09,415.97,153.68,247.49,40.39,88.31,95.76,4278.660000000001,-0.24142193130581646
2023-04-01,4,1,2023,2925.11,95.85,55.55,55.9,34.03,397.42,312.28,683.55,149.31,111.89,215.16,108.43,149.06,26.22,85.91,56.01,239.73,268.57,185.61,444.34,143.54,343.81,43.75,114.95,102.67,4423.54,-0.5122644960360464
2023-08-15,8,15,2023,2704.32,67.09,54.09,57.47,45.04,478.19,333.76,775.07,152.8,86.94,236.73,113.33,167.0,34.54,88.99,51.62,194.09,326.59,235.95,472.06,169.68,278.84,42.98,103.0,95.8,4661.65,-0.7237789906519936
2023-06-06,6,6,2023,3488.11,79.32,59.52,50.24,33.37,466.01,256.15,641.22,129.3,109.47,169.49,108.39,152.24,35.68,93.18,47.3,164.34,289.29,177.38,412.85,159.86,301.03,59.94,111.51,118.8,4225.88,-0.21150995811485301
2023-08-23,8,23,2023,3458.69,91.84,52.98,56.66,41.92,470.24,309.66,941.29,155.82,119.93,193.0,97.71,123.69,26.21,87.89,45.49,184.51,325.11,223.44,375.59,126.25,274.72,49.01,80.18,90.76,4543.900000000001,-0.31376330344725906
2023-12-15,12,15,2023,2702.33,68.96,52.14,68.44,34.49,351.61,299.69,790.2,136.29,116.03,171.83,85.81,171.47,32.16,85.25,52.91,224.81,335.28,227.31,350.69,150.79,320.18,57.48,107.3,81.13,4372.249999999999,-0.617955616079457
2023-04-30,4,30,2023,2708.85,70.53,49.07,50.42,42.59,414.55,283.84,715.65,153.57,80.59,218.84,89.41,148.44,24.29,92.56,54.72,185.81,355.83,185.43,388.24,132.11,320.65,45.9,89.01,107.87,4299.919999999999,-0.5873599497941928
2023-02-09,2,9,2023,3126.53,94.84,59.33,69.45,38.09,468.76,263.47,751.44,146.77,83.4,188.68,90.42,179.46,26.92,105.56,50.12,231.96,278.84,168.62,448.13,152.67,355.67,53.79,85.88,95.92,4488.1900000000005,-0.4355179704016914
2023-10-04,10,4,2023,2559.54,94.29,51.84,65.42,37.46,408.17,244.99,937.36,175.87,93.86,169.48,102.27,154.37,32.24,84.0,51.28,211.55,356.62,194.18,348.16,176.49,311.63,43.91,116.81,92.89,4555.14,-0.7796713471951993
2023-08-03,8,3,2023,2806.45,70.41,58.41,71.19,33.78,355.69,295.91,733.05,143.16,97.24,194.35,80.43,136.36,26.72,107.28,49.68,213.46,323.32,178.95,395.14,127.62,324.1,49.68,96.7,110.12,4272.749999999999,-0.5224750129166739
2023-07-11,7,11,2023,3555.91,89.75,43.48,58.88,40.46,442.54,276.31,640.13,161.25,104.87,196.08,119.49,145.57,35.83,114.16,45.46,204.37,260.36,175.63,418.54,178.66,317.38,57.78,102.08,115.41,4344.469999999999,-0.2217603932607967
2023-08-20,8,20,2023,2776.23,86.06,51.16,64.57,39.86,361.36,346.64,922.72,156.45,85.75,189.09,89.87,127.24,35.69,93.05,40.02,191.29,252.34,168.98,432.96,152.49,327.98,58.61,81.95,104.12,4460.249999999999,-0.6065851892674595
2023-08-27,8,27,2023,2550.84,76.12,46.73,56.3,38.69,414.23,246.89,734.17,135.48,94.23,212.81,82.47,141.16,26.36,107.09,41.12,200.76,317.56,172.84,440.92,131.16,253.91,44.2,104.71,119.67,4239.579999999999,-0.6620328989666144
2023-09-06,9,6,2023,3014.09,92.61,57.19,52.86,37.74,431.88,320.54,837.63,126.48,104.26,230.56,98.65,134.83,28.34,117.25,54.07,212.6,257.76,186.73,423.54,179.3,267.19,53.85,87.85,96.21,4489.920000000001,-0.4896436403690669
2023-09-15,9,15,2023,2996.79,66.46,56.25,71.16,39.0,457.79,355.82,749.6,165.44,93.88,175.62,90.77,142.16,24.57,106.62,50.43,186.95,333.41,170.28,362.19,144.78,333.82,41.22,102.95,98.47,4419.64,-0.47479136008862827
2023-03-19,3,19,2023,3024.61,74.41,52.56,50.91,41.29,432.13,332.25,735.74,133.16,92.49,205.28,84.75,129.53,24.85,90.1,54.44,238.3,243.98,192.11,454.82,128.82,349.17,51.0,118.08,99.78,4409.950000000001,-0.45802268722248507
2023-01-17,1,17,2023,2771.09,94.35,47.4,65.87,43.07,421.86,295.83,937.13,121.18,94.73,233.67,97.24,176.04,33.6,89.26,59.29,223.15,319.07,195.33,449.91,149.31,249.23,52.9,103.31,95.81,4648.54,-0.677513180733935
2023-12-02,12,2,2023,2824.36,90.14,58.2,62.92,36.53,398.03,339.19,949.21,136.83,112.19,168.2,109.06,136.32,32.55,82.5,41.0,172.24,258.19,164.21,342.97,139.06,330.85,44.21,81.14,87.17,4372.910000000001,-0.5482835049356316
2023-12-19,12,19,2023,2827.08,66.05,54.72,55.29,36.11,427.91,341.5,696.48,154.33,108.33,239.94,92.88,134.44,30.05,107.77,40.56,209.06,349.83,187.59,432.36,137.58,285.21,50.88,91.34,112.99,4443.2,-0.5716569746876635
2023-04-29,4,29,2023,2634.7,90.35,44.91,69.57,42.15,407.05,276.9,873.7,144.86,82.65,233.51,88.29,137.46,26.4,82.12,42.76,167.14,244.94,193.78,327.85,159.71,334.78,53.23,109.57,112.18,4345.860000000001,-0.6494705279538471
2023-01-22,1,22,2023,2641.62,84.44,51.32,68.99,36.65,469.22,355.82,858.51,164.36,105.01,175.56,91.39,161.24,26.8,110.04,52.61,236.57,324.43,233.33,392.62,152.82,338.14,56.64,83.99,114.03,4744.530000000001,-0.7960683217116773
2023-03-23,3,23,2023,2510.43,76.25,40.34,58.41,35.01,346.39,266.37,808.99,142.57,119.66,213.26,84.54,125.1,33.67,81.09,56.05,234.32,258.51,229.61,466.94,153.43,346.48,59.94,107.2,116.39,4460.52,-0.7767952103822854
2023-12-12,12,12,2023,2568.52,90.88,55.86,58.79,46.12,358.36,282.92,739.07,159.56,116.14,208.46,107.26,140.92,34.92,98.05,43.7,191.26,311.02,205.25,382.74,138.37,242.0,43.14,100.09,90.5,4245.38,-0.6528506688676748
2023-11-15,11,15,2023,2572.67,71.22,49.5,56.28,33.2,371.32,312.86,832.48,121.41,87.65,213.99,110.68,128.31,34.74,104.63,52.3,178.84,354.09,222.58,460.41,125.38,285.95,54.36,89.06,88.52,4439.760000000001,-0.7257401843221248
2023-09-24,9,24,2023,2621.17,76.29,59.73,67.68,47.17,367.28,320.38,914.91,161.54,103.06,191.3,104.63,162.26,26.83,102.29,50.96,217.96,328.69,162.18,320.26,175.37,357.84,53.99,116.14,116.99,4605.7300000000005,-0.7571275422807373
2023-12-15,12,15,2023,2836.97,73.92,55.48,61.21,36.96,415.14,240.47,726.73,141.99,111.94,225.89,101.97,178.23,24.17,87.55,42.69,168.21,318.21,196.5,418.45,123.28,281.33,45.02,115.88,103.88,4295.1,-0.5139744163667578
2023-09-29,9,29,2023,2689.32,66.38,59.22,53.01,32.1,363.89,326.77,713.46,149.21,100.33,165.41,119.49,174.55,34.58,98.16,51.91,225.4,293.77,239.48,461.54,126.87,291.76,49.27,105.74,99.75,4402.05,-0.6368635937709161
2023-11-07,11,7,2023,2911.62,93.66,53.1,53.08,43.23,447.48,259.0,673.11,143.23,97.48,202.6,104.45,127.08,25.97,91.43,43.21,228.26,265.69,189.15,462.49,140.86,261.25,52.45,94.7,95.91,4248.869999999999,-0.4592804006017266
2023-06-29,6,29,2023,2877.31,66.05,59.09,62.35,43.61,455.2,243.95,926.78,154.01,114.99,166.01,91.94,141.87,26.5,97.56,56.92,220.42,331.3,232.57,476.65,130.52,355.36,58.7,110.79,94.16,4717.3,-0.6394827112824132
2023-08-08,8,8,2023,3491.7,95.84,48.74,62.01,46.38,371.72,299.6,871.33,139.29,102.43,228.93,117.64,123.14,29.57,109.19,51.62,233.87,343.72,165.33,379.85,158.47,277.56,42.75,119.91,93.26,4512.15,-0.2922501933155769
2023-09-15,9,15,2023,2947.64,73.93,43.31,54.3,47.32,399.92,282.85,911.38,152.73,111.41,183.95,95.9,170.36,32.31,105.12,44.41,216.33,338.27,174.68,379.4,162.96,252.27,42.84,98.59,80.0,4454.54,-0.5112225373519155
2023-11-19,11,19,2023,3167.06,64.88,52.29,52.33,34.8,349.51,333.05,711.75,120.75,103.23,213.76,91.27,162.0,28.59,119.49,56.84,231.84,285.36,185.93,435.03,173.21,275.24,49.28,103.6,98.85,4332.88,-0.36810796132690893
2023-02-16,2,16,2023,2778.14,67.12,53.46,70.75,36.41,440.61,307.24,716.93,179.09,92.53,231.81,119.6,133.62,30.0,106.43,51.41,210.19,312.35,209.13,440.37,146.0,281.69,58.88,116.89,105.81,4518.32,-0.6263831196411987
2023-11-04,11,4,2023,3254.77,68.58,51.0,59.36,42.87,332.67,358.97,822.83,122.65,101.93,199.72,92.08,154.51,26.99,82.53,41.59,231.49,290.79,176.8,456.1,153.87,313.22,41.93,114.81,92.58,4429.870000000001,-0.3610393361128439
2023-01-02,1,2,2023,2738.2,95.85,46.44,66.05,42.16,336.32,318.53,927.96,177.73,82.46,227.75,94.49,149.45,33.32,88.32,58.22,239.37,282.91,218.83,346.88,120.99,275.96,40.33,100.36,91.78,4462.459999999998,-0.6297056460448465
2023-02-15,2,15,2023,3451.7,69.98,52.54,70.78,37.13,411.24,339.98,815.1,130.44,93.16,216.49,92.43,140.08,34.64,104.25,51.48,196.64,340.19,220.73,477.02,178.94,342.58,56.57,103.17,95.16,4670.719999999999,-0.3531651070487005
2023-01-16,1,16,2023,3584.34,85.82,41.85,64.09,41.39,338.04,331.25,901.21,130.31,101.68,223.05,102.26,142.79,31.21,119.13,55.7,207.04,283.74,237.55,397.5,164.22,323.18,51.66,113.86,115.45,4603.98,-0.284470781231691
2023-08-01,8,1,2023,3118.86,85.0,56.41,57.33,42.77,462.58,311.76,779.19,121.25,100.95,174.25,96.99,121.17,26.04,89.01,56.29,212.64,243.26,209.91,458.88,141.93,310.36,55.55,103.34,93.37,4410.23,-0.414051929230552
2023-08-29,8,29,2023,2646.59,72.35,45.23,52.67,37.54,421.56,290.77,705.45,141.51,114.66,215.6,90.74,161.56,26.91,101.62,49.47,216.54,299.76,160.22,409.79,125.31,334.01,53.77,108.2,83.5,4318.74,-0.631813012215719
2023-04-29,4,29,2023,2680.38,79.14,46.52,64.04,34.56,352.33,271.91,693.26,124.89,116.21,161.0,98.61,165.51,25.18,99.59,49.7,208.14,268.8,219.65,397.65,168.78,317.51,56.83,108.99,87.68,4216.4800000000005,-0.5730903827069297
2023-03-30,3,30,2023,2607.21,65.62,50.15,51.4,46.07,368.84,302.29,850.82,162.98,114.46,168.98,99.63,166.58,33.34,83.92,57.61,206.89,297.1,224.25,325.5,137.45,256.95,57.41,119.67,103.65,4351.5599999999995,-0.6690485231339246
2023-01-08,1,8,2023,3243.96,91.7,43.73,55.07,34.13,442.38,299.83,866.08,152.35,111.25,226.33,119.38,171.11,33.42,89.54,49.84,182.06,270.89,177.93,462.35,123.56,280.97,53.35,102.96,93.28,4533.49,-0.39751723202505573
2023-11-24,11,24,2023,2509.06,71.14,44.92,56.34,33.84,385.36,259.6,691.92,124.9,115.14,228.53,104.53,175.65,29.84,96.74,47.36,183.02,261.08,167.39,472.49,120.52,246.43,43.28,100.57,117.8,4178.39,-0.6653208771412403
2023-03-09,3,9,2023,2721.39,78.63,55.5,57.06,36.55,421.87,280.54,901.5,143.33,113.13,170.23,110.25,134.71,32.68,81.75,57.07,168.39,272.5,233.92,380.32,175.14,357.46,57.64,103.2,81.08,4504.45,-0.6552019372453048
2023-03-09,3,9,2023,3383.82,66.64,56.51,54.85,47.05,468.86,270.79,726.9,174.69,103.36,218.82,97.57,141.11,29.59,85.87,57.99,164.41,298.74,222.95,369.06,127.53,252.93,56.73,96.48,102.76,4292.19,-0.2684451300601094
2023-10-28,10,28,2023,2402.27,72.41,47.69,50.42,36.54,361.38,290.48,896.31,149.1,100.67,223.86,109.57,129.6,25.62,115.5,55.12,202.73,335.67,183.84,370.88,121.03,307.23,44.59,81.0,89.53,4400.77,-0.831921474272251
2023-02-12,2,12,2023,2970.79,81.86,43.11,53.7,41.54,355.81,292.42,835.0,176.91,93.61,202.15,104.61,149.26,29.8,119.98,54.97,239.72,328.54,239.89,360.22,129.1,270.89,43.28,92.69,110.5,4449.5599999999995,-0.49776995344672614
2023-01-01,1,1,2023,3259.89,91.26,53.55,54.6,33.57,366.08,256.49,713.47,171.9,98.21,171.7,97.78,174.84,31.19,93.82,56.46,163.94,320.97,228.47,357.79,134.08,350.04,52.08,106.56,102.22,4281.070000000001,-0.3132559687596823
2023-09-08,9,8,2023,3525.61,70.71,59.12,51.82,47.88,404.96,349.93,700.54,158.41,94.63,214.59,101.84,167.12,26.15,96.6,44.53,235.8,303.29,182.49,478.05,165.95,345.48,54.55,102.27,93.87,4550.580000000002,-0.2907213219839975
2023-09-17,9,17,2023,3076.71,86.05,50.32,65.04,33.49,339.59,251.97,945.36,157.22,87.25,169.61,112.72,162.65,26.82,85.4,52.85,192.94,262.76,212.64,414.12,159.35,357.84,46.79,112.43,87.82,4473.03,-0.45383542810339605
2023-05-26,5,26,2023,3076.61,78.52,41.98,62.3,34.04,322.01,246.06,936.19,153.91,117.74,174.82,85.93,166.51,33.94,118.85,56.73,162.55,242.93,211.62,428.91,177.95,295.15,42.23,87.71,85.35,4363.929999999999,-0.41842157439519445
2023-11-28,11,28,2023,2672.9,85.05,53.11,63.96,44.24,347.31,270.54,800.87,170.34,109.47,233.82,84.75,128.12,34.93,86.68,49.92,224.89,353.09,194.53,416.02,124.69,257.58,57.03,102.76,100.12,4393.82,-0.6438400239440306
2023-12-04,12,4,2023,2614.99,88.49,59.93,54.98,41.98,348.24,244.48,762.85,154.97,112.59,188.45,112.64,152.43,25.02,117.36,51.31,199.44,309.15,168.54,384.91,171.27,246.76,42.13,101.39,82.11,4221.42,-0.6143159247262897
2023-05-22,5,22,2023,2756.11,64.67,42.88,58.5,32.95,426.46,255.17,671.14,128.26,113.74,189.43,80.98,122.02,26.59,114.41,55.01,187.91,343.31,179.13,444.6,179.15,359.25,44.74,90.81,111.92,4323.030000000001,-0.5685259296617335
2023-11-24,11,24,2023,3380.45,66.91,53.86,54.47,46.56,400.47,343.89,712.6,122.85,87.05,173.92,112.2,152.16,26.3,87.75,57.07,237.77,279.62,169.06,342.3,159.83,352.11,54.88,88.22,110.18,4292.030000000001,-0.26966232306349774
2023-02-14,2,14,2023,2463.26,76.18,44.65,48.59,32.59,445.17,320.81,818.24,175.96,107.06,172.81,119.84,154.55,27.91,113.95,56.03,186.93,338.02,216.31,364.57,142.56,337.41,48.65,83.69,94.82,4527.299999999999,-0.8379302225506032
2023-11-01,11,1,2023,3542.6,65.71,47.7,53.41,47.98,468.07,346.72,690.74,175.88,97.64,239.05,90.23,145.45,34.4,109.81,42.51,192.75,323.75,191.19,398.88,158.64,310.56,45.55,94.23,110.06,4480.910000000001,-0.26486478857336443
2023-03-27,3,27,2023,3307.35,73.42,55.14,64.61,37.76,445.08,271.29,956.02,141.97,104.17,202.59,95.02,133.76,25.0,113.68,59.2,234.16,244.8,211.74,366.41,165.04,301.39,49.72,117.82,82.76,4552.55,-0.37649477678503945
2023-08-08,8,8,2023,2455.66,75.14,56.92,53.63,46.15,416.48,262.22,669.42,166.33,105.57,235.87,92.72,168.71,27.06,83.74,40.46,219.31,265.64,211.15,417.77,167.34,324.45,48.32,101.92,101.25,4357.57,-0.7745005416059226
2023-09-20,9,20,2023,2689.15,80.87,54.97,69.42,47.78,423.18,353.95,776.69,139.24,105.35,195.87,110.62,146.94,30.78,110.45,49.66,170.64,328.04,233.76,421.13,158.88,246.94,55.37,92.13,95.38,4498.04,-0.672662365431456
2023-03-27,3,27,2023,3356.72,74.45,50.3,62.04,39.92,427.5,279.34,898.18,173.39,98.12,228.95,114.96,174.44,29.77,87.25,46.35,164.54,301.39,186.68,320.91,171.51,355.61,50.45,111.11,115.45,4562.609999999998,-0.35924652637098065
2023-05-14,5,14,2023,2847.76,67.44,59.08,62.46,35.56,464.9,259.05,730.69,148.94,105.83,211.4,104.68,129.26,28.03,88.65,57.99,161.62,241.01,171.75,447.49,177.68,284.18,52.25,95.43,92.73,4278.099999999999,-0.5022684495884482
2023-10-14,10,14,2023,3416.71,75.23,41.11,52.89,34.9,410.03,269.48,664.42,161.04,80.81,183.08,112.28,136.42,35.58,104.87,49.65,216.8,339.75,212.52,331.36,123.44,291.28,46.56,118.12,95.5,4187.120000000001,-0.22548299387422427
2023-04-24,4,24,2023,2584.43,87.36,55.46,60.58,41.46,326.37,355.23,785.94,169.95,115.39,220.03,117.98,149.07,31.43,84.05,45.29,226.68,310.93,204.15,396.17,161.88,297.1,59.42,84.22,96.65,4482.790000000001,-0.7345372093653151
2023-10-20,10,20,2023,3353.59,78.32,52.19,59.77,38.62,327.57,245.18,950.23,158.24,116.48,225.19,98.83,123.09,31.13,98.48,41.26,177.23,284.45,214.05,445.2,142.88,343.99,50.88,95.12,80.13,4478.51,-0.33543754603275894
2023-06-23,6,23,2023,3343.73,89.94,40.82,59.99,45.27,336.04,350.31,880.09,127.94,84.67,216.18,102.38,133.09,35.75,104.56,46.37,227.59,244.29,233.82,453.16,165.68,347.18,58.17,109.36,102.65,4595.299999999999,-0.37430354723617015
2023-05-18,5,18,2023,3271.54,67.58,55.66,69.98,38.98,402.91,297.22,660.73,170.33,84.4,209.11,83.17,167.49,35.28,119.69,44.59,174.36,257.98,172.14,337.93,142.87,332.76,58.24,116.68,117.48,4217.56,-0.2891665698722927
2023-09-17,9,17,2023,3157.35,67.89,48.92,50.61,46.37,397.55,344.12,689.9,139.61,114.15,222.94,103.8,138.97,24.43,86.28,45.51,219.11,348.13,166.69,402.92,177.86,257.03,46.51,111.98,105.46,4356.740000000001,-0.37987236131566054
2023-01-26,1,26,2023,2797.6,78.93,46.91,68.09,37.26,477.26,260.48,685.33,135.11,110.69,193.51,89.8,142.49,26.73,106.38,52.59,183.0,293.12,235.44,455.02,177.7,258.44,43.09,96.02,107.61,4361.000000000001,-0.5588361452673725
2023-11-12,11,12,2023,3362.38,68.17,44.7,66.68,38.65,388.05,327.84,901.32,136.8,100.72,173.38,100.41,149.35,24.13,116.48,52.3,163.51,340.09,183.94,389.18,121.88,309.43,47.73,95.66,97.96,4438.36,-0.32000547231425347
2023-08-12,8,12,2023,2609.56,76.11,52.66,70.74,43.34,455.84,353.46,739.8,156.6,82.8,238.46,81.66,167.52,29.91,119.36,45.96,239.81,279.32,180.56,452.87,139.24,300.26,45.29,92.19,96.28,4540.039999999999,-0.739772222137065
2023-08-28,8,28,2023,2954.18,94.29,44.9,67.57,42.13,337.8,263.7,693.54,150.12,103.28,210.85,86.98,174.54,29.57,88.6,58.75,222.15,336.7,221.4,388.2,139.22,330.74,50.69,91.58,99.98,4327.279999999999,-0.4647990305262371
2023-06-06,6,6,2023,3322.18,88.65,45.79,58.28,36.89,420.48,317.72,700.51,163.77,108.8,172.43,84.01,138.02,28.62,93.05,57.02,237.2,275.27,231.93,352.2,179.4,260.66,59.57,85.46,89.95,4285.679999999999,-0.29002040828612524
2023-06-20,6,20,2023,3267.89,70.99,47.75,60.35,34.59,341.2,331.36,831.57,164.06,96.62,189.19,99.37,142.12,31.26,105.38,53.29,237.86,357.33,227.3,418.36,120.04,264.22,56.19,98.67,95.87,4474.94,-0.3693667779515222
2023-11-10,11,10,2023,2493.59,75.69,49.14,71.3,33.59,369.71,250.7,936.12,141.37,110.88,168.64,95.22,129.23,24.83,89.73,45.47,203.91,253.58,203.63,460.05,175.17,280.55,51.54,82.57,88.08,4390.699999999999,-0.760794677553246
2023-11-04,11,4,2023,2938.19,84.4,40.45,69.29,45.12,416.88,334.27,683.87,172.31,94.83,163.08,117.54,153.4,25.11,81.22,51.56,181.18,266.52,162.84,393.51,133.52,330.0,53.55,93.44,102.63,4250.52,-0.446645724068219
2023-03-16,3,16,2023,2935.76,77.22,43.77,48.2,42.13,347.7,343.62,938.96,172.28,112.39,193.37,89.05,158.48,25.05,89.86,54.93,196.7,267.44,207.74,458.33,172.79,297.09,41.57,84.35,114.02,4577.040000000001,-0.5590647736872225
2023-04-06,4,6,2023,2918.25,92.65,42.68,53.3,44.71,427.24,336.1,873.77,173.32,91.25,175.9,109.35,170.02,32.73,114.88,41.26,199.78,325.04,170.75,406.43,155.7,277.56,46.21,82.04,101.29,4543.96,-0.5570838687569605
2023-12-03,12,3,2023,2969.49,71.88,55.81,55.03,46.03,341.37,301.0,828.62,168.07,86.48,184.41,112.67,147.49,30.77,117.7,50.86,174.97,335.71,187.19,430.71,121.58,318.15,45.59,84.88,80.38,4377.349999999999,-0.4741083485716402
2023-06-03,6,3,2023,3163.41,83.55,42.37,66.27,45.39,391.28,278.61,729.52,132.52,109.56,211.91,108.85,146.41,31.44,95.21,58.67,238.12,291.73,174.14,445.59,134.21,280.61,44.82,117.18,113.4,4371.36,-0.38185059793071396
2023-01-17,1,17,2023,3295.27,84.12,42.56,56.31,37.62,351.25,280.16,850.81,171.98,94.77,215.46,98.18,169.34,32.02,88.73,43.51,188.7,277.37,202.47,454.44,168.4,254.76,60.0,109.52,84.68,4417.160000000001,-0.34045465166739014
2023-08-16,8,16,2023,2821.27,79.7,53.34,56.76,35.14,342.73,275.28,820.2,130.58,93.48,187.18,103.17,138.69,30.64,115.44,49.51,196.61,248.21,185.89,429.46,156.51,281.82,53.93,100.54,103.38,4268.1900000000005,-0.5128612291627531
2023-01-29,1,29,2023,3496.78,89.07,45.57,69.52,44.42,347.86,291.99,870.91,149.03,104.44,222.88,87.96,166.72,34.27,97.22,55.34,160.02,311.94,171.3,407.9,159.66,319.35,54.07,102.33,86.13,4449.9,-0.2725707651038954
2023-12-22,12,22,2023,2966.54,74.58,46.29,57.53,39.04,341.88,323.16,780.67,176.64,117.79,162.89,95.35,156.96,25.25,117.33,42.57,218.63,277.65,228.42,383.33,139.78,343.35,45.83,96.81,112.86,4404.59,-0.48475665253123174
2023-05-02,5,2,2023,2646.55,88.51,41.68,55.68,44.11,433.2,278.13,948.58,130.21,109.94,170.01,100.72,143.59,32.32,111.4,54.32,220.02,289.06,173.58,429.56,164.38,305.98,57.34,85.78,106.37,4574.47,-0.7284653605637528
2023-08-07,8,7,2023,3382.98,76.77,43.99,69.48,45.38,437.55,268.85,838.44,177.29,83.14,213.61,100.45,160.9,35.44,92.32,57.4,162.37,295.7,183.38,373.91,160.53,347.69,49.01,99.55,116.81,4489.960000000001,-0.3272203796652658
2023-03-04,3,4,2023,3177.9,73.39,48.4,68.18,45.2,375.41,252.03,707.19,144.08,88.03,174.0,94.68,171.56,35.42,89.69,48.67,163.18,294.81,188.25,430.0,168.82,288.46,41.12,119.99,87.47,4198.030000000001,-0.32100758362440623
2023-06-22,6,22,2023,2427.87,87.01,47.64,58.24,46.98,412.09,320.85,646.17,176.19,108.47,194.12,117.94,145.25,31.4,94.9,57.19,218.82,256.31,221.06,360.74,136.27,252.88,54.18,82.56,106.9,4234.160000000001,-0.7439813499075325
2023-01-08,1,8,2023,3209.25,90.81,43.91,58.46,36.54,455.01,278.2,892.02,143.27,80.28,230.55,102.09,161.18,24.09,100.55,42.11,210.57,303.74,204.11,414.79,162.66,309.81,52.82,99.07,102.66,4599.3,-0.43313858378125736
2023-09-17,9,17,2023,3110.9,89.82,51.18,68.54,47.26,405.49,345.03,681.14,144.8,80.11,227.81,118.2,147.92,28.34,96.84,40.16,200.91,355.83,194.48,390.33,170.53,329.93,42.52,85.25,103.88,4446.3,-0.42926484297148737
2023-02-14,2,14,2023,2800.55,85.96,52.29,52.03,33.72,447.36,340.06,919.14,140.22,109.98,199.0,99.57,124.66,25.0,104.57,56.08,232.07,308.32,169.26,372.18,162.79,335.17,49.78,118.01,112.0,4649.219999999999,-0.6601096213243823
2023-06-26,6,26,2023,2811.22,71.91,49.84,63.82,33.0,457.82,345.38,742.56,165.21,96.95,221.92,84.41,132.87,25.32,86.78,41.91,186.38,304.18,175.54,347.54,125.58,328.57,58.9,91.49,89.37,4327.249999999999,-0.5392783204445043
2023-06-20,6,20,2023,2428.19,70.45,48.05,65.13,36.98,414.84,341.47,947.59,146.46,97.83,211.66,91.83,161.99,27.65,90.12,42.85,201.22,346.66,239.52,354.83,178.84,319.14,42.11,85.08,93.2,4655.499999999999,-0.9172717126748726
2023-06-16,6,16,2023,3012.12,94.06,59.17,54.71,32.64,444.64,246.97,886.25,140.43,88.32,221.13,95.17,123.23,32.46,96.63,53.87,209.57,350.37,215.18,355.06,149.42,271.98,49.59,99.68,89.14,4459.670000000001,-0.4805751430885892
2023-02-14,2,14,2023,2598.41,87.82,52.82,60.45,43.14,464.25,316.81,724.36,169.87,81.02,189.49,98.35,173.84,31.33,109.0,59.49,235.54,290.59,190.6,387.49,129.42,325.57,40.85,96.84,99.95,4458.889999999999,-0.7160070966475651
2023-01-26,1,26,2023,3440.41,92.54,44.66,71.5,39.05,428.82,294.5,739.65,125.7,114.49,231.68,107.35,135.12,31.02,116.08,54.99,220.95,302.37,238.9,328.8,120.73,320.55,58.29,81.41,109.43,4408.579999999999,-0.2814112271502522
2023-06-21,6,21,2023,3284.47,80.36,49.55,64.42,46.71,397.7,322.5,934.7,168.93,116.61,176.89,106.57,146.23,28.73,116.05,54.05,167.72,353.54,234.57,395.98,167.44,299.81,58.12,104.89,101.04,4693.110000000001,-0.42887893632762697
2023-09-20,9,20,2023,3585.65,75.19,50.01,64.91,39.87,437.19,282.66,864.18,148.63,83.96,229.9,83.46,175.04,31.22,91.75,41.34,229.4,246.5,190.05,433.36,176.4,335.99,52.77,102.84,94.17,4560.790000000001,-0.27195627013233326
2023-01-11,1,11,2023,3046.69,84.78,57.11,66.75,46.59,471.72,331.43,854.6,177.73,95.7,228.53,101.68,159.62,31.28,101.01,42.92,161.67,262.47,190.82,449.64,123.63,267.4,40.99,92.67,85.59,4526.33,-0.4856549238681979
2023-02-18,2,18,2023,2515.97,88.16,40.79,58.63,38.51,455.02,359.81,711.35,140.24,113.57,182.58,94.94,146.23,26.98,119.58,55.06,193.41,322.72,239.51,406.39,167.19,353.03,53.59,86.58,108.74,4562.61,-0.8134596199477736
2023-09-02,9,2,2023,2464.48,88.73,44.12,70.97,40.68,383.75,257.22,880.34,146.92,99.64,172.19,117.99,176.4,26.35,92.0,46.42,220.05,359.16,217.7,477.94,127.23,328.92,58.69,116.65,105.08,4655.1399999999985,-0.8888933973901182
2023-12-17,12,17,2023,3455.28,81.87,56.7,61.83,41.38,458.58,269.4,937.52,130.7,119.39,164.04,100.79,139.91,35.07,92.47,59.45,162.36,261.04,168.32,428.39,121.92,288.53,45.03,115.38,111.93,4452.0,-0.28846287420990474
2023-05-08,5,8,2023,2661.27,70.55,56.34,51.58,33.0,461.51,292.78,896.6,154.34,99.29,226.11,86.5,124.49,29.76,115.29,52.11,234.16,337.75,218.17,367.09,128.47,353.57,52.19,83.94,112.63,4638.219999999999,-0.7428596121400682
2023-09-11,9,11,2023,2562.94,92.55,50.84,51.2,43.34,462.94,348.35,885.32,179.07,109.28,199.23,102.7,134.16,26.7,90.95,41.21,229.31,352.05,206.94,450.64,157.34,290.37,52.88,105.33,83.68,4746.38,-0.85192786409358
2023-07-22,7,22,2023,2870.6,79.41,45.53,59.62,47.83,370.63,322.81,928.56,146.01,100.3,173.03,110.81,170.86,29.3,94.88,55.02,197.0,321.13,237.78,339.68,123.95,310.89,59.35,114.17,106.23,4544.780000000001,-0.5832160523932282
2023-11-06,11,6,2023,3345.28,79.76,54.43,59.48,42.65,440.34,298.73,643.62,127.62,105.87,206.19,96.96,129.65,27.32,93.47,48.85,239.23,274.83,175.68,431.9,120.64,312.77,49.94,105.49,81.6,4247.02,-0.26955591161277986
2023-05-27,5,27,2023,2908.36,94.45,56.67,55.38,41.55,425.39,342.64,772.68,158.73,112.95,184.32,106.05,149.19,27.26,108.41,53.98,160.62,326.6,171.3,380.49,171.54,288.32,49.42,105.93,88.28,4432.150000000001,-0.5239344510308216
2023-07-07,7,7,2023,2846.59,95.63,55.85,60.75,44.58,365.91,298.09,861.97,143.19,92.97,160.34,85.73,164.83,29.02,88.2,58.22,168.93,255.48,173.86,476.55,142.24,271.04,42.76,96.86,92.24,4325.24,-0.5194460740745943
2023-05-03,5,3,2023,3230.66,75.95,55.21,61.73,45.41,370.43,356.12,847.0,146.61,83.92,221.61,86.03,177.43,29.06,85.82,53.15,199.3,291.42,176.11,408.87,168.33,356.01,41.19,118.47,82.43,4537.610000000001,-0.4045458203586886
2023-03-15,3,15,2023,2706.08,80.82,56.91,60.68,44.13,363.65,315.48,849.68,134.36,104.12,191.13,99.13,134.68,34.48,111.26,52.79,220.47,313.54,176.25,400.88,163.47,303.24,56.38,102.16,88.41,4458.099999999999,-0.6474383610240642
2023-07-24,7,24,2023,3026.4,89.31,42.99,60.31,47.35,353.66,344.47,778.78,152.31,116.44,190.31,87.22,128.52,27.99,99.65,56.56,208.26,325.3,209.26,396.79,178.5,267.94,52.64,85.32,103.19,4403.069999999999,-0.45488699444884967
2023-09-25,9,25,2023,2430.08,94.14,45.11,69.95,38.46,426.7,351.55,937.33,130.59,116.35,222.4,108.99,123.45,28.74,86.16,54.39,192.67,315.74,174.81,334.11,123.39,288.5,49.14,119.24,112.26,4544.169999999999,-0.8699672438767445
2023-10-03,10,3,2023,3424.05,94.78,53.41,53.49,41.63,332.04,359.5,954.65,122.72,106.08,195.03,116.3,150.08,33.45,115.79,44.55,162.64,265.86,198.87,326.86,145.47,356.95,42.81,84.69,108.37,4466.02,-0.3043092244564186
2023-05-04,5,4,2023,2581.71,95.49,53.86,59.95,38.23,337.39,304.39,889.58,126.66,101.46,192.71,95.74,132.69,30.96,80.86,44.76,189.15,296.71,181.15,384.47,132.23,306.09,49.52,85.9,95.87,4305.82,-0.6678170669827361
2023-12-25,12,25,2023,3028.08,65.1,49.3,61.27,42.83,367.85,267.19,847.47,161.67,100.99,229.85,80.33,154.74,33.74,116.52,48.57,231.95,351.94,205.48,445.46,178.56,317.38,57.53,92.52,80.66,4588.9,-0.5154487331906686
2023-06-17,6,17,2023,2477.76,72.55,40.57,60.08,39.47,355.76,326.5,796.09,136.39,113.45,236.1,92.86,179.48,34.09,104.74,47.84,217.27,298.48,217.73,411.82,158.16,294.78,42.99,85.66,97.17,4460.03,-0.8000250226010588
2023-07-13,7,13,2023,3276.55,66.71,59.8,70.42,35.79,325.46,257.73,643.55,147.61,94.53,164.79,113.87,170.54,33.66,119.34,52.23,221.12,323.14,215.5,358.92,152.25,244.64,46.38,90.09,89.61,4097.68,-0.2506081091391861
2023-10-11,10,11,2023,2852.81,83.02,40.2,70.34,40.25,459.64,258.59,946.1,122.25,93.68,160.51,81.01,156.71,33.24,104.71,41.62,187.84,303.57,234.19,468.47,133.14,310.25,53.23,114.6,114.67,4611.83,-0.6165920618618135
2023-05-12,5,12,2023,2782.58,94.2,46.77,53.09,34.03,368.59,356.71,955.39,138.55,110.67,175.16,112.07,154.31,28.48,83.42,48.94,205.12,263.89,235.02,358.15,124.75,292.07,46.54,116.49,99.26,4501.669999999999,-0.6178043398572545
2023-06-28,6,28,2023,3285.61,85.56,48.71,56.86,33.04,454.32,338.67,706.77,174.21,106.03,165.1,85.61,171.1,27.5,108.2,50.05,169.05,294.41,175.26,323.98,142.55,335.38,44.58,101.21,82.77,4280.920000000001,-0.30293004951896324
2023-06-10,6,10,2023,2558.8,78.11,59.98,60.47,41.64,412.86,307.81,683.19,154.58,117.57,160.6,105.67,153.15,24.68,85.78,50.05,163.79,286.0,164.17,469.71,164.64,308.51,43.0,96.34,90.51,4282.81,-0.6737572299515399
2023-10-07,10,7,2023,2824.66,95.96,51.35,55.82,41.81,408.26,305.75,726.98,177.68,103.77,179.34,117.75,169.8,28.24,92.31,41.39,221.66,348.54,211.32,470.74,161.24,284.73,50.21,92.24,98.88,4535.77,-0.6057755623685684
2023-06-22,6,22,2023,2878.93,68.9,40.55,66.86,43.63,453.39,287.1,642.17,158.92,92.35,210.09,114.86,141.64,34.31,85.54,57.79,222.4,333.44,177.69,373.52,145.02,315.41,57.2,97.31,82.21,4302.3,-0.4944093812631778
2023-07-04,7,4,2023,2434.91,75.17,40.42,60.27,37.77,379.62,294.93,745.55,152.27,102.98,226.09,99.05,161.97,26.98,83.85,52.04,199.0,267.09,172.16,410.71,155.61,324.59,46.51,86.1,107.76,4308.490000000001,-0.7694658118780575
2023-10-18,10,18,2023,3278.31,93.81,56.16,48.44,34.0,342.09,290.71,890.15,149.83,116.37,221.54,92.34,135.07,31.83,86.73,42.01,225.07,309.71,170.46,423.69,165.71,256.04,49.7,87.69,105.3,4424.450000000001,-0.3496130628281037
2023-10-10,10,10,2023,2530.88,71.01,57.13,53.98,41.79,477.25,269.2,958.94,142.2,86.5,199.26,116.85,167.72,26.49,95.44,56.0,219.02,261.68,195.44,421.29,168.19,290.02,48.07,115.96,102.1,4641.53,-0.8339589391832088
2023-07-31,7,31,2023,3312.49,65.09,53.17,56.01,40.86,325.02,325.86,930.37,154.55,93.99,230.44,110.15,152.67,27.93,113.29,57.3,164.25,251.1,185.12,355.34,152.61,322.59,56.1,93.32,101.62,4418.75,-0.33396629121899246
2023-10-14,10,14,2023,3162.85,94.76,49.08,71.2,43.4,363.8,351.17,934.32,167.95,115.2,238.39,114.85,126.87,32.04,113.72,59.65,227.2,354.62,181.69,385.01,173.32,318.94,46.82,84.42,83.73,4732.149999999998,-0.49616643217351375
2023-01-02,1,2,2023,3441.21,77.01,47.27,68.24,46.57,382.54,304.36,755.85,171.4,92.55,186.6,111.09,158.03,28.79,99.91,56.05,194.04,283.27,209.66,376.35,155.97,260.24,44.57,91.26,110.96,4312.58,-0.2532161652442019
2023-03-09,3,9,2023,2679.59,89.67,42.05,58.27,34.95,388.65,272.33,910.81,156.83,84.31,211.85,83.87,143.1,25.92,100.67,48.08,216.99,304.5,164.78,379.85,132.4,250.4,47.22,105.2,83.09,4335.79,-0.618079631585429
2023-04-11,4,11,2023,2814.61,67.64,42.19,58.66,32.08,397.62,274.74,700.05,138.4,119.12,206.21,87.66,130.25,26.11,110.79,57.78,219.78,297.91,190.42,417.62,178.32,288.88,43.21,86.81,100.89,4273.140000000001,-0.5181996795293135
2023-06-24,6,24,2023,3199.54,80.73,58.95,67.53,42.58,339.22,316.15,880.41,161.77,107.23,184.35,101.11,138.45,27.29,114.61,43.91,198.13,308.96,193.59,439.34,140.83,280.99,49.7,102.87,113.94,4492.639999999999,-0.40415184682798133
2023-07-17,7,17,2023,2549.65,92.74,54.82,54.3,37.26,333.81,244.51,741.2,140.02,83.12,231.83,106.5,137.36,28.43,85.17,59.16,178.95,305.66,160.49,474.05,170.69,250.46,49.03,115.63,106.0,4241.1900000000005,-0.6634400800109821
2023-07-14,7,14,2023,2702.3,93.12,46.09,55.81,47.99,398.76,355.24,909.81,121.2,112.76,190.49,83.83,146.12,32.08,95.18,58.9,239.5,282.08,197.92,350.05,145.53,356.61,45.4,108.95,83.55,4556.97,-0.686330163194316
2023-05-17,5,17,2023,2486.04,79.72,41.38,62.85,39.79,411.82,297.83,672.68,177.42,116.14,168.13,103.31,125.92,30.99,107.62,47.18,202.58,262.73,198.91,354.03,152.94,354.68,49.34,103.79,97.05,4258.829999999999,-0.7130979388907657
2023-02-09,2,9,2023,3413.88,80.56,50.7,53.79,40.33,461.59,285.91,813.08,151.77,114.3,217.08,119.16,159.13,24.28,103.78,40.63,234.24,334.52,217.88,381.63,135.04,240.38,40.44,80.27,106.86,4487.35,-0.3144428040821588
2023-05-14,5,14,2023,2829.14,87.16,53.48,62.75,40.19,454.18,297.53,707.52,121.71,99.72,225.93,89.57,179.68,33.69,98.28,43.33,222.57,266.64,194.14,457.14,123.56,339.74,42.92,105.96,115.62,4463.01,-0.5775147217882467
2023-06-19,6,19,2023,3102.17,72.33,44.68,53.06,45.49,346.29,330.91,850.21,141.96,103.59,164.19,111.75,165.69,34.33,118.46,51.27,231.09,332.26,227.48,335.45,160.62,281.61,52.29,97.37,85.8,4438.18,-0.43066949909257074
2023-01-31,1,31,2023,3160.15,90.37,54.3,62.64,41.95,393.34,296.05,922.4,162.04,83.59,212.38,89.69,175.01,28.64,83.65,41.38,209.19,250.68,176.01,378.75,138.63,245.93,52.82,110.45,107.93,4407.820000000001,-0.39481353733208885
2023-05-28,5,28,2023,3462.26,69.55,40.81,57.91,40.64,423.35,319.07,693.52,151.24,88.15,228.07,104.37,156.96,30.45,103.88,58.48,184.05,345.12,204.98,346.76,139.56,316.92,45.57,99.45,87.04,4335.899999999999,-0.25233229162454535
2023-05-19,5,19,2023,3147.21,78.67,47.96,55.55,34.6,455.36,337.23,855.42,157.08,93.33,194.85,101.44,145.69,28.89,93.88,49.08,176.81,328.22,166.26,340.42,124.28,266.94,55.2,107.99,100.63,4395.78,-0.3967228116331607
2023-07-02,7,2,2023,3343.23,84.51,53.61,54.28,33.18,365.96,301.36,903.85,140.15,107.04,220.63,110.18,147.24,30.77,101.06,52.57,209.47,346.27,237.65,409.91,127.63,258.08,57.35,88.61,104.93,4546.29,-0.3598496065182473
2023-04-09,4,9,2023,3525.88,86.06,58.64,56.15,47.43,376.32,298.82,857.69,137.19,95.19,235.64,80.85,167.18,35.43,108.95,52.81,224.74,328.18,172.13,439.81,148.21,355.5,49.52,92.84,115.66,4620.94,-0.31057778483669307
2023-01-09,1,9,2023,3054.65,85.26,41.54,67.22,45.11,345.97,346.82,869.04,132.58,93.53,189.07,87.15,171.61,29.01,100.48,42.73,172.26,282.61,180.75,361.88,127.59,259.71,56.38,105.12,96.5,4289.920000000001,-0.40439002831748344
2023-03-07,3,7,2023,2536.55,72.45,44.06,59.4,37.38,325.82,278.62,907.12,143.57,101.74,195.25,102.02,168.59,33.19,118.4,53.58,211.11,331.39,168.03,348.58,152.2,262.34,58.13,108.25,95.73,4376.95,-0.7255524235674438
2023-06-22,6,22,2023,2826.4,72.6,52.22,48.97,35.08,381.9,328.33,865.82,125.19,115.06,228.22,97.78,154.05,26.97,88.01,50.96,188.32,280.89,171.01,474.72,176.36,327.55,48.74,111.13,105.2,4555.08,-0.6116190206623265
2023-01-04,1,4,2023,3455.37,92.12,46.59,54.82,47.8,413.32,241.75,835.83,156.96,97.34,208.56,83.13,163.46,24.15,107.83,48.73,235.04,358.94,205.56,417.07,133.04,302.95,42.16,102.78,105.84,4525.77,-0.3097786922963389
2023-11-18,11,18,2023,3081.78,81.98,56.36,64.37,36.37,338.83,268.14,851.02,155.92,106.49,162.89,91.56,141.74,25.36,113.92,46.54,220.84,348.72,231.89,467.41,132.64,264.52,43.32,98.94,85.22,4434.99,-0.43910013044409385
2023-10-31,10,31,2023,3125.44,77.07,48.69,58.39,46.2,405.29,337.61,906.67,136.11,82.78,190.82,116.55,123.56,32.05,96.2,57.26,220.36,276.56,209.26,454.78,132.4,313.64,48.05,94.55,111.62,4576.470000000001,-0.4642642315961916
2023-04-13,4,13,2023,2493.81,74.88,48.78,49.59,32.72,352.79,246.6,851.57,128.63,93.22,193.15,102.29,157.78,35.88,110.53,50.96,208.79,312.95,239.09,458.82,137.96,270.7,43.22,83.99,102.69,4387.58,-0.7593882452953513
2023-06-20,6,20,2023,2600.48,67.25,46.91,68.88,46.93,389.32,290.91,845.66,165.68,110.26,231.63,84.3,122.67,27.27,106.13,57.46,217.64,327.39,209.51,338.47,127.45,355.69,54.9,91.67,94.33,4478.3099999999995,-0.7221089952624129
2023-01-31,1,31,2023,3070.03,64.46,41.58,53.81,36.26,420.68,325.82,950.49,161.28,116.35,222.69,90.19,173.34,26.06,96.48,49.04,185.62,272.03,177.54,411.98,171.79,274.25,44.24,117.13,95.91,4579.0199999999995,-0.49152288414119705
2023-05-29,5,29,2023,2551.79,64.84,59.09,58.89,43.33,364.23,284.09,715.93,154.27,108.07,218.58,114.03,151.68,28.05,105.03,49.04,225.04,359.46,200.25,348.31,154.1,305.77,50.98,86.62,92.27,4341.95,-0.7015310821031511
2023-07-16,7,16,2023,2867.76,93.94,57.67,66.7,40.59,416.87,298.59,691.65,156.48,113.68,206.95,80.61,146.12,26.96,114.67,42.03,226.45,278.18,166.19,395.07,158.96,268.29,48.8,85.41,113.82,4294.68,-0.4975730186626496
2023-04-15,4,15,2023,2687.09,83.15,40.03,57.34,36.93,423.55,296.13,793.15,140.74,98.43,221.49,87.93,125.18,25.66,107.39,46.47,179.21,242.98,175.98,458.99,140.2,285.94,58.25,96.63,97.8,4319.549999999999,-0.607519658813065
2023-05-09,5,9,2023,3499.44,66.15,58.48,53.66,46.77,377.09,311.38,801.01,156.61,119.48,220.04,107.69,129.47,28.95,97.29,41.74,184.21,265.47,207.44,453.39,121.76,264.76,59.26,117.75,107.66,4397.51,-0.2566324897697918
2023-03-02,3,2,2023,2696.12,75.39,47.62,56.22,45.74,433.52,291.85,668.15,144.06,96.75,232.56,87.83,125.01,35.13,92.99,43.68,220.39,256.28,171.14,372.02,132.98,277.06,53.2,109.01,112.95,4181.53,-0.5509435781790127
2023-11-01,11,1,2023,2936.23,83.59,44.23,54.14,45.58,376.85,292.58,740.89,134.39,105.65,187.72,84.77,156.45,24.0,107.33,45.88,236.37,274.61,171.49,468.74,176.72,328.57,41.53,91.24,86.22,4359.539999999999,-0.4847406368029749
2023-05-14,5,14,2023,3575.95,80.1,40.17,70.72,46.24,322.33,287.99,685.36,158.06,118.35,212.06,102.84,135.16,34.39,107.03,42.51,235.88,315.42,176.08,468.57,176.06,260.06,58.65,109.21,87.5,4330.74,-0.21107398034088842
2023-07-27,7,27,2023,3536.65,72.37,46.27,54.84,38.2,386.91,317.74,885.7,156.67,97.34,212.73,95.59,157.77,35.12,95.46,50.28,216.74,240.57,223.04,430.55,132.37,255.91,52.3,102.44,112.1,4469.010000000001,-0.263628009557067
2023-10-09,10,9,2023,3539.04,89.98,56.6,48.03,42.26,386.73,343.32,678.6,154.0,82.82,228.54,91.32,125.64,30.48,84.79,54.69,188.37,354.11,237.97,438.24,167.77,305.37,51.66,93.05,107.64,4441.9800000000005,-0.25513698630137
2023-07-23,7,23,2023,2435.1,77.4,57.61,68.18,47.53,393.35,277.61,769.27,138.41,83.39,160.86,116.54,142.95,32.07,94.74,43.39,230.43,258.96,186.99,471.89,151.67,245.52,50.94,93.4,115.4,4308.499999999998,-0.7693318549546213
2023-08-05,8,5,2023,3082.14,70.12,56.28,69.08,35.56,437.75,354.68,875.75,169.09,118.41,218.75,83.13,122.96,29.63,80.98,56.86,171.12,268.12,202.25,450.43,141.76,308.79,46.61,114.89,83.89,4566.89,-0.481726981902185
2023-12-18,12,18,2023,2567.15,84.04,59.63,48.84,34.44,351.52,334.73,717.61,164.16,86.0,177.94,101.64,160.54,24.81,107.95,59.15,210.12,359.03,206.61,442.1,148.18,335.44,50.82,106.46,104.06,4475.82,-0.7434976530393625
2023-08-13,8,13,2023,3061.55,78.97,59.61,70.61,45.15,359.34,240.92,816.44,137.58,85.21,221.63,112.39,165.48,34.03,93.16,46.09,214.9,335.55,190.14,393.52,131.88,347.81,43.1,80.93,101.11,4405.550000000001,-0.4389933203769335
2023-06-08,6,8,2023,3211.13,95.16,51.14,55.17,41.06,420.2,310.51,864.97,128.47,86.93,207.21,83.17,132.51,33.11,100.71,44.75,211.75,310.2,239.97,463.75,154.75,305.97,55.1,83.02,118.4,4597.9800000000005,-0.43188846293983746
2023-08-13,8,13,2023,3109.06,71.97,43.9,63.02,47.93,479.79,330.37,729.46,177.57,82.11,182.58,89.56,172.4,29.29,113.03,51.81,205.63,346.42,237.18,342.73,151.21,357.18,53.0,110.49,84.46,4553.09,-0.4644587109930333
2023-07-29,7,29,2023,2503.76,76.09,44.26,64.41,38.54,348.62,339.7,806.28,151.57,93.22,229.13,117.78,159.29,29.13,85.31,50.12,175.66,241.67,232.02,371.22,162.72,275.31,40.75,99.03,117.09,4348.919999999999,-0.7369556187494004
2023-03-31,3,31,2023,2897.28,87.34,52.02,50.93,37.22,377.62,345.24,810.9,151.58,83.35,194.53,92.59,151.02,35.92,84.74,45.66,222.11,325.75,192.84,400.07,168.35,252.77,43.8,107.39,104.79,4418.530000000001,-0.525061436933952
2023-02-21,2,21,2023,3331.26,92.4,56.64,63.57,47.04,403.43,343.09,914.25,171.72,107.41,227.12,102.04,151.54,34.99,113.07,41.06,182.82,245.48,175.31,439.29,135.0,280.54,55.71,118.87,100.37,4602.759999999999,-0.38168740956875147
2023-09-19,9,19,2023,3110.62,67.12,45.41,49.15,33.82,342.49,269.08,777.22,168.73,95.96,225.36,95.81,128.57,25.14,102.44,43.6,202.29,315.95,204.48,459.33,150.76,322.37,49.2,83.59,83.07,4340.94,-0.39552243604168935
2023-11-12,11,12,2023,2638.51,94.54,44.59,59.97,46.37,439.55,281.77,668.39,158.9,110.51,217.33,98.97,179.48,35.88,102.19,43.7,201.37,352.99,177.25,432.69,161.83,340.63,43.45,105.16,114.23,4511.739999999999,-0.7099575138998899
2023-06-04,6,4,2023,3285.56,64.67,55.2,55.42,41.07,405.2,310.64,686.94,139.66,96.51,184.03,117.28,165.04,33.13,117.19,51.81,193.58,326.41,208.72,359.48,141.58,247.34,42.08,94.56,106.66,4244.2,-0.29177370067811875
2023-04-12,4,12,2023,3155.55,70.86,48.87,57.33,38.24,396.27,286.45,937.54,143.26,108.93,204.51,90.71,144.83,33.55,101.54,58.23,223.67,356.87,234.49,403.55,127.59,277.14,50.47,113.33,82.83,4591.060000000001,-0.45491594175341893
2023-02-24,2,24,2023,3041.46,82.37,52.09,53.43,36.49,463.49,246.69,758.36,128.53,116.96,199.88,98.45,124.98,26.67,102.83,57.07,212.01,288.45,162.05,475.52,124.46,240.91,53.22,90.9,107.08,4302.889999999999,-0.4147448922556928
2023-05-31,5,31,2023,3542.56,79.27,54.02,68.74,33.09,419.85,247.5,657.89,168.11,96.94,225.91,116.87,134.57,29.25,83.99,50.91,189.04,306.57,177.24,375.33,176.44,327.2,58.45,106.21,112.27,4295.66,-0.21258637821236617
2023-06-06,6,6,2023,2977.71,88.93,58.56,64.65,33.41,463.39,259.07,773.29,143.3,93.86,228.55,107.72,126.05,29.14,95.8,48.39,167.61,295.01,223.42,337.94,124.99,254.27,40.78,99.77,84.18,4242.08,-0.42461153033707105
2023-12-19,12,19,2023,3188.56,86.16,52.52,66.43,35.07,378.76,290.73,841.97,168.5,112.16,230.74,87.3,163.29,28.07,93.81,48.42,187.96,325.37,233.25,478.03,134.26,281.67,56.5,111.92,100.53,4593.42,-0.44059387309631937
2023-05-13,5,13,2023,3042.62,90.9,48.36,60.1,42.76,427.07,316.28,876.94,131.47,80.4,180.23,91.21,128.7,31.11,114.97,56.82,203.21,266.03,226.09,339.82,161.4,247.75,44.81,116.04,101.77,4384.240000000001,-0.4409423457414994
2023-04-22,4,22,2023,2411.52,64.44,40.15,53.93,46.92,460.0,281.36,738.97,164.12,115.74,205.38,113.31,126.36,27.65,115.03,48.65,218.86,257.77,188.16,407.72,122.24,328.72,56.02,81.86,93.0,4356.360000000001,-0.8064789012738856
2023-01-29,1,29,2023,2571.62,93.35,54.71,61.53,36.34,350.86,312.56,661.76,155.69,103.01,168.91,110.6,166.1,29.04,90.67,55.08,175.01,255.97,206.94,471.81,124.77,324.06,47.78,97.8,118.67,4273.02,-0.6616063026419147
2023-02-04,2,4,2023,2946.5,86.7,46.37,62.35,43.45,428.97,324.79,938.68,167.32,107.56,209.82,94.3,136.32,30.48,104.56,58.5,203.54,250.55,210.92,335.41,128.3,279.35,43.28,97.79,112.9,4502.21,-0.5279857458001018
2023-01-19,1,19,2023,2833.94,89.36,56.09,59.34,46.91,326.55,291.59,724.96,170.56,101.37,203.48,118.1,172.13,34.5,119.19,50.66,225.69,286.25,201.33,414.68,142.08,243.0,44.51,102.96,116.81,4342.1,-0.5321778160440942
2023-04-13,4,13,2023,3030.67,65.99,58.42,68.11,33.29,460.11,242.63,717.04,170.18,112.62,223.18,114.34,132.71,35.82,109.89,50.92,221.14,249.02,231.78,322.66,143.42,277.44,50.66,107.49,87.84,4286.7,-0.4144397113509553
2023-07-03,7,3,2023,3408.82,93.66,43.7,57.85,34.6,466.51,267.91,800.5,154.23,89.68,185.48,91.87,143.81,30.0,112.14,44.98,220.9,340.21,238.12,470.66,122.52,349.85,46.44,118.33,95.48,4619.4299999999985,-0.3551404884974854
2023-08-03,8,3,2023,2522.07,78.74,54.36,52.52,44.51,395.56,351.84,823.33,124.56,114.81,205.69,105.64,178.29,31.82,113.75,50.02,223.89,351.23,182.31,391.35,124.09,242.3,51.49,84.72,110.09,4486.91,-0.7790584718108536
2023-04-21,4,21,2023,3257.7,75.24,54.58,51.91,39.72,383.65,248.28,953.38,163.57,103.8,171.4,81.03,147.22,34.98,103.61,54.06,189.89,242.88,164.38,361.09,136.45,281.33,57.03,113.33,95.29,4308.099999999999,-0.32243607453111084
2023-05-02,5,2,2023,2449.52,93.04,54.54,69.5,39.95,389.41,336.23,929.64,131.24,86.55,196.08,101.63,130.73,35.05,88.48,54.01,185.63,295.14,169.4,356.29,148.69,287.09,54.82,118.66,106.6,4458.400000000001,-0.8201116953525591
2023-04-05,4,5,2023,2405.77,90.67,43.05,65.56,40.31,417.25,339.71,685.05,158.88,115.65,198.53,94.63,149.49,31.34,90.84,47.52,229.23,279.02,226.46,364.37,178.06,275.22,45.66,96.74,119.08,4382.320000000001,-0.8215872672782522
2023-11-06,11,6,2023,3009.95,81.61,40.71,59.68,37.74,458.92,352.24,779.91,140.67,93.55,219.99,101.97,143.67,27.59,83.51,53.91,174.36,256.51,205.43,362.46,152.29,255.29,53.05,106.74,118.11,4359.909999999999,-0.44849914450406125
2023-02-16,2,16,2023,2878.21,68.62,53.34,59.77,46.16,372.2,250.38,789.41,151.82,89.62,239.51,82.72,137.08,34.83,106.61,48.83,195.6,288.91,175.75,391.32,163.26,354.48,59.95,87.73,100.95,4348.8499999999985,-0.5109564625235818
2023-08-13,8,13,2023,3423.08,95.93,59.08,52.3,39.78,410.96,290.18,657.53,144.59,101.57,223.57,106.8,146.29,32.57,91.31,58.39,236.13,279.66,216.23,426.35,170.48,296.48,59.36,96.14,85.77,4377.450000000001,-0.27880446849036566
2023-02-05,2,5,2023,2886.3,72.38,48.14,50.22,43.54,457.21,332.63,750.76,125.15,82.55,231.37,107.07,134.01,30.26,105.15,50.04,227.34,314.82,202.53,452.94,145.81,301.08,46.3,84.32,105.56,4501.180000000002,-0.5594983196479929
2023-08-12,8,12,2023,3405.74,89.85,55.67,50.46,32.23,442.6,281.99,715.82,144.89,81.48,239.66,112.59,140.09,32.3,86.6,47.75,166.23,256.05,239.59,473.09,142.44,258.5,53.16,109.42,94.45,4346.910000000001,-0.2763481651564714
2023-09-06,9,6,2023,3073.48,94.91,59.36,52.7,37.07,380.7,268.62,641.82,168.97,86.36,230.69,108.66,124.95,31.83,100.02,41.2,166.58,273.36,201.51,325.1,165.89,304.03,48.86,107.43,112.62,4133.239999999999,-0.34480783997292935
2023-06-20,6,20,2023,2831.89,85.9,44.93,64.48,35.47,409.66,267.47,834.06,131.29,119.77,216.49,82.65,167.52,31.61,96.64,51.6,218.11,271.52,201.4,377.33,150.78,241.19,45.43,104.02,112.52,4361.840000000001,-0.5402575665015241
2023-09-12,9,12,2023,2647.58,82.48,55.63,69.42,40.17,441.11,291.24,791.74,174.04,87.58,164.27,85.75,174.89,28.71,104.41,45.53,205.12,357.29,218.1,416.3,142.78,351.6,40.56,91.88,100.98,4561.58,-0.7229243308984054
2023-01-28,1,28,2023,3379.65,68.71,56.89,54.98,43.53,373.06,347.48,935.04,155.42,99.99,238.88,90.72,138.03,34.9,118.79,41.64,218.23,322.12,223.74,429.97,122.57,353.62,49.17,103.44,107.42,4728.339999999999,-0.39906203305075943
2023-01-23,1,23,2023,3106.67,66.95,41.6,51.32,34.91,440.3,280.95,670.83,128.31,107.39,188.32,88.41,150.58,24.38,91.63,42.16,191.02,279.83,239.7,398.17,120.07,304.49,58.12,99.93,94.87,4194.24,-0.3500758046396945
2023-11-11,11,11,2023,2464.73,65.48,43.52,71.14,38.89,396.13,274.43,919.16,150.57,91.48,172.86,98.71,135.4,30.38,96.89,59.93,177.54,333.17,225.36,478.27,128.42,358.13,50.9,106.56,94.16,4597.48,-0.865307761904955
2023-05-12,5,12,2023,2691.25,86.89,59.17,59.55,32.88,376.88,281.14,695.69,157.26,115.42,182.21,93.65,177.59,29.03,85.94,45.43,167.45,256.34,213.22,332.79,141.34,357.65,58.84,100.07,100.79,4207.22,-0.5632958662331631
2023-11-12,11,12,2023,2602.08,70.59,49.54,50.87,33.78,467.7,332.2,789.56,159.78,98.02,164.68,99.93,157.19,32.1,118.9,53.04,211.8,341.0,184.01,463.62,169.09,276.05,56.51,98.76,106.16,4584.88,-0.7620057799913916
2023-08-13,8,13,2023,2483.28,71.38,42.2,67.4,43.09,386.43,303.17,795.67,127.03,81.66,183.88,95.49,137.74,31.22,112.1,57.72,205.75,273.57,194.19,365.87,150.81,325.05,56.15,112.01,80.58,4300.16,-0.7316452433877773
2023-06-27,6,27,2023,3065.75,75.04,54.24,51.25,35.05,349.99,336.35,751.99,170.31,99.64,165.68,86.18,138.34,25.33,80.27,44.71,222.5,337.69,234.35,402.61,170.5,243.72,44.99,119.03,117.35,4357.11,-0.4212215607926281
2023-11-23,11,23,2023,2769.08,94.86,40.84,63.57,45.19,412.61,314.46,873.01,161.0,84.68,225.73,106.52,169.04,26.65,106.48,54.22,187.64,257.23,206.49,446.11,130.33,346.76,57.24,115.31,119.51,4645.48,-0.6776257818481227
2023-08-30,8,30,2023,2406.44,65.41,40.08,60.9,34.24,340.45,246.61,715.45,164.99,81.7,206.91,103.03,141.56,35.83,81.97,51.42,162.43,290.96,165.67,391.52,170.15,241.86,41.84,98.81,101.46,4035.25,-0.676854606805073
2023-05-15,5,15,2023,3370.62,90.38,57.94,62.73,33.59,339.48,298.45,821.67,167.43,96.75,164.66,96.12,151.85,32.73,94.6,54.34,222.31,261.94,235.85,351.5,145.48,268.63,59.75,82.13,107.55,4297.860000000001,-0.27509478968261053
2023-06-24,6,24,2023,2418.73,90.31,59.04,51.04,39.41,453.65,247.3,861.06,160.34,86.18,232.61,116.6,159.66,35.32,104.34,45.14,221.33,329.18,194.5,367.96,152.21,285.47,47.93,105.42,106.41,4552.41,-0.8821488963216233
2023-12-31,12,31,2023,2705.21,83.65,58.76,54.67,43.43,368.8,242.08,939.06,170.12,113.48,168.78,110.4,177.79,27.16,97.89,45.42,218.53,242.07,197.98,401.22,130.7,355.06,42.95,113.88,117.66,4521.54,-0.6714192243855375
2023-12-17,12,17,2023,3050.63,71.14,49.62,66.73,46.46,422.75,256.95,958.87,163.24,90.74,163.55,93.69,127.12,29.93,94.76,50.78,193.72,337.76,166.28,431.73,123.03,242.28,47.03,83.45,119.49,4431.1,-0.45251964348347723
2023-09-29,9,29,2023,3476.66,69.21,54.63,59.99,44.03,419.7,315.06,705.96,138.08,106.59,166.82,82.24,143.69,31.07,107.0,59.28,231.63,250.34,185.6,431.89,158.0,321.13,40.96,80.75,99.24,4302.889999999999,-0.23765050364430218
2023-09-13,9,13,2023,3326.79,78.75,41.97,64.55,33.75,468.64,266.8,871.87,128.15,87.7,164.34,109.68,136.85,27.07,101.44,52.76,161.32,320.11,210.48,334.02,150.39,325.79,58.12,91.93,84.37,4370.85,-0.3138340562524236
2023-06-08,6,8,2023,2612.36,71.22,59.02,65.76,47.85,392.57,247.89,915.78,177.56,118.46,179.97,113.64,149.23,24.46,81.89,47.23,192.13,281.52,223.19,452.2,149.18,262.06,51.55,83.16,81.52,4469.04,-0.7107289960036135
2023-03-21,3,21,2023,3454.09,69.28,52.96,59.23,38.69,443.93,327.28,833.75,156.85,80.01,215.61,92.03,150.33,31.39,95.53,52.21,188.75,288.35,227.26,333.59,164.22,306.74,51.01,85.19,83.48,4427.67,-0.2818629508785237
2023-01-09,1,9,2023,3584.4,74.02,48.62,53.26,40.99,357.99,310.22,742.97,179.32,107.64,175.86,118.31,154.7,35.78,85.39,52.59,192.65,309.46,201.28,384.69,159.56,278.37,47.89,97.28,90.01,4298.85,-0.19932206226983604
2023-06-12,6,12,2023,3191.5,89.55,59.19,70.47,42.68,347.13,243.44,898.95,166.07,115.63,205.87,86.13,166.43,30.34,89.62,40.22,223.98,281.96,164.72,432.45,153.11,295.2,48.11,119.43,89.82,4460.499999999999,-0.3976186746044177
2023-05-29,5,29,2023,3140.53,87.01,57.25,60.17,37.57,357.2,357.72,932.74,134.4,83.42,208.64,110.16,131.19,32.7,86.54,49.06,235.26,348.97,200.49,353.55,122.82,309.95,53.71,112.4,85.51,4548.43,-0.44830012768545435
2023-09-14,9,14,2023,2494.8,81.82,47.72,59.37,46.38,398.57,319.86,678.15,133.55,81.74,164.26,116.66,172.3,29.24,99.92,46.39,220.55,271.41,197.9,418.13,150.12,316.66,40.12,111.7,81.13,4283.65,-0.7170314253647584
2023-01-08,1,8,2023,3451.77,66.89,44.78,68.0,43.0,346.96,254.09,903.86,155.33,90.21,160.64,83.75,169.26,26.97,111.49,52.85,172.93,282.63,210.9,458.3,172.79,309.63,49.32,99.68,85.89,4420.15,-0.28054592281641005
2023-05-28,5,28,2023,2699.77,78.35,48.41,54.94,38.04,402.83,350.37,922.2,138.62,102.44,231.16,94.93,161.3,30.54,113.14,44.13,191.77,279.4,220.81,369.53,173.04,351.66,52.59,103.62,91.66,4645.48,-0.7206947258470164
2023-08-25,8,25,2023,3290.56,86.0,52.07,64.74,41.74,322.39,301.31,711.75,176.59,115.52,227.43,95.03,145.32,30.8,101.39,56.07,206.45,305.21,165.64,380.32,144.69,314.04,42.36,109.19,102.96,4299.01,-0.306467592142371
2023-10-18,10,18,2023,3446.77,87.32,59.56,68.86,42.78,428.01,300.28,842.9,161.76,95.07,196.48,116.2,137.79,30.47,96.97,56.8,195.99,319.63,185.58,465.38,147.84,292.04,44.28,106.62,112.23,4590.839999999999,-0.33192525175744225
2023-09-17,9,17,2023,2418.81,92.88,46.36,65.58,38.58,341.3,318.68,719.42,148.5,113.51,177.92,89.55,148.06,27.39,83.73,53.29,174.06,299.85,200.01,450.55,146.93,293.61,52.9,101.78,117.58,4302.02,-0.7785688003605081
2023-05-14,5,14,2023,3408.14,64.1,54.87,56.63,33.3,393.59,345.34,707.24,124.0,88.71,211.06,100.56,146.33,30.73,86.7,52.57,202.02,241.81,173.15,434.28,160.57,258.77,53.13,93.86,111.09,4224.41,-0.23950600620866513
2023-09-13,9,13,2023,2878.02,88.21,41.1,60.54,35.44,450.27,243.83,831.51,154.93,82.74,215.6,104.05,163.58,29.01,87.54,53.24,166.65,328.91,177.99,369.05,157.48,307.56,49.84,115.72,98.17,4412.960000000001,-0.5333319434889268
2023-11-23,11,23,2023,3055.14,92.47,50.82,57.53,33.98,432.52,330.54,690.67,156.58,105.25,226.3,95.09,135.37,29.07,113.21,59.48,228.67,356.39,180.05,386.81,128.48,323.51,53.88,95.67,98.21,4460.55,-0.46001492566625435
2023-05-17,5,17,2023,2413.0,83.42,43.28,63.95,32.91,462.47,269.59,911.09,142.33,114.12,193.91,82.47,160.62,31.44,100.43,42.38,168.9,272.13,186.69,417.62,168.13,259.04,57.81,99.05,83.14,4446.920000000001,-0.8429009531703278
2023-09-22,9,22,2023,3439.69,81.61,53.37,48.54,34.76,358.77,359.09,826.44,143.86,92.53,175.26,92.5,126.54,35.08,83.6,44.76,167.19,357.18,231.93,361.08,125.28,288.92,58.88,94.57,93.11,4334.849999999999,-0.26024438248795656
2023-04-04,4,4,2023,3550.0,91.5,58.67,56.17,41.39,386.4,358.52,736.54,157.18,93.96,192.85,87.74,161.42,28.58,89.31,48.24,184.62,287.95,161.53,391.43,137.67,265.06,43.59,112.14,113.89,4286.35,-0.20742253521126772
2023-01-01,1,1,2023,2477.16,82.13,48.26,53.54,36.15,323.15,287.14,779.25,145.62,112.32,222.38,99.2,150.44,25.19,113.84,45.29,184.72,281.06,181.92,457.01,152.85,291.98,55.42,82.59,112.82,4324.2699999999995,-0.7456563161039254
2023-04-21,4,21,2023,2815.32,64.78,40.35,54.37,47.42,437.58,249.11,806.64,122.36,115.49,235.06,103.94,156.06,27.09,109.27,47.28,222.37,264.53,233.41,333.73,122.07,314.19,51.66,114.62,97.17,4370.549999999999,-0.5524167767784831
2023-05-24,5,24,2023,3575.1,71.54,50.33,66.15,43.38,437.26,307.31,824.28,129.49,80.69,163.9,104.23,179.63,34.31,89.57,53.52,235.37,319.06,225.46,448.11,127.62,309.9,44.4,114.85,97.14,4557.5,-0.2747895163771643
2023-09-08,9,8,2023,3296.15,67.83,59.65,68.71,41.72,433.33,357.43,877.84,128.4,110.77,232.81,88.48,173.03,29.13,114.84,55.16,169.01,265.42,233.89,424.9,130.2,283.69,48.29,102.82,99.74,4597.089999999999,-0.39468470791681176
2023-07-24,7,24,2023,2546.81,86.89,48.73,59.79,44.96,335.18,256.88,943.62,172.03,89.49,235.67,108.13,153.9,26.99,88.38,44.13,232.46,269.67,194.54,433.9,152.6,295.25,42.75,92.44,94.16,4502.54,-0.7679135860154468
2023-11-21,11,21,2023,2426.37,72.73,58.59,69.86,32.45,360.59,271.98,782.82,149.79,110.24,194.33,86.63,159.97,30.46,83.1,53.01,183.22,286.34,172.88,466.79,144.01,285.05,51.96,80.16,100.93,4287.89,-0.7672036828678234
2023-11-25,11,25,2023,2741.81,91.73,59.21,69.4,42.22,390.27,267.68,950.7,129.74,116.25,236.64,90.09,171.36,26.4,119.4,51.12,177.19,301.49,166.29,374.46,126.24,281.08,42.73,100.86,99.41,4481.959999999999,-0.6346719867532759
2023-10-05,10,5,2023,2736.14,75.11,40.15,54.2,36.53,334.44,290.91,708.75,136.13,80.14,196.66,91.98,163.93,28.64,92.87,55.11,177.35,309.48,210.56,362.89,170.15,319.53,55.1,91.11,94.97,4176.69,-0.5264898725942385
2023-10-23,10,23,2023,3540.65,75.81,58.38,66.08,42.43,416.59,297.94,935.07,135.83,85.45,203.5,84.84,139.33,29.41,116.46,48.47,187.7,325.59,168.28,388.61,130.4,243.15,43.9,113.31,97.74,4434.2699999999995,-0.25238868569330475
2023-03-05,3,5,2023,2710.86,91.71,50.96,59.42,36.51,360.05,355.99,777.49,140.91,117.03,229.72,107.39,160.7,24.07,110.06,50.99,218.25,343.21,204.77,327.53,130.54,326.95,52.83,114.15,103.76,4494.989999999999,-0.6581416967309263
2023-09-21,9,21,2023,3477.16,69.47,40.72,67.85,37.7,420.18,240.47,865.09,155.6,110.69,175.64,93.82,135.55,30.78,88.46,54.6,199.19,333.43,170.46,455.34,154.81,260.1,41.74,80.62,106.9,4389.21,-0.2622973921246075
2023-03-27,3,27,2023,2603.25,83.13,58.49,51.27,37.78,394.18,357.1,822.6,150.75,101.02,186.64,104.49,168.56,32.01,117.13,43.38,223.19,267.84,227.26,367.94,153.06,342.68,49.36,105.67,80.5,4526.030000000001,-0.7386075098434651
2023-09-04,9,4,2023,3326.63,67.33,42.12,56.33,46.34,406.73,257.81,761.99,150.38,115.63,204.96,103.42,169.31,25.94,106.99,50.83,169.37,282.98,222.46,342.45,171.61,290.0,47.66,81.82,118.55,4293.01,-0.2904981918638382
2023-10-26,10,26,2023,3147.83,78.61,53.79,61.87,46.69,336.45,293.04,759.45,154.96,82.5,192.46,113.31,150.05,29.86,98.85,53.94,209.09,336.21,222.18,440.77,128.76,312.26,48.52,91.17,107.58,4402.370000000001,-0.3985412172830175
2023-05-18,5,18,2023,3312.09,86.36,59.72,70.35,43.0,406.56,319.24,841.19,124.46,92.49,235.16,106.29,131.05,33.87,112.87,53.8,231.79,320.78,233.85,415.19,173.84,336.38,41.63,103.26,97.57,4670.700000000001,-0.41019718667065225
2023-12-02,12,2,2023,2996.02,65.42,59.7,62.4,33.34,423.07,329.35,655.07,141.99,88.76,225.18,116.11,157.44,25.37,117.34,43.59,181.26,354.92,220.26,333.87,139.23,355.47,58.62,105.83,97.36,4390.95,-0.46559435517786923
2023-05-07,5,7,2023,3381.63,67.53,53.17,54.53,35.54,394.6,285.05,660.58,138.23,114.33,239.87,84.5,174.0,30.26,100.01,56.12,208.95,311.69,231.56,419.83,163.51,286.37,53.43,93.43,99.03,4356.12,-0.2881716805209321
2023-04-30,4,30,2023,2872.7,76.48,46.11,50.88,35.57,354.88,294.07,724.44,179.47,109.78,216.0,102.67,123.49,25.4,84.3,57.94,179.84,259.76,181.9,363.42,129.53,281.68,45.31,116.79,112.92,4152.630000000001,-0.4455494830647131
2023-06-10,6,10,2023,2496.35,80.44,52.51,60.03,42.27,397.94,318.47,745.71,139.54,119.63,207.85,93.85,172.35,28.81,102.32,55.81,231.4,347.79,181.58,416.39,135.39,354.65,44.1,118.99,91.35,4539.17,-0.8183227512167766
2023-05-20,5,20,2023,2459.29,65.49,57.57,48.8,32.09,413.85,288.09,813.1,156.17,108.06,175.06,118.86,173.71,25.03,98.83,59.19,173.48,335.91,183.05,441.96,170.16,268.52,40.96,93.88,93.47,4435.290000000001,-0.8034839323544604
2023-10-22,10,22,2023,3080.26,84.98,48.61,48.49,33.85,380.08,253.23,824.07,146.5,95.03,167.84,112.18,179.57,31.26,113.19,40.51,190.6,265.82,199.9,412.68,141.23,282.88,50.66,103.76,83.4,4290.320000000001,-0.39284346126625685
2023-07-06,7,6,2023,3441.26,87.39,47.7,65.2,36.1,410.35,269.49,933.97,177.33,84.24,171.82,119.62,151.03,30.17,84.97,49.38,233.8,315.63,204.63,380.14,179.95,315.26,44.77,82.36,103.93,4579.2300000000005,-0.3306841098899822
2023-01-21,1,21,2023,3153.81,70.97,49.81,66.64,33.93,438.17,255.43,948.74,130.37,93.42,202.49,84.56,158.81,32.6,104.88,42.33,219.02,295.6,167.88,378.02,125.72,243.54,59.95,114.39,92.44,4409.71,-0.39821676004578593
2023-05-15,5,15,2023,2866.84,77.91,54.0,71.31,32.98,459.17,353.13,897.43,140.71,97.75,192.9,99.88,131.02,27.08,114.98,50.9,223.79,292.85,213.17,447.81,125.26,286.91,45.09,114.15,104.61,4654.789999999999,-0.6236657783482855
2023-02-04,2,4,2023,3583.63,85.1,45.29,64.63,41.4,323.43,276.42,846.36,138.68,102.86,173.6,109.74,142.45,33.94,96.84,44.92,232.26,313.8,225.34,472.14,164.42,335.3,59.52,111.75,106.92,4547.110000000001,-0.2688558807689411
2023-08-23,8,23,2023,3480.81,76.49,48.05,56.56,34.43,361.08,275.7,644.51,170.59,84.15,238.15,92.83,155.35,29.93,96.18,58.04,222.69,247.88,239.84,364.39,165.43,335.48,48.75,89.35,88.95,4224.799999999999,-0.21374047994575956
2023-01-22,1,22,2023,3210.73,83.97,54.7,49.17,33.65,342.25,257.55,678.32,166.59,96.61,176.51,116.31,158.77,28.3,116.15,40.02,196.89,315.51,195.79,457.47,140.6,300.59,56.76,88.16,111.72,4262.3600000000015,-0.32753610549625833
2023-08-11,8,11,2023,2518.31,74.73,55.88,70.51,45.2,467.27,345.87,666.31,179.24,118.83,204.07,88.55,158.77,34.17,105.75,58.14,164.12,278.92,233.4,355.64,136.52,359.7,54.46,98.84,92.35,4447.240000000001,-0.7659620936262814
2023-08-21,8,21,2023,2512.67,93.57,59.78,67.11,35.52,338.11,249.3,769.15,161.82,88.8,228.01,87.11,170.42,32.86,115.27,46.79,214.92,333.2,180.69,469.38,170.91,268.53,45.75,86.03,93.78,4406.8099999999995,-0.7538355613749514
2023-12-27,12,27,2023,3444.58,82.78,45.07,70.83,39.47,330.1,286.08,847.83,132.55,81.89,239.58,86.44,146.04,35.79,108.52,50.27,197.31,251.48,172.48,478.94,169.91,338.84,57.58,93.38,99.57,4442.73,-0.28977407985879255
2023-12-11,12,11,2023,2505.13,68.28,56.1,56.82,34.85,407.16,262.85,924.01,131.7,80.61,212.11,98.77,162.8,31.11,92.16,59.88,216.73,315.54,230.62,463.28,164.21,351.35,55.1,95.07,93.75,4664.860000000001,-0.8621229237604437
2023-07-30,7,30,2023,2941.58,67.3,49.71,66.0,32.69,368.81,284.01,950.89,161.52,84.89,238.36,97.77,142.84,35.75,112.41,54.42,173.82,359.33,163.78,340.87,137.55,261.39,44.62,118.39,83.66,4430.780000000001,-0.5062585413281301
2023-07-17,7,17,2023,2773.34,95.62,53.24,52.62,44.79,472.98,282.67,667.03,155.96,104.81,210.15,86.39,123.93,24.82,85.34,59.77,172.94,330.24,160.7,446.97,156.93,321.79,44.25,82.22,112.47,4348.630000000001,-0.5680118557407317
2023-08-08,8,8,2023,3156.66,68.02,52.69,65.14,44.62,436.43,251.21,934.46,170.1,114.52,179.65,81.6,122.41,34.42,81.24,53.62,180.99,244.3,225.66,349.75,175.41,277.36,46.81,95.48,96.7,4382.589999999999,-0.3883630166061595
2023-07-25,7,25,2023,3252.08,66.85,44.0,68.2,37.73,395.55,315.95,683.35,166.35,111.15,178.41,102.95,130.96,31.21,86.66,55.78,174.51,272.14,203.5,458.7,121.33,332.75,48.18,112.68,108.43,4307.32,-0.3244815625691864
2023-07-02,7,2,2023,2955.18,89.42,46.29,53.12,37.64,415.38,259.7,821.38,135.38,89.44,165.83,114.94,166.27,28.11,89.46,49.07,206.56,321.65,229.69,330.53,124.57,244.09,50.19,107.16,98.62,4274.490000000001,-0.44643981077294814
2023-12-15,12,15,2023,3538.23,81.86,42.9,53.12,43.42,428.64,316.12,895.46,136.71,111.56,213.41,92.08,138.23,28.26,106.59,55.57,223.28,328.23,184.1,372.57,161.98,261.25,52.59,98.54,104.83,4531.3,-0.2806685828790102
2023-10-28,10,28,2023,2511.66,68.24,54.36,59.51,35.51,446.29,250.24,714.98,152.1,97.63,222.86,106.53,126.92,33.19,88.46,52.02,185.81,284.03,233.91,422.0,128.84,280.21,51.42,84.47,88.32,4267.85,-0.6992148618841725
2023-03-30,3,30,2023,3406.64,64.34,48.27,59.25,42.22,426.75,247.23,838.47,160.58,102.47,179.3,104.46,163.49,27.06,102.37,43.22,217.15,281.24,235.78,353.94,126.95,311.92,55.22,111.33,103.29,4406.3,-0.29344456708076005
2023-04-08,4,8,2023,3058.81,69.06,58.7,61.55,33.34,454.49,265.29,933.81,139.23,97.7,209.79,92.14,158.31,27.86,80.44,40.74,200.75,281.49,214.77,362.42,127.99,356.3,46.67,110.78,105.38,4528.999999999999,-0.4806411643743806
2023-03-24,3,24,2023,2485.68,93.91,54.12,57.42,34.59,393.93,325.86,739.12,169.08,113.13,236.67,92.2,172.3,28.91,113.02,47.02,216.76,343.09,207.42,392.38,132.22,244.2,45.92,95.4,88.5,4437.17,-0.7850930127771879
2023-10-06,10,6,2023,2713.93,74.38,46.67,48.08,34.0,342.76,248.81,837.46,161.2,100.85,236.81,91.88,126.01,24.95,118.88,59.19,230.08,269.41,204.29,403.26,162.75,242.86,51.32,86.08,116.9,4318.88,-0.5913748696539706
2023-03-19,3,19,2023,3254.7,69.28,59.09,55.41,33.11,399.97,288.9,890.42,146.32,112.8,233.28,107.19,172.25,26.42,101.9,51.05,190.25,289.05,183.16,429.39,121.1,240.86,58.9,106.53,99.51,4466.139999999999,-0.3722124927028604
2023-06-17,6,17,2023,3228.96,73.4,53.17,52.45,42.65,415.63,310.95,873.83,128.47,88.7,186.59,87.56,127.09,28.06,90.1,59.92,194.53,271.01,194.36,355.62,123.69,297.07,46.57,97.39,91.62,4290.430000000001,-0.32873432931965746
2023-04-18,4,18,2023,3155.8,72.57,43.51,50.87,41.91,361.66,336.25,944.79,165.28,99.75,161.5,114.44,142.5,35.77,86.51,47.93,237.53,328.32,211.91,444.6,173.22,340.78,57.58,94.07,80.03,4673.28,-0.48085430001901247
2023-07-18,7,18,2023,3388.55,83.07,55.97,48.33,47.47,450.62,327.27,657.21,129.54,119.41,200.23,111.27,154.6,35.53,103.2,55.87,226.11,316.11,204.72,433.77,144.38,286.58,51.57,80.58,81.25,4404.66,-0.29986572427734565
2023-11-20,11,20,2023,3214.09,94.1,57.79,65.37,40.48,365.62,277.4,702.61,138.84,106.41,219.74,97.01,176.91,34.42,110.61,48.64,222.99,356.37,212.21,322.86,158.28,299.59,45.21,85.57,81.17,4320.2,-0.3441440656608868
2023-12-04,12,4,2023,3463.86,84.39,46.99,52.4,41.93,448.62,240.56,942.24,154.21,119.83,208.17,97.71,164.05,30.15,83.33,58.62,200.63,310.28,235.07,443.57,121.48,283.05,45.3,115.28,91.84,4619.700000000001,-0.33368554156345825
2023-08-17,8,17,2023,3027.26,84.26,46.17,66.43,39.99,336.71,240.76,803.91,165.43,111.35,197.04,112.59,165.56,34.17,83.1,53.96,192.05,310.65,172.85,414.65,176.1,263.94,52.64,103.29,105.14,4332.740000000001,-0.4312414526667681
2023-07-23,7,23,2023,3065.61,73.02,40.28,64.77,45.55,430.34,267.57,889.82,161.5,117.22,184.79,110.98,155.78,27.66,116.15,53.09,224.83,262.32,236.36,400.21,128.32,345.53,60.0,99.61,113.67,4609.37,-0.5035735139172953
2023-05-23,5,23,2023,2522.96,74.76,55.57,54.72,38.53,380.01,355.54,817.86,169.64,88.24,195.46,95.12,134.19,24.82,119.33,42.27,236.59,336.61,189.52,449.74,179.43,256.59,41.42,99.77,97.21,4532.9400000000005,-0.7966753337349781
2023-09-10,9,10,2023,2760.96,81.52,46.29,63.31,36.37,438.34,260.79,668.1,127.35,83.28,173.24,116.96,176.07,30.28,107.75,55.7,205.73,332.78,181.59,328.52,125.38,255.51,56.13,105.88,112.49,4169.36,-0.5101124246638848
2023-08-28,8,28,2023,2709.85,81.92,59.9,64.48,41.1,335.44,310.57,899.58,173.17,87.55,200.05,87.44,124.06,27.09,112.15,50.78,181.01,333.56,219.96,401.43,121.5,299.77,51.69,98.45,105.75,4468.4,-0.6489473587098916
2023-07-05,7,5,2023,2938.34,87.43,48.19,54.91,37.28,348.55,277.15,787.78,176.84,95.45,230.23,105.17,169.43,31.94,95.94,48.73,210.07,350.62,160.12,444.02,130.46,295.09,42.63,110.16,89.42,4427.61,-0.5068405970718158
2023-03-01,3,1,2023,3264.2,80.74,48.75,48.61,46.07,470.72,268.9,904.89,138.15,109.32,188.03,103.29,176.76,34.49,81.87,43.45,231.49,242.44,176.09,402.18,179.84,286.73,57.14,100.06,118.25,4538.26,-0.39031309356044375
2023-10-13,10,13,2023,2763.79,64.06,58.46,58.82,35.2,430.76,319.08,816.7,174.46,116.33,209.44,91.84,161.08,32.14,91.73,59.5,207.96,271.68,196.46,333.11,134.07,298.87,52.11,96.03,105.52,4415.41,-0.5975924364731039
2023-08-09,8,9,2023,2425.28,81.28,55.99,51.1,42.94,343.45,354.96,645.21,160.92,86.89,197.81,80.34,158.27,32.77,102.09,52.52,193.75,315.78,176.2,417.54,128.95,354.31,42.42,100.56,84.14,4260.1900000000005,-0.7565765602322206
2023-11-16,11,16,2023,2425.05,89.44,46.4,60.88,35.47,475.36,260.94,926.79,133.66,99.8,178.04,90.36,136.08,34.78,115.24,56.99,201.26,306.74,234.73,426.8,135.26,305.19,52.96,90.84,117.5,4611.509999999999,-0.9016143997030984
2023-03-27,3,27,2023,3588.95,69.25,53.72,52.6,34.82,470.31,276.13,881.38,179.19,84.78,206.7,97.79,122.72,32.49,110.64,48.0,171.74,349.9,168.87,422.91,146.77,330.33,46.36,117.8,114.22,4589.419999999999,-0.2787639838950109
2023-02-11,2,11,2023,3334.97,75.03,47.14,55.25,39.15,344.69,243.35,656.41,135.85,100.64,208.83,107.25,157.09,29.91,90.53,45.08,232.69,318.92,209.07,457.65,132.04,266.21,45.06,114.39,94.59,4206.820000000001,-0.26142663951999595
2023-01-27,1,27,2023,3029.59,89.07,48.76,54.45,35.56,437.47,330.21,924.31,179.4,96.01,160.35,105.92,153.04,24.02,118.04,49.75,236.39,329.6,190.55,441.67,177.26,282.69,50.38,116.19,118.2,4749.289999999999,-0.567634564413006
2023-06-12,6,12,2023,2961.37,71.5,44.65,71.9,40.02,399.81,356.43,949.28,131.06,101.37,234.42,109.93,174.87,27.49,107.0,46.53,207.53,274.73,226.52,380.77,126.29,313.43,49.27,109.53,100.98,4655.3099999999995,-0.572012278101014
2023-03-20,3,20,2023,3291.76,92.85,49.23,63.17,34.48,406.55,345.52,895.22,141.19,86.4,212.56,110.17,139.66,25.39,97.99,44.91,237.88,258.15,166.31,456.17,161.6,353.11,41.27,97.85,105.52,4623.150000000001,-0.40446144311857496
2023-06-20,6,20,2023,3232.24,78.55,57.45,59.52,37.89,326.9,290.24,868.95,171.99,90.42,208.39,104.22,150.49,35.85,111.42,49.82,169.96,287.83,210.23,403.1,170.61,325.4,41.05,80.73,86.63,4417.64,-0.3667425686211422
2023-05-27,5,27,2023,3580.98,82.42,42.71,64.19,43.69,476.53,241.16,708.61,138.16,115.93,198.39,118.94,166.76,32.48,111.6,40.37,224.72,314.04,175.53,444.37,133.79,353.18,58.72,87.61,94.77,4468.67,-0.2478902423358969
2023-04-16,4,16,2023,2526.52,93.49,48.82,53.28,34.42,433.79,284.3,862.19,167.68,90.82,231.94,105.08,178.46,32.79,84.33,52.33,199.89,283.8,227.82,410.57,133.7,323.3,52.84,85.33,113.34,4584.31,-0.8144760381869134
2023-09-26,9,26,2023,2446.79,82.89,58.14,53.65,44.82,426.05,341.27,766.75,172.45,83.77,163.12,87.14,136.59,29.15,98.4,48.29,175.72,244.84,177.81,330.17,143.25,248.09,51.43,90.3,95.72,4149.81,-0.6960221351239789
2023-01-21,1,21,2023,2961.23,76.15,52.25,60.91,38.51,459.73,270.77,904.12,155.2,84.8,188.08,81.69,140.58,32.03,97.61,59.44,185.83,346.54,178.28,437.85,179.51,329.63,50.51,85.42,100.13,4595.570000000001,-0.5519125498525952
2023-03-31,3,31,2023,3425.13,64.53,43.23,65.56,46.84,467.93,261.56,861.21,169.88,86.33,214.98,113.7,130.08,33.34,109.19,58.66,213.34,268.97,229.22,432.17,133.3,248.13,47.72,118.33,89.35,4507.55,-0.3160230414612
2023-03-23,3,23,2023,2901.54,78.05,47.31,61.99,34.11,390.52,253.15,822.99,162.02,96.3,188.2,108.1,138.07,28.73,109.23,52.77,195.23,347.59,220.15,418.2,167.54,267.87,53.81,101.36,97.47,4440.76,-0.5304838120446385
2023-11-17,11,17,2023,3114.56,79.67,48.54,54.97,47.63,446.18,313.71,820.77,165.8,99.21,175.44,110.74,139.54,33.07,103.88,58.28,239.16,349.19,166.83,322.06,121.92,341.96,49.42,89.46,115.09,4492.52,-0.4424252542895306
2023-09-23,9,23,2023,3398.12,69.01,48.17,59.44,36.0,413.89,298.16,878.43,132.47,87.34,185.42,109.33,125.31,26.39,105.0,43.0,197.98,344.9,211.88,459.78,135.91,323.23,54.53,91.34,91.33,4528.239999999999,-0.3325721281179002
2023-09-04,9,4,2023,3536.64,78.2,58.27,65.02,45.38,366.43,335.65,901.26,163.73,98.39,225.25,98.22,121.42,35.1,102.32,48.99,221.66,329.48,170.05,320.92,166.31,254.47,49.45,104.37,101.28,4461.619999999999,-0.2615420285921098
2023-03-26,3,26,2023,2629.29,76.03,56.44,51.14,47.63,416.81,347.73,944.67,174.72,101.78,201.42,110.86,153.82,31.2,87.07,59.66,174.09,249.89,172.91,384.94,138.96,349.73,54.29,102.22,94.61,4582.62,-0.7429115844961948
2023-09-02,9,2,2023,2489.96,69.54,58.07,52.11,43.35,440.95,328.33,834.51,131.52,96.77,223.76,110.91,171.91,27.49,99.49,43.67,203.29,346.0,200.0,324.49,173.68,344.04,47.1,107.89,82.33,4561.2,-0.8318366560105382
2023-05-16,5,16,2023,2694.68,65.49,59.61,60.98,40.01,423.96,258.42,794.07,157.07,106.34,194.48,111.95,147.99,26.47,87.71,41.95,173.56,329.49,164.02,417.5,172.53,297.07,41.61,99.47,115.46,4387.209999999999,-0.628100553683554
2023-12-16,12,16,2023,3042.05,89.68,50.61,55.27,42.45,434.08,328.35,798.29,156.88,119.97,167.97,91.62,139.58,31.48,80.11,54.43,181.75,314.59,194.12,359.96,150.77,250.94,51.4,81.57,117.45,4343.319999999999,-0.42776088492957004
2023-10-04,10,4,2023,2748.04,85.87,52.68,69.92,45.56,431.04,246.54,921.3,122.82,98.47,229.16,101.95,162.47,35.7,104.69,43.29,229.1,346.66,197.81,436.58,162.41,245.68,58.18,93.45,89.94,4611.269999999999,-0.6780214261801133
2023-03-02,3,2,2023,3194.51,92.36,43.69,59.4,37.97,460.84,321.29,822.43,141.94,92.59,160.95,107.24,147.18,27.81,85.3,45.03,194.24,356.01,171.88,419.0,146.5,298.19,43.83,80.44,97.75,4453.86,-0.3942232142018649
2023-02-11,2,11,2023,2888.54,81.39,48.01,52.34,44.08,419.44,275.87,834.84,154.7,114.27,163.08,88.34,163.22,26.04,118.51,42.23,191.21,303.94,177.4,331.03,158.07,332.35,46.07,81.02,108.71,4356.160000000001,-0.5080836685661271
2023-11-01,11,1,2023,2495.81,94.21,47.24,55.99,42.64,371.98,302.71,819.33,124.26,105.57,205.65,112.31,152.26,34.04,108.52,40.68,170.7,340.49,178.73,377.04,123.84,319.58,55.47,115.13,119.68,4418.05,-0.7701868331323299
2023-11-21,11,21,2023,2887.36,77.3,44.85,60.97,32.74,406.22,287.0,650.65,120.36,117.83,227.73,89.15,160.23,25.26,94.98,43.83,195.0,290.65,229.57,460.81,122.0,320.8,45.26,95.88,116.97,4316.040000000001,-0.4948049429236398
2023-02-09,2,9,2023,3306.6,72.03,53.64,71.36,33.66,348.73,280.29,808.82,162.69,104.22,188.81,93.4,168.86,26.33,98.91,52.02,198.15,304.66,200.92,333.01,162.68,301.8,40.86,96.19,83.12,4285.16,-0.2959414504324684
2023-10-22,10,22,2023,3059.02,88.03,50.15,58.69,42.3,432.83,263.3,697.82,148.48,98.1,200.71,92.92,139.08,27.42,99.08,53.63,161.87,244.76,221.59,447.18,164.26,306.25,50.15,87.63,101.61,4277.839999999999,-0.39843479284215183
2023-07-11,7,11,2023,3434.19,73.07,58.88,53.56,34.67,394.62,283.82,666.34,177.59,109.04,185.74,94.56,148.37,24.62,83.38,52.85,225.33,358.22,172.95,384.15,165.38,307.74,41.63,82.27,94.7,4273.4800000000005,-0.24439241859070127
2023-08-19,8,19,2023,3584.51,82.81,40.53,61.4,36.08,358.11,252.23,870.1,166.21,117.29,234.1,81.56,178.53,28.82,92.36,55.58,228.97,268.65,186.78,431.12,152.32,301.83,44.03,112.08,89.07,4470.56,-0.24718859760469356
2023-02-15,2,15,2023,2716.1,71.97,43.09,68.42,40.18,468.97,322.29,800.54,176.16,105.21,219.63,117.63,168.41,29.16,92.87,45.17,208.84,349.93,221.51,325.59,121.28,258.2,50.74,83.3,81.57,4470.66,-0.6459850520967564
2023-04-16,4,16,2023,3475.06,87.92,47.98,68.38,39.46,322.09,326.1,904.0,167.77,92.34,210.0,108.17,173.57,28.7,118.96,59.07,215.58,333.38,187.65,343.63,163.94,331.58,58.68,86.47,82.5,4557.920000000001,-0.31160900818978693
2023-02-13,2,13,2023,2584.96,90.02,51.48,56.68,35.22,352.44,279.32,827.36,173.51,119.05,165.84,103.69,171.86,32.94,116.32,47.52,183.09,312.72,222.93,354.02,121.49,338.42,40.97,110.05,115.31,4422.250000000001,-0.7107614818024267
2023-01-23,1,23,2023,2538.69,78.75,58.36,55.05,38.34,406.28,275.52,818.92,142.52,102.98,198.99,92.94,147.35,33.11,116.76,41.9,170.56,264.59,169.22,371.02,160.96,272.73,49.97,86.92,113.48,4267.219999999999,-0.6808747818756915
2023-05-27,5,27,2023,2485.81,64.95,55.07,63.3,39.24,336.73,252.77,729.66,163.97,96.33,190.76,107.41,153.58,35.03,87.58,54.36,213.92,345.37,236.26,340.91,151.75,243.86,56.24,91.59,104.98,4215.619999999999,-0.6958737795728551
2023-07-31,7,31,2023,2658.54,75.51,58.43,63.73,47.73,330.88,247.97,832.07,168.16,112.36,181.0,107.07,162.89,28.18,92.86,57.7,186.95,283.84,235.5,333.44,154.34,283.78,51.39,99.52,93.47,4288.77,-0.6132049922137717
2023-11-16,11,16,2023,3431.82,95.06,47.22,63.9,41.08,361.57,257.74,937.53,120.27,81.5,220.9,100.18,159.97,24.02,98.08,44.94,219.66,291.54,227.81,470.79,124.0,354.75,41.99,115.13,81.36,4580.989999999999,-0.33485730603586394
2023-07-28,7,28,2023,3049.6,83.48,47.07,49.94,46.37,404.2,306.15,740.39,130.52,107.11,186.49,97.34,162.27,28.61,85.69,43.31,164.41,329.56,185.78,362.6,168.38,295.2,40.35,118.54,95.31,4279.070000000001,-0.40315779118572953
2023-04-20,4,20,2023,3120.67,68.59,44.33,68.82,42.31,440.65,340.25,789.0,120.55,95.2,214.36,105.84,128.5,26.88,110.35,59.26,239.29,330.99,175.03,409.85,174.32,320.03,53.19,93.35,98.48,4549.42,-0.45783437531043014
2023-07-06,7,6,2023,3162.81,65.74,49.29,48.56,36.9,351.26,240.87,943.73,143.44,98.49,179.89,86.8,140.57,30.55,98.4,54.6,177.28,268.11,215.74,383.15,167.83,343.93,46.75,97.03,111.37,4380.280000000001,-0.38493301842349076
2023-06-05,6,5,2023,3035.39,78.57,58.03,64.32,34.19,472.13,342.82,662.82,173.75,96.43,193.92,94.54,166.72,24.36,101.21,55.88,238.23,328.76,231.93,333.61,138.92,259.85,44.24,99.8,113.79,4408.820000000001,-0.45247233469175324
2023-03-03,3,3,2023,3230.57,64.63,55.11,53.19,32.57,442.16,310.07,657.09,154.86,115.8,179.31,90.17,159.82,34.07,107.88,41.1,202.32,297.69,236.55,400.61,160.02,287.08,46.55,106.83,86.22,4321.700000000002,-0.3377515422974897
2023-06-29,6,29,2023,2622.07,78.86,47.8,56.44,37.37,430.9,340.98,923.55,138.7,85.66,174.03,99.75,121.38,31.24,85.86,47.19,216.64,338.97,184.97,364.69,171.49,331.56,43.46,96.97,82.32,4530.78,-0.7279401388978934
2023-07-01,7,1,2023,2609.63,80.29,42.05,54.59,40.76,332.11,274.53,878.95,163.87,108.02,213.16,98.26,149.92,31.47,84.81,45.07,183.19,269.45,190.66,474.45,142.5,330.53,59.89,116.8,93.52,4458.85,-0.7086138648007573
2023-06-29,6,29,2023,2644.9,87.4,44.0,55.14,39.73,394.87,291.81,659.97,166.44,118.17,185.62,101.45,150.56,29.45,112.15,59.83,184.0,337.27,223.6,457.03,174.51,310.41,41.36,107.03,115.22,4447.0199999999995,-0.6813565730273354
2023-10-19,10,19,2023,2987.2,84.33,52.81,65.1,44.05,468.29,359.94,937.9,175.18,106.77,214.11,115.05,138.72,34.37,117.78,50.48,216.86,288.99,197.4,338.31,121.27,277.59,46.34,83.14,117.19,4651.970000000001,-0.5573011515800754
2023-06-27,6,27,2023,3537.21,75.3,56.06,49.04,46.89,449.06,315.07,679.24,151.27,111.81,208.46,95.25,126.26,28.47,101.11,40.55,199.04,328.08,195.07,340.17,147.37,240.94,41.58,87.44,96.59,4210.12,-0.19023750356919714
2023-04-20,4,20,2023,3170.08,75.4,48.12,63.56,36.17,329.64,245.83,844.48,178.64,111.12,192.3,110.73,148.89,31.32,93.73,44.94,221.11,342.52,230.11,445.96,164.07,333.06,52.09,115.42,108.41,4567.620000000001,-0.44085322767879703
2023-02-12,2,12,2023,3098.37,64.04,42.62,53.93,39.95,336.86,352.89,863.08,166.9,85.04,236.01,94.62,169.91,25.45,87.24,56.23,224.55,264.34,183.94,418.11,165.77,316.38,46.49,108.51,118.21,4521.07,-0.4591769220590181
2023-04-15,4,15,2023,3592.78,92.01,48.86,66.6,33.26,329.19,318.48,908.94,143.71,110.83,165.33,82.85,161.51,33.14,109.21,57.43,212.16,307.96,199.59,470.33,132.55,242.4,46.39,116.88,94.46,4484.07,-0.24807808994706035
2023-04-08,4,8,2023,2531.1,67.41,59.45,51.57,36.68,390.92,355.08,824.76,149.98,90.24,168.27,94.32,170.79,24.26,93.68,53.85,195.97,342.51,180.33,461.61,126.57,306.79,53.63,107.67,105.2,4511.54,-0.7824424163407214
2023-05-19,5,19,2023,2630.24,81.55,42.21,50.12,46.04,464.74,353.13,881.18,136.89,106.0,222.3,113.23,166.86,33.82,97.63,50.64,180.02,346.1,213.31,402.89,139.76,276.16,43.54,86.46,108.79,4643.37,-0.7653788247460309
2023-07-13,7,13,2023,3223.11,68.15,51.08,49.31,44.12,459.88,255.18,696.59,155.44,110.05,218.41,91.35,174.14,28.21,117.55,54.24,207.1,288.67,199.1,422.51,123.92,340.13,57.01,118.66,87.69,4418.49,-0.37087781676703546
2023-08-01,8,1,2023,2650.32,72.85,44.0,65.43,33.65,429.26,302.26,693.47,146.66,109.08,187.67,90.78,168.68,29.52,89.53,44.22,180.65,342.39,170.04,369.84,151.29,302.42,59.32,113.57,106.03,4302.61,-0.623430378218479
2023-04-10,4,10,2023,2599.04,92.73,56.97,68.84,35.54,324.2,354.85,698.22,176.05,90.46,191.64,103.16,131.55,30.21,99.69,42.21,234.22,346.42,187.16,461.08,172.79,325.47,54.57,85.62,87.3,4450.95,-0.712536167200197
2023-02-12,2,12,2023,3419.14,92.43,53.36,71.49,46.52,325.37,276.65,842.85,132.89,118.83,170.63,117.17,122.83,26.71,113.1,49.57,176.87,276.21,233.55,454.95,141.53,243.95,41.09,83.88,106.53,4318.96,-0.2631714407716561
2023-07-30,7,30,2023,2687.86,70.34,47.55,61.58,42.24,350.2,344.57,802.48,163.84,116.81,209.31,104.23,148.78,32.34,92.84,53.88,227.17,325.17,231.69,367.0,138.91,278.49,53.93,103.86,99.92,4467.130000000001,-0.6619652809298107
2023-04-08,4,8,2023,2989.92,74.09,46.23,69.32,40.67,334.2,317.68,808.11,143.63,95.9,193.5,89.18,168.81,26.22,100.49,40.69,166.54,280.7,218.53,380.66,130.33,312.67,49.29,80.23,94.25,4261.919999999999,-0.4254294429282386
2023-05-13,5,13,2023,3200.24,67.64,58.49,70.37,36.17,325.06,344.56,758.8,136.22,99.76,188.27,119.09,175.69,29.09,107.37,56.06,217.52,357.13,231.3,393.28,168.2,281.81,44.01,89.93,117.44,4473.260000000001,-0.3977889158313131
2023-07-31,7,31,2023,2597.12,82.09,44.42,64.0,37.2,455.33,253.03,861.56,129.21,108.2,230.81,113.84,155.64,35.85,99.48,40.73,205.41,293.7,238.44,451.05,160.2,291.93,43.36,102.58,101.93,4599.99,-0.7711888553474618
2023-04-22,4,22,2023,2676.17,93.48,45.16,55.49,39.77,412.8,286.14,874.23,166.54,100.37,171.98,106.89,170.86,25.21,91.45,51.91,234.06,354.68,220.28,422.27,159.47,313.57,50.38,88.99,110.42,4646.4,-0.7362125724449491
2023-02-11,2,11,2023,3242.15,86.03,50.29,58.74,36.22,452.16,333.44,783.36,179.21,113.35,233.35,87.98,120.19,24.76,83.47,41.94,209.37,270.12,169.17,407.77,128.58,330.35,49.96,118.06,83.28,4451.150000000001,-0.3729006986104901
2023-08-28,8,28,2023,3223.83,86.83,46.86,65.28,40.9,393.97,354.28,646.71,165.09,83.09,165.17,112.24,165.71,31.0,108.71,53.97,202.74,278.21,223.08,455.44,174.91,274.64,47.81,92.46,85.67,4354.7699999999995,-0.3508063390439321
2023-08-16,8,16,2023,2772.35,73.49,41.64,52.03,34.66,428.75,342.26,910.93,150.09,105.74,232.72,105.99,121.8,25.38,109.73,46.91,214.68,266.85,166.99,410.64,126.99,243.55,52.92,103.3,87.18,4455.219999999999,-0.6070193157429615
2023-07-25,7,25,2023,2443.8,88.25,57.78,71.12,40.67,377.4,320.1,822.25,163.57,118.22,196.61,87.15,166.48,26.74,106.09,41.05,165.7,306.43,195.0,454.52,136.11,321.12,42.59,103.13,113.02,4521.100000000001,-0.8500286439152144
2023-08-18,8,18,2023,3118.53,95.12,46.44,64.1,45.28,381.98,257.97,849.0,129.52,114.09,205.48,100.03,168.5,30.03,99.41,58.96,213.03,304.53,224.0,365.21,165.9,302.21,58.64,83.03,87.03,4449.49,-0.4267908277297315
2023-03-18,3,18,2023,2685.43,82.22,40.7,62.45,42.29,441.15,245.08,765.4,147.83,89.03,171.14,90.81,177.82,26.52,83.57,44.92,236.3,302.19,230.75,395.88,162.45,296.31,57.91,97.3,113.5,4403.52,-0.6397820833162662
2023-09-17,9,17,2023,2736.22,87.45,58.33,60.09,47.42,438.15,246.33,777.8,144.71,90.68,205.87,91.18,134.69,33.66,100.5,57.85,188.2,326.7,169.79,448.98,150.18,306.47,55.22,98.18,111.4,4429.83,-0.6189597327700259
2023-09-27,9,27,2023,3124.01,71.39,42.74,62.83,44.26,447.82,313.58,653.18,158.49,117.29,229.96,102.83,132.51,28.54,80.86,55.69,234.04,322.55,191.77,337.86,142.27,292.61,52.84,119.78,119.37,4355.0599999999995,-0.39406083847362816
2023-04-07,4,7,2023,3438.02,81.12,48.99,60.59,42.79,392.34,296.08,815.95,139.32,115.21,161.71,91.4,144.19,25.39,85.86,45.03,193.1,276.3,190.23,389.46,133.26,286.26,55.07,95.63,119.01,4284.290000000001,-0.2461504005212305
2023-10-10,10,10,2023,3200.77,67.63,58.33,51.43,42.55,342.49,261.12,915.53,174.32,118.72,174.65,82.27,149.53,32.99,118.7,50.98,174.88,243.68,211.41,391.36,176.29,328.46,49.97,81.84,110.26,4409.39,-0.37760288930476116
2023-03-31,3,31,2023,2678.1,74.72,48.95,64.84,44.99,439.15,328.82,841.54,162.5,93.88,160.55,87.15,127.79,33.99,104.84,52.38,231.04,248.15,176.73,322.32,137.15,346.01,57.65,108.54,106.48,4400.16,-0.6430155707404503
2023-06-14,6,14,2023,2459.23,87.17,49.45,55.12,42.22,468.03,249.7,712.27,129.32,85.38,229.85,96.46,145.35,27.75,89.58,56.8,221.85,307.32,167.0,407.81,161.26,325.71,44.36,89.99,87.91,4337.659999999999,-0.7638285154296259
2023-05-01,5,1,2023,3501.39,87.99,54.94,68.01,35.18,432.48,248.42,870.21,123.75,99.96,193.12,104.23,173.11,34.67,96.82,58.12,217.6,304.31,200.41,423.23,120.7,323.93,52.19,91.54,115.92,4530.839999999999,-0.29401180673960897
2023-10-24,10,24,2023,2621.27,93.78,41.27,62.89,43.89,412.71,349.38,749.74,160.59,119.6,176.83,105.98,122.51,34.88,81.55,53.6,207.93,302.14,166.0,321.15,129.5,257.75,55.95,106.16,115.28,4271.0599999999995,-0.6293857557596125
2023-12-11,12,11,2023,3499.88,79.93,59.93,58.56,35.79,325.54,314.99,883.56,136.05,80.24,235.72,88.14,165.7,27.23,86.06,44.96,183.33,272.01,220.65,334.74,149.76,279.79,45.26,109.95,81.73,4299.62,-0.22850497731350783
2023-04-21,4,21,2023,3100.51,80.22,52.8,49.96,41.65,379.87,349.53,831.09,125.62,91.69,179.2,103.71,166.16,32.45,87.0,59.12,237.55,348.03,162.25,439.59,129.15,342.02,42.89,81.84,104.28,4517.67,-0.457073191184676
2023-07-19,7,19,2023,2644.02,65.79,47.53,51.78,45.43,366.95,347.48,942.68,148.11,111.36,223.01,113.36,175.26,31.33,83.5,49.38,194.21,303.99,216.15,410.08,145.02,326.87,40.4,86.81,103.47,4629.95,-0.7511024878783065
2023-07-07,7,7,2023,3351.71,81.47,41.76,70.78,43.02,462.5,247.6,871.17,151.63,117.92,187.53,103.69,130.74,24.57,93.78,42.32,193.09,259.33,227.12,463.38,139.2,258.24,55.88,100.2,81.05,4447.970000000001,-0.3270748364267795
2023-01-22,1,22,2023,2771.99,93.1,58.83,67.78,36.39,410.22,284.81,653.79,138.03,105.74,219.24,106.33,125.23,32.98,80.57,45.19,224.58,331.16,198.35,454.35,173.38,339.45,51.18,112.88,93.26,4436.820000000001,-0.6005901897192994
2023-03-06,3,6,2023,2863.84,69.15,57.44,60.53,36.07,338.51,267.69,701.45,153.12,82.18,174.0,116.89,123.58,29.76,99.06,40.56,179.1,265.74,203.42,351.73,168.28,343.22,48.73,98.74,106.77,4115.72,-0.4371333594055534
2023-07-09,7,9,2023,2968.03,65.71,50.16,68.6,45.06,352.27,300.9,765.81,122.14,83.83,167.99,88.99,170.35,26.64,108.53,51.7,168.98,330.28,216.42,411.57,170.44,338.96,53.29,98.1,91.45,4348.17,-0.46500203838909976
2023-08-04,8,4,2023,3151.44,87.15,43.92,53.53,36.36,322.57,348.05,654.11,159.9,116.73,187.11,111.1,150.05,28.32,100.54,47.0,187.46,342.56,194.39,416.37,141.64,340.59,53.27,109.35,103.86,4335.93,-0.3758567511994517
2023-11-02,11,2,2023,2731.19,66.02,51.39,68.46,36.02,358.43,352.17,716.23,124.03,112.57,226.77,114.87,161.83,28.57,114.4,47.06,192.24,306.17,229.41,329.49,129.38,256.41,52.77,80.72,87.6,4243.01,-0.5535389335784036
2023-12-28,12,28,2023,2756.53,79.87,56.34,64.21,46.01,344.48,311.29,660.9,171.51,118.22,219.44,95.85,124.56,26.27,94.79,58.76,167.95,292.17,210.35,327.13,163.81,244.88,49.07,116.18,117.16,4161.2,-0.5095790722393733
2023-05-21,5,21,2023,2421.87,78.39,48.9,49.81,43.0,387.39,247.19,875.52,153.7,112.18,177.63,84.39,175.7,33.66,92.36,52.14,205.19,264.35,167.63,377.5,159.03,268.93,52.33,98.57,117.07,4322.5599999999995,-0.7848026524957986
2023-04-14,4,14,2023,2522.08,95.43,42.63,71.62,45.2,380.1,335.5,939.3,129.51,119.97,231.81,105.64,122.82,25.62,102.95,49.88,216.7,342.79,166.69,356.47,122.3,245.41,42.91,98.92,109.85,4500.0199999999995,-0.7842495083423204
2023-01-07,1,7,2023,3571.42,80.98,49.82,71.54,39.81,432.53,326.7,918.32,174.92,93.86,210.26,117.49,122.28,34.01,112.18,46.22,168.84,276.19,171.16,405.2,150.63,248.72,54.44,117.6,108.38,4532.080000000001,-0.2689854455650696
2023-05-27,5,27,2023,2989.45,84.8,58.6,59.64,41.94,417.94,340.72,878.0,131.92,106.87,225.55,80.23,142.12,24.97,119.0,47.34,212.0,240.67,180.08,376.8,162.96,328.41,44.62,91.58,90.01,4486.77,-0.5008680526518259
2023-05-20,5,20,2023,3066.31,75.57,51.34,70.03,45.28,430.5,301.98,733.67,133.23,106.92,232.52,88.25,178.48,31.57,80.45,52.19,178.18,242.41,203.6,446.55,167.77,266.65,41.82,84.65,91.99,4335.5999999999985,-0.41394705688596345
2023-09-09,9,9,2023,2813.2,95.18,49.36,67.02,34.69,456.3,348.75,720.75,138.34,109.45,183.03,117.56,140.02,27.61,90.43,55.05,232.27,356.7,231.4,323.37,150.89,347.45,51.09,101.13,101.33,4529.17,-0.6099708516991328
2023-02-19,2,19,2023,3509.08,66.57,58.95,63.67,41.3,372.33,301.85,914.09,121.73,89.03,226.42,85.74,149.07,27.69,88.93,46.86,171.4,276.66,225.18,450.69,132.88,349.43,54.28,111.03,101.72,4527.5,-0.2902242183136321
2023-04-01,4,1,2023,2463.09,94.63,43.34,60.61,44.23,440.34,297.77,739.9,135.7,115.07,171.25,118.68,137.55,25.92,94.1,50.99,209.37,271.48,204.78,328.05,134.14,327.19,42.41,100.31,100.17,4287.9800000000005,-0.7408945673929902
2023-11-28,11,28,2023,2735.28,81.16,40.48,55.82,42.91,334.87,268.28,805.19,162.62,98.95,199.05,110.97,135.99,30.94,103.45,45.18,182.41,359.09,202.73,471.17,158.48,348.31,57.37,108.88,113.07,4517.37,-0.6515201368781257
2023-03-15,3,15,2023,2755.43,65.22,43.0,49.72,36.56,385.46,267.88,752.35,146.27,111.85,179.78,82.35,171.75,27.86,93.88,56.44,215.17,262.92,210.43,339.15,135.91,342.57,52.93,98.53,98.18,4226.160000000001,-0.5337569816689232
2023-02-26,2,26,2023,3593.46,65.81,49.0,54.04,34.16,440.24,317.47,956.03,131.31,113.66,193.13,85.46,158.05,32.43,105.55,42.13,160.01,330.89,233.63,442.8,146.87,278.05,49.05,94.93,93.96,4608.660000000001,-0.28251323237214293
2023-10-25,10,25,2023,3180.52,83.33,59.92,48.43,38.87,350.45,267.23,906.15,167.88,96.62,227.75,88.05,165.34,26.77,84.49,41.96,191.53,246.36,164.8,458.24,156.47,279.44,44.12,80.83,86.87,4361.900000000001,-0.3714424056443602
2023-10-04,10,4,2023,3507.96,76.56,42.98,49.59,34.83,377.44,278.38,959.16,136.88,90.57,183.3,88.0,143.61,26.73,117.83,41.99,161.29,269.66,163.69,465.86,150.45,294.73,45.59,80.15,88.47,4367.74,-0.24509401475501424
2023-12-18,12,18,2023,3102.16,72.53,58.91,64.59,43.01,364.74,336.62,831.82,131.78,88.76,216.86,114.69,172.07,25.97,84.21,46.49,171.96,336.33,170.68,386.19,170.71,354.58,50.77,113.1,115.67,4523.040000000001,-0.45802924413956764
2023-07-29,7,29,2023,3281.54,65.97,44.17,49.57,33.48,381.99,266.25,893.44,127.22,109.46,196.61,110.78,146.87,28.18,91.08,41.34,181.23,297.5,174.26,442.89,140.5,347.02,59.49,97.7,111.44,4438.44,-0.3525478891008489
2023-10-29,10,29,2023,3341.69,78.6,42.02,58.44,39.36,344.06,337.6,718.3,144.56,116.22,220.26,88.83,122.32,29.59,101.23,58.97,176.62,265.94,221.71,436.38,154.91,249.15,50.0,110.19,106.57,4271.83,-0.27834419111287995
2023-07-06,7,6,2023,3436.5,71.07,43.7,50.6,47.19,408.66,330.46,877.38,128.52,105.71,228.86,101.04,146.27,27.94,106.89,58.57,188.26,322.27,225.0,419.94,132.73,276.01,58.0,100.93,112.22,4568.22,-0.3293234395460498
2023-01-02,1,2,2023,2444.21,73.41,52.33,54.27,44.12,442.08,311.09,827.33,171.18,95.95,239.55,113.94,125.95,34.26,114.58,58.15,216.18,313.15,163.25,391.18,173.24,255.93,47.87,119.63,95.33,4533.950000000001,-0.8549756362996636
2023-11-28,11,28,2023,3367.95,77.66,54.89,58.87,38.84,419.76,286.28,916.35,127.69,89.55,160.92,111.62,147.17,28.41,90.27,53.02,182.06,325.12,236.28,357.03,150.03,246.11,41.33,92.7,85.97,4377.93,-0.2998797488086226
2023-10-06,10,6,2023,3174.8,64.14,59.71,63.41,41.56,477.65,298.0,845.23,154.84,100.1,218.08,107.22,127.42,30.2,94.95,54.12,193.14,271.32,231.0,408.36,120.22,346.83,51.22,85.79,116.23,4560.739999999999,-0.4365440342698748
2023-04-02,4,2,2023,3215.32,73.41,47.76,50.0,43.14,372.12,296.76,904.83,153.69,95.92,239.43,113.97,141.29,29.97,82.1,58.14,203.56,303.59,175.77,411.34,131.86,356.28,54.6,90.6,104.91,4535.04,-0.4104474826766853
2023-12-31,12,31,2023,2542.09,88.78,57.8,49.86,38.48,360.77,306.94,783.29,178.53,91.86,195.54,113.53,154.07,35.46,118.05,53.58,214.42,345.43,162.07,450.0,139.32,296.22,40.96,104.81,97.33,4477.100000000001,-0.7611886282547042
2023-07-18,7,18,2023,3225.42,89.81,51.74,57.91,43.47,451.59,348.26,675.45,156.25,117.48,216.13,96.39,122.61,26.79,108.59,54.52,163.68,350.96,233.41,411.05,148.19,285.97,53.37,82.1,86.41,4432.13,-0.3741249201654358
2023-01-13,1,13,2023,3178.02,72.0,54.01,55.39,34.09,401.86,256.38,749.97,130.84,81.18,184.86,86.61,135.6,28.03,108.16,43.72,210.06,257.74,230.59,323.71,141.66,359.99,52.93,81.05,90.1,4170.53,-0.3123045166487309
2023-02-10,2,10,2023,3460.83,82.21,48.05,54.26,34.55,431.13,251.7,888.45,139.17,108.66,204.84,96.87,170.89,35.28,81.04,51.99,230.0,288.91,200.9,418.55,148.92,321.17,49.82,82.38,109.17,4528.91,-0.30861960859100274
2023-04-09,4,9,2023,3253.98,67.18,53.85,68.52,38.49,367.9,337.41,803.26,176.83,117.65,206.2,91.6,122.35,31.91,112.53,40.43,207.82,327.49,203.77,408.32,127.72,334.58,49.45,82.39,92.13,4469.780000000001,-0.37363474883066294
2023-01-31,1,31,2023,2993.93,85.02,44.47,58.13,38.78,473.01,246.48,947.27,162.61,115.98,197.36,92.56,175.68,26.27,84.02,52.89,196.85,341.68,209.43,325.95,131.47,320.55,54.86,93.32,108.76,4583.399999999999,-0.530897515973987
2023-09-17,9,17,2023,3233.3,83.95,44.25,66.26,47.37,478.38,309.3,845.24,123.23,102.73,232.17,109.28,167.12,26.44,117.72,40.06,162.44,348.57,180.5,472.64,131.62,318.35,58.02,107.74,109.15,4682.53,-0.4482200847431415
2023-11-27,11,27,2023,3528.49,92.38,52.71,50.96,32.13,362.24,256.0,705.68,128.46,80.56,231.49,107.86,160.98,35.75,94.57,47.5,215.7,323.3,235.1,361.53,149.15,248.04,44.58,114.36,115.89,4246.92,-0.20360834237875133
2023-02-02,2,2,2023,3479.01,78.01,45.65,59.25,45.73,397.81,260.28,741.34,162.5,90.01,186.67,96.79,147.38,26.28,83.45,45.6,171.97,327.51,196.65,472.88,135.16,296.84,53.91,95.94,84.57,4302.179999999999,-0.23661041503186225
2023-05-21,5,21,2023,2458.21,74.48,54.24,64.99,32.63,373.15,286.03,955.41,127.43,97.96,199.15,90.84,143.46,34.04,99.62,46.59,169.35,358.7,174.56,351.03,162.59,349.53,57.18,117.39,112.16,4532.51,-0.8438253851379663
2023-06-13,6,13,2023,3513.97,93.15,51.03,63.38,41.26,341.04,300.53,654.34,129.1,83.02,177.96,115.14,121.83,32.01,111.52,40.83,211.86,301.71,237.74,399.4,157.17,263.26,48.2,100.15,87.51,4163.139999999999,-0.18473976727177513
2023-05-21,5,21,2023,2801.97,68.42,47.38,50.8,39.07,429.46,257.51,874.08,139.99,95.35,209.96,89.68,142.76,34.5,105.81,43.09,201.05,263.55,218.38,367.35,175.58,337.82,55.56,94.46,95.68,4437.290000000001,-0.5836322301809088
2023-02-18,2,18,2023,2559.96,90.89,59.84,70.43,41.7,462.97,351.59,890.99,129.48,85.0,162.85,112.93,165.58,26.54,95.91,42.2,190.59,286.88,217.37,429.58,156.8,330.53,44.22,82.91,119.9,4647.679999999999,-0.815528367630744
2023-03-08,3,8,2023,3129.1,84.22,53.69,60.47,32.14,346.97,265.49,841.55,139.47,87.24,196.08,96.01,161.33,28.29,118.6,40.86,200.1,278.77,203.26,461.7,156.04,342.7,59.01,117.75,110.94,4482.679999999999,-0.4325780575884438
2023-01-23,1,23,2023,2864.39,65.61,44.81,66.82,39.6,404.49,355.21,825.13,137.31,105.62,203.58,115.6,166.05,34.14,95.82,42.92,191.05,330.71,162.8,421.72,155.77,245.82,53.59,85.31,119.04,4468.520000000001,-0.5600249965961345
2023-09-27,9,27,2023,3088.6,64.59,58.3,67.08,39.95,399.8,246.13,945.79,150.18,83.62,178.39,86.51,154.79,26.48,118.14,55.95,197.19,247.27,171.29,398.91,128.2,268.09,46.15,108.21,85.77,4326.78,-0.4008871333290163
2023-12-23,12,23,2023,2938.65,84.23,55.75,51.44,35.53,359.77,324.33,806.42,153.64,111.26,221.64,111.22,161.4,27.65,83.16,43.46,182.02,256.46,170.3,452.29,125.3,340.82,56.71,93.04,106.05,4413.89,-0.5020128290201283
2023-06-08,6,8,2023,3176.4,80.46,47.01,51.5,36.78,385.22,248.78,857.18,124.23,113.28,167.49,80.14,126.14,34.68,99.38,51.61,219.5,267.78,235.23,421.47,140.09,251.44,46.07,118.0,95.75,4299.21,-0.3534850774461654
2023-08-17,8,17,2023,2628.36,79.79,41.14,48.95,42.16,470.52,334.64,642.89,138.2,80.82,172.66,97.8,140.55,29.1,108.31,52.8,229.79,348.0,220.52,352.0,124.16,280.45,56.48,83.39,104.0,4279.12,-0.6280570393705579
2023-05-09,5,9,2023,2686.59,93.19,50.58,58.43,45.95,388.46,292.64,762.69,143.96,104.41,224.73,100.06,160.23,28.59,88.25,59.97,162.78,273.87,219.52,385.03,170.35,262.87,57.68,115.94,106.39,4356.57,-0.6215983830804103
2023-01-01,1,1,2023,3225.36,79.11,59.78,48.8,44.1,380.86,351.36,790.28,177.79,111.36,216.44,99.05,169.3,34.68,85.18,55.98,196.92,333.65,167.13,475.04,166.97,273.62,46.68,81.15,112.38,4557.61,-0.41305466676588026
2023-03-31,3,31,2023,2685.31,88.76,52.65,62.98,45.35,389.1,315.21,737.65,163.12,97.91,225.71,88.52,128.91,29.9,90.23,57.67,217.07,259.76,173.26,333.88,133.83,276.69,40.11,95.74,100.68,4204.6900000000005,-0.5658117684736588
2023-12-17,12,17,2023,3137.21,73.23,40.4,57.51,45.01,343.92,293.74,935.31,121.62,94.66,216.19,104.71,159.98,26.01,83.34,57.12,194.36,309.96,175.98,474.67,157.72,302.68,55.04,86.25,93.56,4502.97,-0.4353422308356789
2023-01-25,1,25,2023,2622.49,91.67,43.38,62.39,36.32,389.73,275.97,735.06,137.84,90.65,183.09,107.72,144.99,28.5,96.9,57.42,164.38,288.47,179.7,460.59,121.62,259.22,49.26,95.74,95.48,4196.089999999999,-0.6000404196012186
2023-12-20,12,20,2023,2412.26,93.35,55.51,53.23,45.45,418.68,297.68,809.26,147.73,99.11,190.39,108.87,166.93,29.92,109.11,58.22,174.83,332.62,174.1,361.11,148.96,277.43,53.84,87.05,101.55,4394.93,-0.8219138898792003
2023-09-09,9,9,2023,3168.52,88.65,59.36,50.54,44.07,400.75,291.2,673.8,136.78,108.56,209.0,113.57,147.69,31.31,104.01,45.73,239.25,340.95,165.86,369.86,171.24,288.85,51.03,87.1,98.32,4317.4800000000005,-0.36261724716902544
2023-07-25,7,25,2023,3556.5,87.15,45.89,48.88,38.81,453.32,262.52,743.56,151.27,95.71,236.91,100.83,121.81,34.21,91.04,41.48,235.19,281.69,191.33,351.08,171.32,323.83,55.65,109.57,115.7,4388.749999999999,-0.23400815408407116
2023-02-05,2,5,2023,3515.89,64.82,45.26,56.52,34.06,324.21,298.02,774.75,165.06,98.58,198.68,84.54,176.75,28.5,85.54,40.33,219.59,319.61,175.45,340.08,179.54,288.0,55.37,106.94,82.89,4243.089999999999,-0.20683240943260436
2023-08-30,8,30,2023,3048.06,74.59,47.74,51.3,35.23,367.14,267.1,847.93,124.07,103.54,161.53,94.38,167.99,33.75,88.76,51.03,227.11,351.39,171.04,450.72,122.88,341.97,41.14,113.11,111.56,4447.000000000001,-0.45896078161191084
2023-01-12,1,12,2023,3279.21,84.56,55.28,48.3,40.9,327.08,277.89,690.04,135.66,103.17,236.68,100.16,140.21,30.32,100.46,43.26,235.75,339.18,164.49,337.72,144.7,329.88,48.05,106.57,81.73,4202.04,-0.28141839040500605
2023-10-03,10,3,2023,3131.11,94.09,43.64,69.09,33.5,418.33,312.72,931.83,173.32,114.41,207.16,114.11,169.6,29.79,84.42,55.31,232.37,283.9,180.65,440.0,161.92,355.95,56.06,109.61,82.76,4754.54,-0.5184838603562314
2023-05-04,5,4,2023,3069.26,71.12,47.56,66.28,45.57,368.9,310.84,730.48,162.06,89.15,178.62,105.72,145.81,35.31,101.89,55.53,224.98,336.16,194.74,474.86,123.87,332.09,58.67,95.96,105.81,4461.98,-0.453764099489779
2023-07-29,7,29,2023,3504.03,83.08,47.66,64.12,37.92,401.82,341.92,773.6,165.75,109.28,166.09,117.3,129.45,35.4,95.23,41.92,228.53,329.88,197.69,322.73,137.54,304.95,40.57,98.26,99.92,4370.610000000001,-0.24730952645953383
2023-12-31,12,31,2023,3239.84,94.23,58.05,52.86,33.79,413.99,313.71,839.98,172.1,92.19,227.19,111.8,168.32,25.27,91.69,47.44,191.33,306.71,232.86,407.38,135.98,336.37,48.47,91.83,92.13,4585.670000000001,-0.41540014321694924
2023-04-26,4,26,2023,3226.32,64.72,47.84,60.54,33.7,368.59,295.95,824.17,179.91,117.89,224.97,108.87,167.69,26.36,114.59,46.85,193.93,294.24,235.14,478.39,158.59,303.53,46.88,96.98,87.52,4577.839999999999,-0.4189045104019437
2023-01-11,1,11,2023,2550.14,89.27,44.53,51.87,39.7,474.24,265.87,926.43,143.66,105.27,209.56,111.14,149.96,35.66,112.89,49.02,201.87,321.57,190.67,413.33,144.51,358.21,49.99,101.33,113.65,4704.199999999999,-0.8446830370097325
2023-12-12,12,12,2023,3521.58,75.4,44.54,48.94,38.92,477.68,308.91,844.42,146.47,105.23,187.54,83.48,149.13,29.03,88.73,56.01,225.68,247.01,163.99,338.86,155.3,346.37,56.27,114.65,97.33,4429.89,-0.2579268396571994
2023-08-01,8,1,2023,3144.77,77.43,49.61,66.52,39.28,478.42,323.61,906.5,134.33,87.0,224.85,95.17,132.48,29.91,82.61,48.26,201.33,276.55,193.63,400.02,124.28,255.16,40.92,97.22,102.25,4467.340000000001,-0.420561758093597
2023-11-11,11,11,2023,2938.49,77.51,42.41,56.89,38.75,333.8,276.21,868.33,168.35,80.59,172.61,113.06,152.58,35.42,110.71,54.96,180.44,282.81,166.29,445.24,136.54,243.27,53.72,94.05,80.05,4264.59,-0.4512862048194823
2023-11-24,11,24,2023,3234.22,76.59,58.27,61.17,46.47,328.01,271.24,759.84,161.7,100.37,192.01,114.51,140.13,26.19,86.06,42.52,219.13,246.27,221.54,468.3,140.79,321.47,58.05,105.87,92.23,4338.7300000000005,-0.3415073804503097
2023-03-01,3,1,2023,2756.28,68.34,41.12,60.18,47.05,353.74,274.23,686.06,163.04,119.98,234.41,98.69,175.35,24.81,99.98,45.61,217.95,290.13,239.55,422.72,121.65,319.43,54.35,106.82,84.83,4350.02,-0.578221370833152
2023-09-08,9,8,2023,3132.72,68.53,41.61,58.41,33.74,357.63,271.83,862.87,150.45,119.19,191.78,94.59,156.55,24.03,109.72,52.64,167.68,320.42,188.64,450.62,126.11,266.96,55.97,108.1,86.68,4364.750000000001,-0.393278045915371
2023-03-20,3,20,2023,3551.28,91.52,40.77,57.03,33.01,324.41,252.06,914.49,162.55,94.54,229.88,117.07,169.82,31.23,90.41,51.01,231.44,303.56,165.75,362.58,120.38,320.66,55.07,85.82,107.85,4412.91,-0.242625194296141
2023-06-04,6,4,2023,2418.6,87.7,51.33,68.56,46.81,369.72,274.21,676.13,178.26,112.91,190.13,113.91,125.36,35.54,95.94,41.75,173.62,357.29,206.7,348.89,142.41,253.74,53.51,114.02,99.33,4217.77,-0.743889026709667
2023-07-16,7,16,2023,2498.53,88.45,42.69,50.46,37.43,448.81,324.77,951.55,147.57,95.14,198.08,81.36,161.67,31.91,109.18,52.4,227.6,304.22,234.4,329.89,121.11,280.99,50.21,95.79,115.78,4581.46,-0.8336621933697013
2023-04-06,4,6,2023,3121.17,66.64,58.84,48.24,34.07,477.62,250.5,819.63,155.14,110.87,172.81,89.09,124.69,30.6,115.09,47.02,192.89,350.72,174.86,337.2,150.64,350.86,54.55,107.98,118.43,4438.98,-0.42221666874921887
2023-09-22,9,22,2023,2774.69,65.75,58.79,61.61,44.88,412.96,312.53,867.66,129.58,90.58,174.25,115.02,135.29,34.28,81.1,54.85,194.57,348.53,166.86,375.3,157.77,323.21,42.69,115.03,99.63,4462.719999999999,-0.6083670608248126
2023-07-17,7,17,2023,3241.17,72.88,50.81,49.58,35.01,470.08,260.16,897.17,140.25,103.52,183.57,87.06,124.46,25.37,99.31,45.59,190.2,247.27,187.53,401.88,123.33,316.62,51.05,84.55,118.21,4365.460000000001,-0.34687782498295394
2023-09-20,9,20,2023,2402.52,79.82,42.22,56.16,47.38,434.96,293.08,702.8,178.96,86.2,164.76,115.64,179.53,29.57,109.87,48.62,205.5,284.89,174.94,396.51,149.55,262.42,57.7,113.68,109.71,4324.47,-0.7999725288447131
2023-03-22,3,22,2023,3121.63,86.39,54.17,65.9,47.25,418.45,330.76,898.9,124.32,115.42,226.54,109.14,128.6,25.03,119.54,49.6,174.49,291.74,165.71,398.27,143.17,322.84,43.62,99.9,86.04,4525.789999999999,-0.4498162818783773
2023-05-30,5,30,2023,2495.11,89.14,48.36,50.34,40.55,322.12,264.78,699.73,165.85,118.57,206.3,92.15,133.58,25.47,103.09,50.72,226.55,270.62,165.32,372.72,170.55,358.71,53.55,108.27,100.65,4237.6900000000005,-0.6983980666183055
2023-03-27,3,27,2023,2675.74,79.42,44.62,53.53,39.4,410.85,302.34,901.26,151.75,117.19,165.83,116.58,178.39,24.49,85.63,44.65,197.52,287.89,231.72,438.65,120.41,328.95,49.68,106.96,98.36,4576.07,-0.7102072697646259
2023-08-07,8,7,2023,2738.06,86.98,57.52,65.69,41.7,394.0,333.95,687.74,134.75,118.71,206.96,119.49,131.29,30.28,114.06,58.97,178.06,343.39,196.84,423.79,135.02,320.71,46.7,107.95,111.81,4446.36,-0.6239088990014827
2023-07-03,7,3,2023,2703.3,94.25,53.42,52.92,36.09,348.03,326.12,848.82,177.23,111.71,233.15,80.37,151.5,25.83,112.63,48.87,239.73,347.05,213.15,363.75,139.51,249.62,52.04,105.24,111.45,4522.48,-0.6729478785188471
2023-11-01,11,1,2023,2920.03,85.58,47.94,48.27,43.93,428.87,338.93,748.39,149.97,99.84,199.87,89.45,150.69,35.85,84.73,49.0,194.79,266.96,175.19,364.06,151.44,336.93,54.33,80.46,116.82,4342.289999999999,-0.4870703383184415
2023-03-02,3,2,2023,3351.72,68.84,59.49,60.49,45.92,396.85,333.71,731.19,154.84,119.45,167.2,102.39,125.33,35.63,115.36,53.92,214.23,248.79,183.0,338.38,156.87,299.22,52.65,116.15,93.65,4273.55,-0.27503192390772513
2023-11-03,11,3,2023,3229.22,73.24,51.52,52.34,43.99,380.86,354.61,660.86,168.17,104.67,169.17,106.13,166.91,35.5,114.68,45.87,237.62,259.37,228.67,454.93,175.34,254.32,44.36,95.31,116.54,4394.98,-0.36100358600528915
2023-11-30,11,30,2023,3361.42,90.4,49.75,52.77,41.28,443.26,297.52,701.64,152.01,102.56,176.3,109.04,177.82,27.95,104.1,57.97,226.02,283.36,234.92,475.57,134.14,267.17,58.07,117.32,109.71,4490.649999999999,-0.3359383831832971
2023-07-10,7,10,2023,3488.77,70.28,44.89,54.62,41.07,376.12,254.8,837.48,153.1,111.68,212.56,99.87,169.43,29.78,86.31,41.07,178.4,307.52,199.82,339.32,150.77,321.48,42.83,113.83,109.49,4346.52,-0.2458602888697164
2023-11-16,11,16,2023,2910.56,77.32,58.58,56.63,35.49,415.86,359.42,806.7,121.11,88.13,181.31,97.3,155.87,27.6,94.84,45.33,227.46,240.05,191.44,472.85,155.5,275.98,46.8,86.46,87.55,4405.580000000001,-0.5136537298664178
2023-10-25,10,25,2023,2678.65,91.79,58.98,48.72,33.57,426.97,304.91,695.95,159.05,102.71,218.15,109.15,175.21,24.43,81.17,47.08,194.24,317.61,195.79,452.18,159.94,304.43,53.34,96.32,81.91,4433.599999999999,-0.6551621152446192
2023-10-07,10,7,2023,3385.76,66.24,42.16,68.46,47.08,442.94,351.22,881.84,179.51,97.25,181.66,82.37,144.79,27.99,101.64,55.64,188.9,349.37,200.97,369.67,137.78,299.28,49.76,94.17,89.42,4550.11,-0.34389620055762943
2023-03-03,3,3,2023,3015.11,80.93,51.74,67.95,33.02,355.79,259.8,808.44,141.28,114.29,232.91,112.86,133.81,28.89,113.93,53.27,236.33,345.2,177.85,343.49,173.97,334.51,49.96,102.95,85.35,4438.5199999999995,-0.4720922288075723
2023-02-24,2,24,2023,2541.36,81.86,59.16,61.77,35.97,450.03,278.7,646.49,147.2,104.42,188.13,105.64,125.25,29.52,114.69,51.5,213.42,324.98,190.16,358.91,174.15,244.22,45.11,103.07,116.52,4250.87,-0.6726752604904459
2023-08-19,8,19,2023,2884.77,80.49,46.74,54.38,36.18,422.91,335.84,905.11,139.49,86.22,185.94,96.12,132.35,34.39,99.07,44.97,234.97,245.02,218.28,363.59,125.95,320.11,56.24,86.06,91.38,4441.8,-0.5397414698572157
2023-11-30,11,30,2023,2611.92,71.92,52.91,49.12,33.93,340.12,303.16,841.31,125.35,91.53,220.16,84.34,128.16,28.13,82.06,53.28,200.21,304.25,218.7,366.73,138.2,281.75,56.52,106.05,98.02,4275.91,-0.637075408128886
2023-09-10,9,10,2023,2444.66,72.34,53.81,63.37,39.6,442.47,294.71,757.56,135.31,94.95,179.15,92.85,164.53,29.14,86.61,43.05,202.83,325.08,196.66,467.86,143.22,246.77,49.74,111.29,116.08,4408.98,-0.8035145991671643
2023-10-23,10,23,2023,2401.74,94.39,58.36,63.51,38.09,417.04,284.82,671.41,126.07,83.86,222.9,94.83,169.5,27.57,82.31,59.07,239.79,336.35,186.81,321.25,135.0,307.58,45.42,90.89,114.35,4271.17,-0.778364852148859
2023-07-13,7,13,2023,3293.18,92.96,56.49,70.98,37.77,388.55,345.34,661.28,134.76,80.69,238.69,110.19,139.67,26.14,81.05,45.87,210.31,282.88,198.62,346.4,163.09,272.44,40.46,85.91,84.37,4194.91,-0.27381740445405356
2023-03-11,3,11,2023,3332.42,65.35,46.01,54.14,35.0,402.85,256.49,948.78,179.81,106.93,203.8,94.38,147.33,30.14,88.44,42.21,217.22,355.23,171.92,326.32,162.17,267.11,49.86,105.5,95.61,4452.599999999999,-0.3361461040325047
2023-02-05,2,5,2023,3001.36,78.92,51.56,60.34,45.54,377.57,329.29,918.19,141.81,117.2,185.68,92.75,134.81,27.82,105.42,52.37,187.25,277.79,168.43,366.64,145.26,246.48,44.8,99.72,115.6,4371.24,-0.4564197563771089
2023-05-01,5,1,2023,2402.73,81.3,45.88,66.16,43.69,388.19,271.58,678.03,176.54,92.01,172.34,109.86,173.14,24.6,114.67,47.63,175.37,333.74,186.56,397.72,160.97,252.11,59.13,118.29,101.17,4270.679999999999,-0.7774281754504249
2023-01-01,1,1,2023,3441.51,70.47,46.8,54.92,36.34,321.08,278.47,866.08,158.72,118.76,208.24,93.76,148.96,34.16,116.82,49.48,218.04,346.39,208.66,376.66,171.6,305.81,58.2,82.17,83.91,4454.5,-0.2943446336055975
2023-09-27,9,27,2023,2684.62,73.86,40.6,58.99,37.8,421.51,321.19,679.83,136.56,115.41,207.16,80.82,157.78,29.13,89.79,50.88,183.93,258.55,168.21,324.61,140.75,330.28,50.39,105.12,113.35,4176.500000000001,-0.5557136577988695
2023-11-20,11,20,2023,2745.26,64.84,47.19,69.76,42.16,354.07,314.43,771.46,146.22,116.99,184.79,84.97,142.56,24.65,109.7,49.86,237.07,341.97,206.0,361.75,140.19,275.49,48.33,87.45,88.88,4310.780000000001,-0.5702629259159425
2023-02-11,2,11,2023,3120.65,84.06,55.68,49.77,34.49,331.91,245.62,679.8,160.92,119.94,177.35,99.56,131.47,32.72,118.67,50.96,231.06,353.66,219.26,445.2,153.54,334.12,50.33,114.35,107.65,4382.089999999999,-0.4042234790828831
2023-10-10,10,10,2023,3329.92,78.49,40.22,70.2,45.8,470.63,301.12,802.26,175.86,112.91,235.05,97.34,121.95,30.52,89.01,50.65,213.11,298.85,223.08,417.02,122.68,341.37,45.39,94.4,87.97,4565.88,-0.3711680761099366
2023-11-02,11,2,2023,2676.25,76.05,52.43,62.43,36.24,425.03,301.83,730.2,155.55,112.63,228.59,87.12,142.05,30.21,83.61,58.28,221.65,319.94,189.5,365.01,144.79,343.84,40.71,87.3,88.99,4383.9800000000005,-0.6381055581503972
2023-03-25,3,25,2023,2413.09,93.21,52.17,57.11,40.57,464.83,287.84,910.45,149.47,100.3,185.86,94.57,141.24,28.15,105.04,41.84,216.32,347.85,227.87,468.0,176.14,251.0,43.18,111.65,85.54,4680.200000000001,-0.9395049500847463
2023-06-06,6,6,2023,2671.93,79.82,55.24,48.07,36.11,442.77,250.78,645.08,122.42,105.27,174.29,114.68,173.61,31.42,88.12,46.43,207.12,271.04,236.27,404.17,141.55,288.55,42.79,86.0,93.55,4185.15,-0.5663396870426994
2023-04-20,4,20,2023,2508.27,79.63,51.68,49.68,37.8,356.94,260.99,754.6,140.64,88.96,176.67,87.92,135.44,34.18,101.87,52.16,209.41,243.03,226.49,440.47,175.45,260.22,43.54,116.55,82.89,4207.210000000001,-0.6773353745808868
2023-03-09,3,9,2023,2939.09,76.02,40.56,71.08,47.85,341.26,320.38,758.55,165.53,101.76,183.67,84.45,127.76,30.04,100.05,43.49,198.73,328.17,239.67,397.81,166.16,359.76,42.97,119.26,104.88,4449.860000000001,-0.5140264503638883
2023-01-29,1,29,2023,3191.25,92.37,59.65,59.35,43.58,455.88,320.58,704.83,148.79,97.47,210.45,101.0,137.68,31.06,113.97,52.57,232.06,311.91,166.03,344.44,172.38,322.79,53.76,85.08,115.19,4432.87,-0.3890701135918527
2023-06-07,6,7,2023,2503.93,75.21,58.31,56.26,41.45,358.28,331.8,702.63,122.76,116.89,198.13,88.87,175.27,25.94,90.96,43.4,207.4,283.23,172.47,329.52,156.9,315.24,44.63,92.24,92.23,4180.0199999999995,-0.6693837287783604
2023-07-19,7,19,2023,3454.77,89.79,45.89,54.26,36.12,389.37,280.59,678.79,125.92,80.58,235.92,94.89,170.25,32.63,119.15,52.5,167.46,345.99,206.79,470.03,151.95,259.67,48.51,118.98,102.44,4358.469999999999,-0.2615803656972821
2023-07-30,7,30,2023,2861.05,80.26,51.05,52.15,34.37,470.2,252.13,718.85,155.14,108.41,173.81,108.8,154.52,33.55,94.46,40.39,166.4,288.26,212.73,328.95,169.99,250.4,55.12,88.58,86.33,4174.850000000001,-0.45920204120864755
2023-08-29,8,29,2023,2464.62,79.39,41.13,50.37,33.26,348.88,266.74,754.59,177.0,108.34,214.45,119.67,165.51,34.36,84.9,58.77,220.77,267.82,211.31,320.81,144.39,323.75,45.24,100.31,95.68,4267.4400000000005,-0.7314799035956865
2023-08-18,8,18,2023,3036.82,94.67,47.43,61.52,38.73,469.07,356.2,890.02,140.15,106.91,167.44,97.54,166.99,28.64,86.17,55.37,194.73,346.88,198.41,334.89,176.3,349.34,43.2,118.73,112.63,4681.959999999999,-0.5417311529823957
2023-03-06,3,6,2023,3128.79,95.52,53.82,54.82,35.21,335.81,288.65,897.87,124.88,91.28,183.25,113.08,152.83,24.19,93.34,57.11,162.23,279.02,177.98,437.71,168.28,319.77,52.11,110.77,80.76,4390.29,-0.40319100994314094
2023-08-27,8,27,2023,3313.12,76.73,42.14,62.72,32.6,420.71,295.57,813.42,155.49,93.17,206.09,83.19,126.04,30.67,99.98,59.53,213.08,302.81,201.55,332.24,146.86,271.31,51.69,107.25,96.89,4321.7300000000005,-0.30442905780653906
2023-09-06,9,6,2023,2480.81,92.2,48.67,49.18,41.2,463.9,291.65,899.86,152.81,93.19,218.52,102.02,121.39,35.58,119.74,56.59,171.68,301.91,197.45,367.83,123.62,344.39,46.74,116.8,117.34,4574.259999999999,-0.8438574497845459
2023-02-12,2,12,2023,3199.77,94.09,47.98,66.84,40.92,334.31,305.19,845.13,124.83,107.14,221.5,99.61,170.64,29.88,90.87,59.77,204.76,278.45,215.81,418.37,144.23,289.36,47.49,106.35,107.83,4451.349999999999,-0.3911468636808269
2023-07-14,7,14,2023,3085.62,73.29,42.81,50.25,44.51,352.13,327.85,948.54,161.18,102.41,209.04,111.17,142.96,31.42,98.48,59.31,225.05,316.21,208.94,376.51,121.31,252.76,50.94,91.69,82.63,4481.389999999999,-0.4523466920748503
2023-03-16,3,16,2023,2602.03,72.67,52.6,49.49,35.54,441.64,337.03,811.53,160.61,87.56,176.24,84.61,137.73,29.58,117.9,41.03,160.21,287.54,215.93,349.44,174.81,257.31,51.27,86.42,93.98,4312.67,-0.6574251641987217
2023-10-18,10,18,2023,3340.64,86.75,44.06,58.22,33.9,320.89,307.85,914.07,131.96,108.63,170.35,112.08,167.84,24.48,95.88,47.37,181.94,309.83,161.19,470.1,149.87,355.59,44.81,92.95,89.67,4480.28,-0.34114421188754246
2023-05-11,5,11,2023,2849.39,89.23,53.78,49.46,40.11,432.52,264.45,869.77,153.64,85.55,180.83,84.92,146.53,34.64,91.13,51.58,193.58,257.88,183.89,391.35,157.21,250.12,51.69,82.81,116.31,4312.9800000000005,-0.5136502900620837
2023-04-19,4,19,2023,2942.38,83.71,55.61,48.7,36.31,465.65,257.54,693.31,163.75,117.49,204.53,86.75,132.81,29.31,116.76,55.93,160.22,307.38,230.06,396.17,171.7,277.92,43.36,109.77,107.44,4352.179999999999,-0.4791359375743443
2023-05-17,5,17,2023,2740.37,66.79,58.47,51.03,41.18,449.8,251.36,926.5,179.79,98.87,228.27,112.67,122.13,26.21,109.2,56.46,213.32,271.62,199.75,446.95,150.9,252.94,57.25,114.16,117.76,4603.38,-0.6798388538773962
2023-02-01,2,1,2023,2684.61,72.91,40.59,58.97,36.83,406.6,306.09,709.51,122.51,93.22,239.26,93.81,167.39,33.49,85.28,49.88,188.65,346.59,203.57,433.57,151.11,359.91,41.94,118.4,91.21,4451.29,-0.6580769646242842
2023-10-10,10,10,2023,3215.78,89.27,48.33,58.54,40.75,345.0,262.79,893.09,143.92,119.78,173.21,93.39,138.17,27.34,98.47,58.63,239.7,328.59,222.55,366.83,143.21,337.79,50.88,115.91,91.94,4488.08,-0.39564273675437983
2023-01-28,1,28,2023,3561.21,77.03,55.87,69.9,36.32,324.08,248.42,853.9,168.63,86.28,210.94,108.15,179.48,34.01,84.2,53.81,164.22,287.67,219.21,323.68,176.27,287.98,52.99,108.82,96.35,4308.21,-0.2097601657863479
2023-04-03,4,3,2023,2510.83,81.95,49.38,65.55,34.5,380.75,248.33,739.84,168.32,116.72,170.46,90.27,130.92,28.29,116.13,45.94,213.15,335.69,228.68,432.32,137.12,353.92,56.17,109.8,108.32,4442.52,-0.7693432052349225
2023-09-09,9,9,2023,2607.46,72.87,59.98,58.99,44.5,448.6,320.99,661.85,171.69,102.78,162.97,116.58,138.52,28.67,80.69,48.86,234.49,327.78,198.04,412.28,124.57,292.36,49.54,91.26,85.93,4334.790000000001,-0.6624569504421931
2023-11-17,11,17,2023,2488.84,68.63,41.83,54.68,39.42,409.33,249.31,713.91,146.21,95.22,184.99,85.27,155.58,29.94,87.67,56.25,227.9,275.04,196.98,456.09,133.21,271.8,45.95,82.27,106.7,4214.18,-0.6932305813149902
2023-06-02,6,2,2023,3198.57,82.2,42.56,51.07,43.12,447.74,331.17,774.77,173.01,81.98,162.26,114.01,174.34,32.47,94.4,43.26,169.38,266.65,182.47,453.19,162.19,323.23,48.58,96.33,95.78,4446.160000000001,-0.3900461768852958
2023-11-06,11,6,2023,2977.31,90.04,40.84,50.16,43.71,327.15,264.88,753.24,176.92,94.27,206.26,108.5,157.18,31.17,92.62,48.1,188.48,273.64,212.79,399.37,143.81,292.94,45.11,103.0,83.71,4227.89,-0.4200368789276227
2023-06-04,6,4,2023,3243.14,67.3,58.34,66.35,44.55,472.84,349.14,708.0,138.11,85.67,168.85,119.75,135.35,28.24,108.07,57.44,182.7,359.76,215.29,341.31,138.37,251.41,40.33,102.89,87.67,4327.7300000000005,-0.3344258958910194
2023-11-14,11,14,2023,2451.48,65.69,56.86,50.41,41.89,409.69,290.7,664.18,137.57,103.25,185.81,106.64,152.22,26.72,96.51,44.09,196.58,330.21,162.91,393.41,152.33,331.87,41.82,101.72,99.92,4243.0,-0.7307911955227047
2023-01-19,1,19,2023,3562.25,82.89,41.18,70.4,35.39,371.75,348.35,759.17,132.57,97.19,182.02,85.03,161.91,34.68,87.01,54.56,215.07,245.23,214.21,373.22,139.28,353.17,59.81,83.99,111.68,4339.760000000001,-0.21826373780616215
2023-12-24,12,24,2023,3403.64,75.52,58.21,56.56,41.83,466.11,284.21,888.11,174.78,82.8,215.56,84.45,143.49,27.87,112.07,47.58,163.69,305.51,168.73,395.26,120.02,255.58,40.88,89.95,107.75,4406.52,-0.29464925785335716
2023-04-13,4,13,2023,3044.75,76.7,57.53,54.42,45.22,433.4,254.53,825.45,169.39,106.17,187.03,92.46,171.55,30.55,114.99,41.99,235.86,275.31,238.87,408.49,177.02,285.53,42.36,89.38,80.58,4494.78,-0.47623942852450935
2023-03-04,3,4,2023,2849.87,81.44,55.28,54.18,32.67,352.66,279.09,826.89,143.84,98.45,167.04,106.57,129.11,26.43,114.47,55.57,237.62,347.71,174.77,351.66,162.51,285.74,53.94,85.13,104.19,4326.959999999999,-0.5183008347749193
2023-04-14,4,14,2023,3506.5,89.77,59.46,49.88,35.63,364.16,343.21,644.63,143.04,83.08,235.77,96.76,126.77,25.57,93.73,59.71,182.02,306.95,180.62,392.28,133.19,264.01,58.15,81.11,91.85,4141.35,-0.18104947953800096
2023-02-25,2,25,2023,3505.71,91.21,43.78,53.65,47.37,359.13,291.44,839.01,123.78,97.72,168.88,81.18,120.19,31.96,95.46,50.71,186.89,279.35,200.85,358.2,145.55,329.52,58.18,114.34,95.03,4263.379999999999,-0.216124551089508
2023-03-14,3,14,2023,2638.47,95.95,46.81,60.51,41.76,467.6,240.54,899.84,122.51,109.51,164.95,114.63,153.94,35.47,106.91,46.28,238.26,269.8,194.09,390.72,125.87,350.7,55.13,109.62,109.94,4551.34,-0.7249921355937344
2023-12-20,12,20,2023,3022.88,71.91,50.9,59.01,36.92,323.7,320.23,698.11,137.24,113.91,188.69,113.0,164.55,34.75,89.09,45.19,231.91,358.28,200.94,439.25,128.95,335.39,57.74,84.82,94.05,4378.53,-0.44846305509977225
2023-08-02,8,2,2023,2841.54,84.0,56.16,48.33,32.86,408.84,295.76,737.61,147.89,80.75,182.45,83.15,134.38,29.99,119.03,43.17,227.73,335.27,181.45,439.37,175.78,267.81,46.5,81.78,101.85,4341.91,-0.5280129788776509
2023-06-09,6,9,2023,2658.33,82.94,51.81,53.35,45.26,469.82,314.6,648.48,161.99,114.89,175.71,108.14,133.81,25.32,85.49,45.91,233.79,329.4,215.0,395.32,141.29,270.77,47.2,108.66,108.39,4367.34,-0.6428885804245523
2023-01-08,1,8,2023,3431.94,85.24,52.98,68.13,40.68,400.7,339.06,755.39,130.98,103.9,207.77,92.42,150.97,33.84,87.06,52.81,183.59,356.53,182.77,453.47,173.59,295.27,42.5,109.33,93.9,4492.879999999999,-0.30913710612656375
2023-02-11,2,11,2023,3542.03,67.89,54.98,54.32,45.26,356.37,275.7,857.36,148.24,103.14,169.55,100.1,137.0,27.73,109.36,42.33,180.46,333.53,160.15,348.3,131.94,322.06,55.72,84.41,105.97,4271.870000000001,-0.20605133214569063
2023-06-30,6,30,2023,3014.4,81.47,53.65,60.39,43.0,466.42,260.47,781.49,127.03,112.26,227.69,90.59,139.56,35.22,119.05,58.53,229.36,312.94,189.81,345.79,158.16,320.92,49.55,92.23,116.52,4472.1,-0.48357882165605104
2023-06-07,6,7,2023,3372.96,93.75,59.16,66.01,43.9,382.65,254.9,801.19,167.01,98.77,184.24,81.69,129.84,34.36,110.55,53.12,173.05,242.71,222.89,349.63,163.96,256.48,58.56,88.76,114.28,4231.46,-0.25452421611877996
2023-07-08,7,8,2023,3017.26,88.98,59.47,70.25,42.07,391.12,358.35,851.42,124.98,111.74,239.65,107.28,145.95,26.18,90.56,43.0,162.5,283.46,205.31,347.8,169.23,283.59,41.27,116.91,119.51,4480.58,-0.4849830641045185
2023-11-16,11,16,2023,3015.39,80.56,46.29,70.34,34.5,347.12,258.7,780.44,167.2,87.28,210.46,111.73,137.01,30.72,92.79,46.29,182.79,258.93,163.04,367.11,178.64,327.01,49.04,87.11,111.38,4226.48,-0.40163627258828866
2023-10-23,10,23,2023,2532.76,83.21,53.14,69.13,41.01,391.67,269.82,757.14,171.91,89.43,162.29,105.28,164.78,25.75,82.05,52.53,195.23,313.01,228.76,376.62,179.46,345.04,49.54,97.21,85.3,4389.310000000001,-0.7330145769832124
2023-07-11,7,11,2023,3178.96,67.82,57.07,51.03,46.01,430.52,316.24,908.09,136.2,102.3,190.12,99.87,168.99,24.61,105.72,44.25,191.45,354.69,201.32,426.85,123.23,286.32,50.23,113.11,107.23,4603.269999999999,-0.4480427561214984
2023-06-20,6,20,2023,3521.94,72.25,59.26,56.01,47.48,330.68,315.22,770.1,152.77,87.3,200.55,105.55,143.42,25.48,86.28,45.45,193.38,241.25,230.21,334.38,165.75,343.88,58.85,102.28,112.17,4279.950000000001,-0.215225131603605
2023-08-19,8,19,2023,2433.66,71.54,41.77,50.07,41.41,427.44,323.1,782.37,140.32,113.8,239.07,104.15,122.98,27.21,106.44,45.16,224.15,323.06,212.8,331.49,130.42,278.44,56.0,118.73,84.26,4396.179999999999,-0.8064068111404221
2023-06-16,6,16,2023,3414.9,74.52,46.69,68.03,36.16,324.82,256.5,780.57,168.46,109.09,164.31,94.48,123.83,26.75,81.2,50.28,212.16,267.41,188.06,337.8,166.1,316.52,46.47,107.49,112.37,4160.069999999999,-0.21821136782921863
2023-06-30,6,30,2023,3364.59,68.7,55.11,68.8,36.21,446.74,246.57,900.69,153.88,81.17,223.81,99.21,124.5,32.9,88.67,57.16,221.38,285.98,197.4,425.16,153.64,247.38,55.25,97.12,117.18,4484.610000000001,-0.3328845416529207
2023-01-31,1,31,2023,3253.84,73.27,47.1,50.11,35.67,408.27,273.06,904.87,164.72,106.38,218.01,81.63,157.22,27.28,116.49,59.85,231.04,338.08,185.7,336.2,131.41,257.57,45.82,84.37,116.09,4450.209999999999,-0.36767941877904226
2023-07-03,7,3,2023,2587.56,73.29,54.19,49.6,46.9,332.63,345.42,903.56,126.24,96.59,203.93,85.33,169.32,28.44,107.83,46.56,210.88,296.61,202.94,455.93,163.57,354.05,48.2,100.02,92.95,4594.9800000000005,-0.7757965032694896
2023-01-14,1,14,2023,3259.04,77.1,58.14,62.66,37.2,384.91,315.52,727.63,123.1,104.28,177.22,83.22,142.49,30.81,103.59,46.61,168.3,355.89,179.53,439.58,172.23,338.25,59.59,110.97,104.32,4403.14,-0.3510542981982425
2023-11-12,11,12,2023,2661.2,78.81,53.9,55.41,39.27,452.93,271.47,830.75,163.17,109.41,173.49,110.01,123.5,33.8,98.97,57.57,222.75,318.67,225.93,467.31,121.9,359.86,58.61,102.25,80.52,4610.26,-0.7323989177814522
2023-02-08,2,8,2023,3598.24,80.24,48.89,68.04,48.0,325.05,248.72,928.02,152.81,104.02,167.78,105.92,133.14,30.34,84.5,40.88,196.72,301.04,211.47,364.35,167.24,270.63,57.14,89.21,119.65,4343.8,-0.20720129841255738
2023-12-11,12,11,2023,2560.97,76.99,42.68,71.36,46.57,330.29,321.63,746.18,177.49,83.46,205.46,94.49,161.18,33.43,96.08,57.97,202.03,352.3,165.67,374.63,125.31,336.66,43.45,115.12,80.44,4340.869999999999,-0.6950100938316338
2023-01-01,1,1,2023,2408.26,95.99,50.84,60.51,47.58,395.44,290.56,878.32,126.41,89.6,231.72,86.62,130.73,28.42,117.68,48.59,206.36,327.0,175.19,454.49,136.74,267.8,45.75,102.34,108.89,4503.570000000001,-0.870051406409607
2023-09-10,9,10,2023,2640.98,78.83,57.23,70.61,45.62,414.54,357.71,871.12,134.21,118.3,196.1,83.54,120.56,26.04,113.33,53.81,175.46,294.55,212.74,457.29,154.83,265.01,58.79,92.55,107.79,4560.56,-0.7268438231262638
2023-06-27,6,27,2023,3200.63,84.02,51.49,48.94,32.32,362.37,338.41,918.71,148.38,89.09,196.65,104.91,169.99,35.1,101.46,41.63,201.98,300.58,167.7,469.1,165.04,292.71,57.11,110.53,81.28,4569.499999999998,-0.4276876739891828
2023-12-08,12,8,2023,3575.43,82.49,47.27,55.64,42.53,429.9,295.58,886.5,135.11,94.74,215.38,116.36,144.38,32.59,96.26,54.31,170.48,284.79,181.7,382.77,121.81,338.24,49.72,80.3,101.91,4440.76,-0.24202123940337258
2023-08-29,8,29,2023,2657.65,88.08,49.91,51.05,40.8,377.72,254.01,689.87,144.18,113.67,237.66,116.0,146.15,31.24,106.88,47.72,210.45,322.59,198.21,362.42,151.41,344.3,53.07,90.62,95.88,4323.89,-0.626959908189566
2023-06-16,6,16,2023,3285.96,73.32,47.88,48.07,42.47,434.51,319.3,959.16,151.63,93.27,200.51,104.22,167.0,26.87,85.82,52.47,213.7,337.52,178.36,437.4,175.27,275.68,41.9,104.2,119.82,4690.349999999999,-0.42739108205821114
2023-06-03,6,3,2023,3549.06,81.02,46.93,54.04,37.6,322.26,277.46,693.88,121.49,111.02,214.8,110.31,158.94,35.96,83.86,58.63,167.34,326.97,217.3,440.22,166.08,274.54,41.9,82.2,82.5,4207.250000000001,-0.1854547401283723
2023-04-23,4,23,2023,2928.76,64.51,59.53,69.18,36.25,340.0,255.92,931.12,145.54,114.95,191.57,95.0,160.45,30.01,107.75,50.71,186.08,311.22,160.51,341.08,153.55,309.78,52.55,82.09,115.21,4364.56,-0.49024160395525757
2023-09-15,9,15,2023,2414.01,89.92,45.51,70.82,39.64,357.6,355.39,819.67,161.55,114.85,171.67,95.17,155.91,33.3,116.7,58.61,178.06,314.31,231.19,403.53,177.63,292.36,41.24,109.47,108.58,4542.679999999999,-0.8817983355495623
2023-01-23,1,23,2023,3035.06,89.24,46.45,54.5,33.08,366.59,286.67,661.61,173.79,111.51,206.76,118.37,128.58,24.78,104.11,57.05,171.34,251.13,169.81,387.03,123.61,310.2,50.1,114.32,108.53,4149.160000000001,-0.3670767628976036
2023-08-31,8,31,2023,2568.38,64.87,41.35,58.49,40.66,460.24,352.9,788.03,134.79,85.36,186.09,83.66,155.1,28.9,90.15,57.63,178.25,341.17,184.3,474.93,134.51,286.07,42.87,94.88,116.8,4482.0,-0.7450688761008885
2023-10-18,10,18,2023,2538.09,74.66,59.05,63.44,41.64,428.13,240.92,818.11,177.18,117.42,199.97,95.2,175.09,24.04,116.9,47.56,162.22,247.63,194.78,429.83,176.25,247.81,46.95,100.29,82.72,4367.79,-0.7208964221126909
2023-07-12,7,12,2023,2509.88,83.6,54.31,61.77,40.67,371.88,359.69,957.08,166.41,91.96,161.39,83.07,124.3,29.75,94.52,41.14,178.18,295.67,220.18,352.45,158.77,261.22,41.31,86.64,106.43,4422.39,-0.7619926052241542
2023-07-18,7,18,2023,3450.01,94.85,58.4,71.13,42.83,340.87,247.61,900.64,129.6,86.22,223.54,111.61,157.48,33.48,88.49,49.09,161.37,321.94,163.11,357.59,129.58,351.71,50.11,97.76,111.3,4380.31,-0.2696513923148049
2023-12-22,12,22,2023,2830.41,78.75,49.36,71.26,37.88,472.0,329.26,938.26,175.0,105.74,161.73,103.61,138.48,25.65,99.15,59.37,187.0,358.85,219.54,350.89,143.12,310.13,53.88,87.73,89.47,4646.11,-0.6414971682547758
2023-01-12,1,12,2023,3521.53,80.4,57.71,54.11,37.11,344.93,350.09,903.3,139.42,118.34,209.73,90.23,127.52,30.11,119.92,58.44,180.74,347.13,220.19,437.83,128.87,345.72,50.56,97.25,84.34,4613.990000000001,-0.3102231132490708
2023-04-19,4,19,2023,3281.43,93.69,44.27,56.35,33.59,463.37,348.12,674.53,127.43,106.25,179.53,85.59,132.4,35.82,113.23,49.39,215.05,246.49,174.43,472.21,176.72,328.95,47.41,105.28,109.6,4419.7,-0.34688230436120837
2023-03-19,3,19,2023,2491.69,67.75,42.08,62.06,47.11,407.88,319.52,655.63,148.92,102.8,230.81,88.26,156.06,33.88,87.53,56.11,208.38,315.63,208.59,470.64,168.71,338.63,40.42,80.72,110.33,4448.450000000001,-0.7853143850157928
2023-09-19,9,19,2023,2583.9,82.04,53.14,63.93,40.1,338.92,254.3,715.59,165.87,116.91,211.54,119.81,151.16,26.15,101.69,57.66,189.54,326.14,160.67,476.59,151.48,332.82,49.72,118.05,103.72,4407.540000000001,-0.7057703471496578
2023-09-14,9,14,2023,2443.44,77.05,49.9,49.24,36.47,387.0,272.81,936.98,159.37,117.4,202.37,119.4,163.3,27.26,90.93,53.81,235.72,310.05,214.91,395.49,172.84,309.22,56.15,116.29,90.23,4644.19,-0.9006769145139637
2023-03-16,3,16,2023,3355.28,93.71,58.53,63.37,40.87,408.39,250.88,788.36,152.45,102.0,228.0,88.29,144.1,31.77,104.27,42.16,231.64,287.0,221.17,380.03,160.63,326.45,42.13,82.16,89.86,4418.219999999999,-0.31679621372880923
2023-05-19,5,19,2023,3046.53,72.07,46.81,54.65,35.87,392.75,338.02,909.7,159.12,86.89,193.33,88.71,140.67,29.34,100.27,41.41,233.72,283.12,226.58,414.9,144.48,250.43,54.07,92.24,96.96,4486.109999999999,-0.4725310435150806
2023-07-11,7,11,2023,3023.31,72.58,51.71,60.59,41.71,468.14,282.05,679.33,149.0,95.37,167.67,114.75,176.33,26.0,88.56,52.81,231.55,349.8,193.42,380.32,141.05,280.17,47.04,87.11,110.42,4347.4800000000005,-0.4379868422358278
2023-07-05,7,5,2023,2427.47,85.49,45.77,58.44,44.83,363.41,301.7,954.95,152.03,108.12,214.31,108.8,123.98,25.31,91.37,48.79,185.3,288.32,236.2,389.16,132.82,292.04,53.96,80.48,81.45,4467.03,-0.8401998788862479
2023-09-17,9,17,2023,3097.13,79.25,58.82,53.62,44.58,355.32,282.62,837.06,171.63,81.4,197.47,96.95,168.57,27.01,87.81,58.66,205.33,321.85,164.29,374.07,167.37,253.22,59.49,112.87,88.26,4347.5199999999995,-0.40372538446884676
2023-05-29,5,29,2023,3437.09,95.97,54.93,71.56,39.52,341.45,322.11,863.88,157.34,96.89,177.93,100.04,150.39,26.81,90.29,55.26,191.3,254.91,214.28,339.58,164.72,341.35,59.34,86.09,88.3,4384.240000000001,-0.2755674131314573
2023-03-28,3,28,2023,2649.64,66.68,48.9,70.96,40.32,433.01,350.01,790.3,150.86,101.92,193.5,118.65,142.31,27.48,80.74,53.94,167.22,290.34,229.99,347.68,129.88,267.22,46.07,83.18,100.37,4331.53,-0.6347617034766987
2023-02-17,2,17,2023,2739.37,78.03,54.33,65.35,33.73,465.75,338.59,860.37,127.58,83.18,188.47,116.07,164.89,25.24,87.74,42.2,181.65,260.34,203.07,442.27,148.01,323.83,45.4,111.82,90.53,4538.439999999999,-0.6567458941289417
2023-04-30,4,30,2023,2845.35,87.48,50.64,64.62,40.46,421.89,331.09,741.55,136.8,118.61,227.02,91.42,147.65,27.73,107.69,55.84,174.8,271.7,213.94,392.85,175.4,254.87,53.76,112.76,101.6,4402.170000000001,-0.5471453424007595
2023-08-15,8,15,2023,2488.93,71.93,48.48,60.31,42.94,435.84,279.79,726.51,167.86,86.39,177.55,89.81,161.0,29.42,106.56,58.79,181.69,252.36,226.57,373.8,177.65,304.0,48.27,88.66,90.8,4286.9800000000005,-0.7224188707597243
2023-03-19,3,19,2023,2692.26,82.03,57.64,71.24,38.38,340.42,300.69,784.56,165.45,117.7,217.57,100.04,122.25,24.19,86.0,56.11,238.12,333.92,207.75,397.81,161.76,302.17,49.18,108.4,82.76,4446.14,-0.6514526828760967
2023-10-20,10,20,2023,2887.18,77.37,53.19,57.37,39.08,352.74,309.77,877.02,149.6,101.5,234.93,95.54,162.88,34.42,108.16,57.99,206.53,311.68,217.17,410.72,164.16,352.29,58.94,105.16,112.53,4650.739999999999,-0.6108244030507274
2023-09-13,9,13,2023,3190.69,87.33,50.23,53.63,47.61,358.93,248.44,644.22,174.31,87.57,230.35,91.22,150.43,26.29,104.38,55.8,171.99,356.02,190.28,444.06,148.91,344.98,58.52,96.45,115.41,4337.36,-0.3593799460304823
2023-04-02,4,2,2023,2573.46,84.62,54.7,48.54,36.88,381.11,328.39,916.64,169.79,91.52,229.81,113.7,169.47,33.02,115.78,51.56,180.97,274.42,160.59,340.42,179.68,328.28,44.49,111.92,88.84,4535.139999999999,-0.7622733596014701
2023-08-20,8,20,2023,3438.71,67.01,45.92,52.21,43.33,350.8,300.4,804.4,167.34,89.84,217.64,114.64,130.69,27.27,86.28,51.04,183.7,243.82,219.06,411.48,156.42,290.31,49.83,101.16,115.58,4320.17,-0.25633449752959686
2023-04-30,4,30,2023,3152.82,74.07,58.79,52.22,34.42,397.56,250.3,913.64,167.81,107.18,210.67,81.91,143.05,26.13,87.36,45.38,212.15,267.71,211.27,479.5,125.04,333.81,54.58,87.63,101.38,4523.56,-0.4347663361688901
2023-01-09,1,9,2023,2471.48,81.2,40.21,64.5,36.44,479.79,308.68,713.86,177.29,94.48,189.3,97.55,155.2,26.1,119.94,55.21,163.04,324.91,202.42,425.29,168.08,275.98,53.63,108.74,84.85,4446.69,-0.7992012882968907
2023-01-21,1,21,2023,3153.67,90.99,40.0,56.9,42.5,397.74,273.53,825.2,144.45,80.07,220.26,95.28,178.62,28.5,84.36,57.77,200.74,261.8,183.0,355.9,162.73,259.81,54.67,94.91,83.12,4272.850000000001,-0.35488177266486387
2023-03-07,3,7,2023,2693.65,70.23,54.79,65.31,44.06,339.37,308.29,844.02,128.14,108.67,185.18,115.48,150.44,25.44,119.24,49.9,185.36,260.65,167.99,363.01,176.19,314.11,47.85,83.72,107.62,4315.060000000001,-0.6019378909657903
2023-02-13,2,13,2023,3119.66,91.11,46.79,64.38,47.42,320.01,313.28,800.77,137.83,106.49,174.33,114.51,175.6,30.48,111.94,58.64,229.2,316.31,227.25,433.87,157.14,276.56,54.13,104.99,102.84,4495.87,-0.4411410217780143
2023-11-07,11,7,2023,3345.8,91.8,49.71,53.8,42.63,415.13,318.66,912.51,165.08,84.32,182.11,116.86,163.9,33.77,107.63,59.99,166.27,275.09,235.48,320.2,175.49,276.2,59.56,112.54,100.87,4519.6,-0.350827903640385
2023-01-15,1,15,2023,2887.72,85.26,47.61,51.5,42.01,420.76,313.94,700.29,130.59,99.79,194.67,94.72,158.89,32.02,118.93,52.2,170.47,358.34,218.37,340.2,164.6,316.52,47.57,96.48,109.22,4364.949999999998,-0.5115558295125561
2023-11-13,11,13,2023,3260.13,92.17,48.51,70.71,33.15,476.87,295.67,898.45,173.42,92.43,181.68,80.76,133.7,28.18,103.06,42.61,223.83,269.77,219.78,369.52,157.81,294.55,40.87,106.71,80.65,4514.859999999999,-0.3848711554447211
2023-10-12,10,12,2023,2910.4,81.54,49.45,61.23,38.99,338.53,261.95,938.08,123.64,106.89,231.15,112.77,128.46,32.42,91.56,45.36,171.32,330.03,194.29,382.43,178.86,318.79,46.39,82.43,92.77,4439.330000000002,-0.5253332875206163
2023-08-10,8,10,2023,3298.17,68.16,46.85,60.98,40.29,419.67,242.14,644.21,139.94,105.8,208.79,87.43,146.33,24.78,116.01,59.52,187.32,329.08,184.09,444.13,160.63,341.21,42.91,84.95,96.01,4281.230000000001,-0.2980622587677413
2023-09-20,9,20,2023,2514.27,90.35,44.46,70.91,37.75,350.71,275.73,706.68,156.69,85.53,208.11,100.2,159.11,26.51,82.02,54.24,232.77,353.1,200.27,430.01,122.6,283.59,45.18,104.57,80.39,4301.48,-0.7108266017571699
2023-04-07,4,7,2023,2709.86,65.66,50.74,56.6,37.7,418.58,283.75,826.86,148.25,90.28,179.5,104.23,140.74,24.42,119.54,45.93,216.62,320.22,213.13,458.7,162.27,323.97,54.64,111.78,110.2,4564.3099999999995,-0.6843342460496111
2023-01-09,1,9,2023,3111.55,72.96,47.31,70.57,33.39,440.71,265.29,907.11,168.37,115.55,205.63,91.4,173.46,27.53,90.8,42.63,227.17,268.39,209.92,411.73,160.03,346.82,59.8,91.84,97.53,4625.940000000001,-0.48669955488422206
2023-11-04,11,4,2023,3390.93,77.13,44.39,68.45,41.84,371.32,317.6,647.44,177.94,114.81,237.8,101.26,160.44,32.52,82.69,48.69,203.71,339.82,200.5,466.9,120.8,326.53,46.73,113.46,110.36,4453.13,-0.31324739820639186
2023-06-28,6,28,2023,2522.75,67.35,57.42,60.09,43.65,365.17,259.11,954.68,177.7,97.36,231.43,94.77,173.87,28.43,88.91,52.58,229.43,240.05,234.79,367.27,160.75,263.2,46.39,114.12,81.62,4490.139999999999,-0.7798592805470219
2023-06-28,6,28,2023,2875.72,73.45,49.17,69.49,37.84,477.35,279.54,769.06,137.14,83.67,234.54,119.03,174.55,35.97,93.61,59.1,171.64,300.53,217.75,453.44,142.99,257.84,55.09,114.8,90.48,4498.070000000001,-0.5641543682973311
2023-02-21,2,21,2023,3188.07,67.92,56.38,58.16,45.1,386.59,287.19,740.94,147.78,92.4,191.8,89.74,141.45,30.11,84.58,42.32,164.45,308.44,192.7,411.33,155.95,313.9,59.39,91.23,103.39,4263.24,-0.33724792742944776
2023-07-28,7,28,2023,3515.03,71.25,45.67,58.15,46.68,400.52,277.87,750.29,131.14,101.07,239.94,103.94,137.07,29.37,91.59,49.99,177.27,323.94,193.18,470.52,126.95,354.67,58.97,117.72,99.11,4456.869999999999,-0.26794650401276765
2023-12-16,12,16,2023,2454.14,70.87,54.93,56.03,35.28,468.94,340.75,889.57,125.99,106.9,224.59,106.54,175.24,31.33,115.46,52.55,211.0,315.32,191.42,401.8,138.7,276.18,55.77,99.76,80.25,4625.170000000002,-0.8846398330983571
2023-09-25,9,25,2023,3202.2,75.87,49.04,57.39,38.87,453.87,264.45,760.27,172.74,106.45,230.51,85.21,166.8,28.86,85.75,41.97,209.73,315.28,166.97,355.79,143.24,353.74,59.6,96.75,89.27,4408.420000000001,-0.37668477921429055
2023-11-07,11,7,2023,2467.05,93.21,55.52,49.06,39.82,345.4,321.67,882.48,175.62,106.65,193.08,108.5,144.73,35.31,98.38,48.65,188.21,336.21,239.19,395.13,127.09,270.62,57.96,86.31,84.4,4483.200000000001,-0.8172311059767741
2023-12-04,12,4,2023,3289.24,68.07,43.92,68.67,41.31,360.83,351.28,872.64,130.46,107.57,207.57,83.49,145.83,30.46,116.34,48.45,184.1,303.04,165.85,412.53,174.29,280.82,52.91,100.51,82.84,4433.779999999999,-0.34796487942503407
2023-10-15,10,15,2023,2693.11,80.62,55.22,59.79,32.2,421.12,329.85,752.23,165.85,118.78,160.76,87.73,134.91,35.78,106.78,50.66,186.26,311.93,175.94,428.29,123.45,308.24,53.79,92.3,104.71,4377.19,-0.6253290805054377
2023-11-06,11,6,2023,2836.88,87.72,41.73,49.03,35.11,471.01,339.77,828.26,172.48,101.12,177.03,107.71,165.84,35.2,82.2,45.93,181.43,351.81,165.95,384.92,158.54,321.03,44.02,80.14,88.04,4516.02,-0.5918967316206538
2023-05-26,5,26,2023,3031.41,70.2,58.71,50.12,44.94,445.11,352.01,733.04,150.9,80.79,204.95,80.24,170.7,29.74,90.48,57.39,206.61,325.09,198.78,404.79,179.68,333.84,56.99,86.77,110.53,4522.4,-0.4918470282805691
2023-05-05,5,5,2023,3002.03,66.13,44.31,62.4,44.13,393.35,322.61,748.26,136.88,114.54,181.05,90.75,167.25,30.5,109.94,55.57,161.86,343.15,195.01,449.98,159.12,355.38,51.83,104.02,85.29,4473.31,-0.4900950356925148
2023-02-08,2,8,2023,3319.66,86.4,55.86,58.69,40.28,452.8,284.13,844.84,145.48,97.38,163.76,84.42,151.01,25.01,87.82,48.76,206.83,267.43,167.14,393.7,131.81,351.12,59.88,102.4,94.08,4401.03,-0.3257472150762427
2023-10-10,10,10,2023,3155.13,76.62,55.28,56.0,32.63,436.61,347.97,893.87,139.76,81.36,216.44,90.82,127.17,34.18,86.14,43.54,218.15,288.61,169.9,358.18,168.89,268.72,59.17,83.54,111.86,4445.41,-0.4089466995020806
2023-01-09,1,9,2023,3467.43,74.33,46.2,51.09,33.1,422.39,290.98,761.57,131.22,104.45,221.32,111.52,159.82,29.39,85.68,45.05,192.11,335.8,186.19,442.15,173.44,321.08,41.0,95.93,103.38,4459.190000000001,-0.2860216356206186
2023-01-29,1,29,2023,2973.15,64.48,59.2,61.85,32.65,411.85,295.78,724.44,158.66,92.92,224.69,110.74,136.67,35.44,117.29,58.4,192.52,320.75,235.22,378.03,159.02,340.68,44.13,95.57,96.31,4447.29,-0.4958175672266787
2023-02-11,2,11,2023,2420.74,86.28,41.57,53.82,34.62,331.13,262.79,712.96,143.94,86.38,200.3,97.65,179.9,24.47,83.45,51.89,163.38,281.12,176.58,439.47,178.18,245.27,42.92,108.76,93.74,4120.57,-0.7021943703165148
2023-09-27,9,27,2023,3294.99,72.79,45.84,70.66,37.28,475.64,251.96,664.56,145.85,108.78,218.77,103.39,124.38,24.78,92.5,44.93,190.2,306.05,202.25,357.39,178.37,329.2,59.52,95.47,117.47,4318.030000000001,-0.3104834916039202
2023-09-05,9,5,2023,2914.19,87.54,50.62,62.78,32.87,324.21,298.59,790.99,134.4,100.2,196.24,99.76,170.83,34.19,90.75,50.15,187.33,302.98,228.19,379.52,147.06,273.9,57.99,110.26,111.23,4322.58,-0.4832869510910407
2023-05-10,5,10,2023,2596.53,71.86,52.67,60.94,39.67,360.64,251.7,826.05,134.0,101.76,187.87,91.26,167.15,34.1,103.62,54.56,219.59,310.81,178.59,460.35,151.26,339.6,56.45,116.41,81.15,4452.0599999999995,-0.7146191262954786
2023-08-28,8,28,2023,2841.14,86.87,44.4,61.76,42.55,436.28,306.3,755.42,142.55,110.5,236.4,111.34,177.41,34.34,108.17,43.63,163.19,301.77,208.18,385.79,178.57,275.0,56.53,101.02,105.14,4473.110000000001,-0.5744067522191799
2023-06-03,6,3,2023,3158.31,85.82,44.32,66.33,42.33,321.33,327.74,709.47,173.87,89.25,195.5,116.6,124.77,35.98,95.49,50.06,180.61,337.76,234.68,391.05,159.92,357.97,41.24,105.21,112.1,4399.4,-0.3929601590724152
2023-06-08,6,8,2023,2700.45,89.19,51.71,56.9,34.98,361.93,252.91,814.84,153.51,90.36,205.75,83.87,150.4,26.43,110.99,40.79,201.7,297.66,221.29,383.97,156.08,270.84,47.6,101.99,91.18,4296.87,-0.5911681386435594
2023-02-12,2,12,2023,2861.01,87.46,41.25,50.49,39.98,408.27,294.31,739.9,176.44,106.83,169.47,93.08,144.68,34.56,96.46,43.56,182.13,266.17,233.91,348.84,166.07,348.89,54.69,105.52,99.72,4332.68,-0.5143882754691524
2023-08-01,8,1,2023,2804.4,71.45,49.61,57.21,38.26,464.24,291.18,889.25,133.14,85.81,167.72,105.54,163.02,27.33,102.47,41.64,230.39,297.9,206.24,401.15,173.23,347.87,53.79,84.05,107.14,4589.63,-0.6365818000285266
2023-02-03,2,3,2023,3117.65,77.15,44.07,51.81,43.87,470.67,334.75,933.69,169.92,103.54,164.66,85.75,133.17,25.32,94.95,48.38,237.96,263.68,215.22,401.53,136.59,324.97,44.91,116.96,111.47,4634.990000000001,-0.48669350311933685
2023-04-04,4,4,2023,2554.68,70.08,58.2,59.75,37.05,406.46,325.59,671.32,145.56,93.76,191.24,109.78,170.37,34.16,97.85,41.29,189.47,254.28,213.58,478.71,146.49,340.13,47.68,84.65,92.64,4360.09,-0.7067069065401539
2023-04-12,4,12,2023,3028.33,83.01,48.03,63.62,46.44,401.83,287.33,889.88,125.61,109.89,165.24,86.59,133.83,32.58,110.91,58.82,214.74,244.4,170.45,422.58,169.26,320.18,57.74,88.99,106.47,4438.42,-0.4656328735639776
2023-10-05,10,5,2023,3295.8,78.87,52.68,53.1,42.33,329.72,351.27,887.4,167.65,111.0,203.89,86.37,120.09,31.33,94.5,45.02,209.34,300.44,191.09,394.82,140.34,294.15,44.55,100.83,96.36,4427.14,-0.34326718854299415
2023-09-22,9,22,2023,2491.43,95.02,59.98,53.1,41.47,340.82,276.8,667.88,171.71,111.83,219.43,88.11,132.22,33.64,118.55,53.18,227.15,302.45,208.06,367.88,137.19,308.47,41.2,118.6,80.96,4255.7,-0.7081354884544218
2023-06-01,6,1,2023,2568.57,78.96,47.13,61.96,41.15,340.45,277.88,956.6,150.41,112.68,180.58,91.04,151.85,33.02,102.54,48.66,224.45,241.51,236.93,343.71,173.13,293.68,40.71,102.99,95.07,4427.089999999999,-0.7235621376875067
2023-05-27,5,27,2023,2912.04,88.09,43.04,71.8,42.05,445.71,344.58,752.88,129.21,91.62,196.89,112.0,170.3,35.43,108.93,58.36,193.91,350.82,180.83,466.77,172.89,351.59,48.41,99.82,116.89,4672.82,-0.6046551558357715
2023-08-14,8,14,2023,3565.49,78.08,41.34,49.23,46.49,476.04,350.53,950.93,172.76,99.34,237.69,89.35,150.46,30.34,109.06,59.67,222.02,294.37,180.39,352.94,125.58,252.34,52.94,82.87,107.05,4611.8099999999995,-0.29345756123281785
2023-10-12,10,12,2023,2820.54,93.86,52.85,62.83,43.01,434.85,296.69,902.58,124.85,102.41,224.14,116.64,150.29,25.06,101.99,55.77,202.28,348.37,171.12,416.32,147.99,272.08,50.07,98.52,103.0,4597.57,-0.6300318378750167
2023-09-02,9,2,2023,2494.84,91.46,59.74,69.07,44.19,321.53,245.86,645.96,174.23,108.28,165.6,102.85,137.48,29.21,93.14,48.67,187.14,311.01,224.8,350.99,146.65,240.5,50.84,96.68,117.5,4063.379999999999,-0.628713665004569
2023-02-02,2,2,2023,3511.49,73.68,56.93,62.14,32.87,446.45,295.19,733.89,133.03,111.85,200.5,97.85,158.93,25.65,89.48,54.47,231.79,296.6,239.96,475.45,143.63,242.16,47.4,96.28,108.21,4454.3899999999985,-0.26851849215005563
2023-03-22,3,22,2023,3597.82,68.12,47.75,51.9,35.74,341.44,358.25,957.37,133.93,85.66,168.14,108.61,169.15,29.25,81.25,54.1,200.04,359.95,239.57,337.53,153.06,264.26,51.76,107.5,101.73,4506.0599999999995,-0.25244175639692906
2023-04-09,4,9,2023,2837.66,66.21,54.8,70.23,34.99,388.52,299.74,923.73,136.91,101.0,201.86,108.0,174.08,27.56,107.42,57.87,208.63,299.8,169.02,354.65,154.08,334.57,42.97,110.47,102.15,4529.26,-0.5961249762127953
2023-03-22,3,22,2023,3171.71,71.2,43.66,64.79,39.32,368.99,333.18,922.17,148.34,94.9,185.51,112.23,121.61,35.12,107.57,49.73,188.15,261.95,238.41,467.35,145.26,340.09,40.81,99.07,111.86,4591.2699999999995,-0.4475692922745142
2023-03-22,3,22,2023,3269.76,73.58,52.28,50.81,42.79,322.02,296.37,671.38,169.1,98.36,205.2,99.83,141.38,26.44,95.31,40.21,182.08,333.09,185.07,477.99,140.51,312.79,42.79,114.46,89.21,4263.05,-0.30378070561753767
2023-04-20,4,20,2023,2945.7,69.32,47.93,69.82,41.21,375.25,294.12,721.83,136.44,117.97,217.89,84.82,175.05,28.53,103.66,58.71,183.21,346.52,231.73,386.61,129.73,345.02,41.2,83.86,85.75,4376.18,-0.4856163220966156
2023-06-27,6,27,2023,3262.18,80.35,44.71,55.49,46.96,341.51,298.14,645.4,175.37,94.19,200.61,111.38,156.55,24.26,97.41,45.2,166.13,358.8,199.53,408.71,143.52,299.97,56.21,97.14,88.91,4236.450000000001,-0.29865611339656334
2023-09-09,9,9,2023,2856.3,68.04,47.95,48.15,43.52,411.43,311.97,717.97,152.75,80.92,213.38,111.07,156.55,35.84,93.1,55.95,239.09,279.37,168.27,413.67,156.3,289.1,41.21,117.37,96.79,4349.76,-0.5228652452473479
2023-03-24,3,24,2023,2953.56,64.34,47.7,48.43,37.79,329.31,332.5,671.7,168.37,118.93,209.61,94.53,146.45,30.67,83.84,49.66,219.69,240.73,209.22,403.92,148.41,292.97,53.14,83.0,107.22,4192.129999999999,-0.4193481764379255
2023-03-02,3,2,2023,2835.05,91.47,46.45,71.69,33.03,367.83,329.46,860.7,155.36,85.22,202.76,95.43,167.39,29.54,80.06,51.86,180.17,252.61,225.31,407.71,153.09,256.48,51.04,115.51,119.66,4429.830000000001,-0.5625227068305676
2023-09-09,9,9,2023,3276.35,79.67,41.92,64.18,40.67,393.57,262.45,887.68,131.6,107.47,187.28,116.99,169.8,33.95,96.27,53.0,190.36,343.17,180.17,438.92,131.79,240.79,54.65,104.8,117.27,4468.42,-0.36384085949303346
2023-03-26,3,26,2023,2426.1,73.35,43.56,58.08,38.85,347.52,356.72,716.93,166.81,103.69,184.42,83.3,171.63,26.18,100.13,53.34,233.9,311.61,176.1,440.15,161.23,261.2,46.24,103.85,106.18,4364.970000000001,-0.7991715098305928
2023-03-20,3,20,2023,3399.97,88.51,41.09,49.79,33.72,462.42,260.37,777.87,158.54,101.05,216.01,97.67,130.48,35.48,105.84,46.9,202.5,290.91,238.33,404.99,127.65,242.08,53.81,85.94,93.09,4345.040000000001,-0.2779642173313297
2023-08-06,8,6,2023,2458.35,66.19,41.77,63.33,46.22,466.85,269.33,645.3,132.75,101.05,225.98,102.46,123.67,33.9,105.19,43.33,170.9,315.07,219.71,441.25,167.5,289.84,58.88,117.99,83.81,4332.27,-0.7622673744584785
2023-02-09,2,9,2023,2438.08,89.68,45.46,52.28,45.82,436.07,324.47,651.02,175.11,83.2,208.62,108.95,127.0,30.05,100.43,47.43,169.87,356.6,165.06,460.32,176.55,278.74,53.28,92.11,86.62,4364.739999999999,-0.7902365796036221
2023-03-24,3,24,2023,3270.48,74.99,56.78,50.72,34.66,400.59,333.28,938.51,123.6,100.85,191.62,112.08,131.71,24.66,99.4,51.15,195.11,310.73,182.74,472.71,149.57,347.22,42.15,83.73,91.03,4599.589999999999,-0.4063960030331937
2023-02-26,2,26,2023,2763.59,72.19,54.09,60.04,47.99,446.03,278.17,771.05,122.53,93.97,178.19,118.77,152.37,26.87,117.23,41.31,172.74,280.28,178.23,386.72,131.09,350.84,49.46,119.22,109.73,4359.11,-0.577336001360549
2023-07-01,7,1,2023,2619.84,71.35,43.86,65.57,43.54,396.24,241.62,887.53,168.83,114.02,231.5,102.03,141.36,29.06,116.75,47.54,227.3,341.23,238.84,469.7,160.17,303.29,46.61,102.11,84.01,4674.0599999999995,-0.7841013191645289
2023-07-10,7,10,2023,2820.28,79.21,49.42,48.56,45.5,377.74,291.15,927.04,174.56,119.46,196.95,82.33,168.7,28.68,117.82,45.7,222.25,243.96,161.68,353.08,162.25,281.87,51.24,101.16,114.37,4444.6799999999985,-0.5759711801665076
2023-02-03,2,3,2023,2786.26,90.55,49.34,48.51,43.54,468.97,318.22,819.61,173.4,116.77,194.31,80.03,169.29,27.81,90.42,49.33,185.17,329.58,183.8,403.98,135.51,351.17,44.74,103.63,91.23,4568.91,-0.6398003057862509
2023-11-05,11,5,2023,2601.77,76.76,48.28,53.2,46.3,335.32,355.74,807.14,162.87,89.13,230.41,89.33,136.76,32.41,104.63,46.09,166.36,349.92,232.14,411.81,170.66,314.06,49.24,98.84,107.12,4514.5199999999995,-0.7351725940417483
2023-02-15,2,15,2023,2628.26,81.07,52.1,67.85,38.59,466.77,287.07,658.7,132.3,84.66,225.76,119.48,167.04,31.51,100.06,41.35,235.47,296.59,208.45,393.79,162.5,316.93,51.58,102.86,89.66,4412.139999999999,-0.6787304147991443
2023-10-22,10,22,2023,2469.02,88.93,59.03,51.38,37.11,367.81,337.88,656.58,158.47,114.25,235.54,105.34,121.56,35.97,90.88,54.1,213.33,240.45,230.7,458.47,144.98,308.05,58.72,115.93,112.58,4398.04,-0.7812897424889227
2023-07-09,7,9,2023,3280.96,91.57,50.42,66.01,39.28,393.61,307.04,648.18,159.54,90.52,169.2,81.07,179.98,33.87,96.41,53.58,235.83,299.5,239.9,350.53,149.9,315.97,55.22,81.29,113.83,4302.25,-0.31127779674241685
2023-06-18,6,18,2023,3480.76,89.92,43.89,49.35,42.8,345.63,254.92,910.38,178.96,91.29,161.56,101.13,164.45,27.81,86.82,41.65,222.42,356.43,220.35,436.79,162.56,340.66,42.41,93.78,95.13,4561.089999999999,-0.31037187280938616
2023-01-27,1,27,2023,2661.89,79.15,46.47,65.68,46.52,321.71,270.8,804.77,173.47,85.96,203.03,113.06,124.91,24.41,108.7,55.77,168.6,278.25,171.46,469.83,130.41,298.05,58.45,111.11,107.41,4317.979999999999,-0.6221481729147331
2023-10-21,10,21,2023,2837.93,89.94,46.26,59.1,43.68,400.89,346.21,891.28,146.91,94.7,224.56,97.45,155.72,26.94,93.71,55.77,195.86,326.09,216.64,361.75,161.78,342.19,53.18,84.78,93.87,4609.259999999999,-0.624162681954805
2023-02-26,2,26,2023,2409.59,93.57,52.66,49.88,39.9,351.67,359.51,745.59,147.51,116.26,164.7,107.55,161.55,28.92,108.77,49.68,192.76,300.85,200.58,404.13,150.6,335.66,44.8,98.62,95.11,4400.83,-0.8263812515822192
2023-01-12,1,12,2023,2905.15,84.8,49.01,51.17,37.69,430.23,347.05,750.14,135.94,87.83,169.34,106.8,177.4,25.91,113.48,48.38,236.03,334.09,236.53,363.15,159.69,276.83,45.49,87.32,100.7,4455.000000000001,-0.5334836411200802
2023-06-21,6,21,2023,3225.36,91.23,51.87,71.04,32.9,393.07,252.99,740.42,146.2,109.11,179.76,99.59,120.06,26.34,109.62,41.37,193.93,302.38,172.92,321.53,177.7,264.46,54.68,95.71,115.52,4164.4,-0.29114269414887006
2023-04-30,4,30,2023,2933.9,67.38,42.64,57.45,41.52,348.6,313.1,847.41,128.01,102.88,195.6,83.6,156.65,32.15,92.41,50.7,197.94,321.71,163.49,355.49,121.34,315.0,58.45,85.27,94.54,4273.33,-0.4565356692457138
2023-02-10,2,10,2023,3501.81,93.25,55.09,50.55,47.12,443.53,280.27,697.71,147.36,107.67,192.2,90.4,145.39,34.39,97.45,57.18,189.29,270.02,182.68,421.81,169.87,309.51,52.89,88.6,97.7,4321.929999999999,-0.2341988857190994
2023-10-26,10,26,2023,3529.64,70.19,45.99,57.96,47.62,345.53,249.44,691.78,156.49,109.15,195.66,105.6,138.05,27.86,98.97,57.34,219.38,320.3,169.7,359.69,175.41,247.84,59.56,83.32,103.31,4136.140000000001,-0.17183055495744648
2023-07-13,7,13,2023,3030.57,71.74,51.82,64.83,32.77,446.0,300.2,824.56,145.98,109.0,174.3,80.65,168.59,25.01,116.85,41.54,235.74,243.33,211.34,356.4,144.41,302.32,57.16,91.49,104.33,4400.36,-0.45199087960350676
2023-11-06,11,6,2023,2568.92,81.94,48.53,59.55,36.74,350.0,354.9,746.16,126.86,117.12,232.63,118.09,141.94,30.79,117.55,50.8,198.05,358.95,214.95,326.8,124.14,327.73,57.99,83.71,100.0,4405.92,-0.7150864954922691
2023-09-06,9,6,2023,2508.18,95.42,51.8,68.21,36.59,369.6,317.54,819.52,154.95,88.53,226.51,90.88,122.41,24.13,86.7,53.63,236.13,356.24,235.17,435.75,136.27,357.31,59.0,86.61,81.46,4590.36,-0.8301557304499677
2023-04-29,4,29,2023,3575.29,66.82,51.11,60.88,38.09,409.71,272.4,718.48,158.07,98.96,195.03,107.74,178.06,26.38,117.61,51.36,202.91,309.3,204.08,432.2,140.43,308.84,47.25,101.18,117.66,4414.55,-0.2347390001929914
2023-10-26,10,26,2023,3313.87,88.24,46.2,52.4,38.68,367.29,349.75,886.6,124.0,101.16,160.32,89.29,136.18,29.42,108.09,48.45,220.09,312.23,203.19,362.45,134.31,248.75,55.21,95.85,99.93,4358.080000000001,-0.3151028857498939
2023-01-03,1,3,2023,3516.35,78.06,41.41,56.93,40.98,341.9,247.78,719.41,122.76,91.28,182.85,100.29,139.6,35.85,80.81,42.24,187.78,260.46,184.75,431.74,120.47,294.52,47.24,91.72,106.61,4047.4399999999987,-0.15103445333939988
2023-06-16,6,16,2023,2939.87,67.68,41.87,70.97,47.07,323.82,340.72,874.38,134.38,118.37,201.67,103.9,128.11,30.47,113.63,43.37,169.95,258.49,179.26,427.54,164.03,249.64,51.07,99.61,115.64,4355.639999999999,-0.4815757159330173
2023-01-24,1,24,2023,2466.42,79.86,44.47,51.44,34.63,464.33,315.62,707.83,177.55,106.42,190.76,118.29,157.87,26.56,95.08,59.32,207.43,272.81,171.64,451.03,130.33,256.61,58.06,91.46,99.15,4368.549999999999,-0.7712109048742709
2023-09-14,9,14,2023,3437.16,84.53,44.39,65.92,34.54,380.6,332.79,935.71,160.34,87.21,172.0,97.82,142.53,29.99,115.59,59.99,188.31,265.69,214.54,427.43,124.3,294.77,40.51,112.51,100.29,4512.3,-0.31279893865866015
2023-12-23,12,23,2023,2500.47,89.37,55.03,65.24,41.19,479.48,257.2,874.1,171.8,85.69,168.75,113.98,155.97,35.77,94.25,52.05,189.64,256.48,215.68,356.46,121.87,314.35,51.77,110.73,104.71,4461.5599999999995,-0.7842885537518945
2023-01-19,1,19,2023,3381.18,90.28,52.12,62.66,38.52,390.21,284.13,666.56,176.37,93.75,221.61,103.76,137.05,32.8,85.64,59.92,232.3,295.59,177.8,343.49,153.73,259.63,44.62,118.99,90.15,4211.680000000001,-0.24562430867330382
2023-04-20,4,20,2023,2643.37,85.55,47.44,64.55,42.21,455.93,343.92,797.63,140.42,89.27,207.54,119.13,124.58,34.38,118.99,46.6,169.11,343.2,193.61,375.42,142.87,329.09,47.56,116.42,113.57,4548.99,-0.7209055107684509
2023-01-18,1,18,2023,2825.21,67.43,57.35,50.25,41.95,333.9,304.79,930.65,167.36,89.06,189.28,86.68,157.94,33.56,93.47,42.45,186.82,306.13,169.06,443.96,162.42,269.13,45.21,83.12,89.32,4401.29,-0.5578629553201354
2023-04-09,4,9,2023,3386.14,68.44,58.7,63.24,34.05,325.13,357.15,785.63,177.83,101.6,174.0,85.04,145.81,35.64,118.47,47.94,191.51,357.49,239.13,431.31,158.56,290.54,40.01,99.22,104.99,4491.429999999999,-0.3264159190110272
2023-07-31,7,31,2023,3368.01,81.41,50.8,67.26,46.76,439.85,301.15,784.96,177.25,102.43,167.89,86.76,154.16,27.98,111.25,41.62,237.61,255.44,234.87,368.83,158.98,303.12,43.8,80.57,102.74,4427.49,-0.3145715125548913
2023-03-16,3,16,2023,3520.38,75.81,42.57,65.26,41.71,455.7,329.32,701.16,161.24,85.02,215.75,83.27,134.55,35.26,80.52,47.93,185.83,263.66,173.73,416.08,177.06,349.63,59.32,82.83,83.91,4347.119999999999,-0.2348439657082471
2023-10-13,10,13,2023,2852.71,73.89,53.65,50.66,33.18,334.9,329.85,733.9,162.1,106.75,180.17,96.51,139.99,34.5,87.68,48.31,189.99,352.17,197.79,344.21,155.08,246.21,40.3,91.27,80.12,4163.18,-0.4593772237626679
2023-04-06,4,6,2023,2592.32,65.28,40.26,60.68,44.36,405.02,343.06,851.23,174.76,83.23,215.53,90.7,147.57,25.41,115.42,40.43,189.21,307.46,202.32,425.56,133.3,331.51,52.46,80.33,114.94,4540.03,-0.7513385693124304
2023-05-20,5,20,2023,2593.55,92.07,56.37,53.72,38.73,389.02,331.69,646.68,178.17,116.26,171.86,119.53,153.52,31.57,88.27,50.63,165.49,341.55,225.41,335.12,125.84,283.43,41.99,116.59,118.9,4272.409999999999,-0.6473212392280845
2023-11-03,11,3,2023,2988.18,80.47,51.27,64.23,36.5,427.86,258.53,650.75,146.26,114.22,196.63,106.92,170.63,29.12,112.96,42.05,162.65,312.41,184.8,352.18,155.81,342.97,58.12,105.29,85.58,4248.21,-0.42167138525791625
2023-04-20,4,20,2023,2860.39,87.79,44.77,59.35,36.14,458.08,333.07,697.17,160.71,80.52,235.5,112.45,131.76,33.83,119.04,49.17,237.23,244.74,212.97,465.17,169.07,350.46,50.29,83.33,117.36,4569.969999999999,-0.5976737437901823
2023-12-07,12,7,2023,3576.66,87.9,57.54,53.14,38.64,447.77,248.82,666.15,162.89,98.98,219.64,113.01,143.01,32.83,117.06,44.0,173.01,340.89,212.61,396.97,152.71,303.68,48.06,103.99,97.76,4361.06,-0.219310753608115
2023-01-17,1,17,2023,2522.7,70.78,50.27,61.38,33.63,342.98,278.56,781.33,151.18,86.93,213.8,117.29,133.92,35.83,114.81,58.4,186.94,291.52,177.15,477.06,128.5,255.75,56.49,116.34,85.25,4306.09,-0.7069370119316607
2023-08-02,8,2,2023,2762.52,64.53,45.17,54.59,44.8,350.77,240.65,761.93,143.43,93.5,195.04,96.85,163.68,28.85,105.29,43.03,238.68,298.32,179.05,347.6,121.68,277.34,59.9,101.46,100.48,4156.62,-0.504647930150732
2023-10-16,10,16,2023,3460.15,86.34,51.34,53.97,33.6,416.75,271.35,778.22,151.02,110.63,172.0,113.22,159.89,32.78,99.02,54.86,187.64,315.58,168.22,452.3,145.45,354.3,54.27,97.08,85.89,4445.72,-0.28483447249396704
2023-09-09,9,9,2023,3548.06,89.52,47.51,63.41,40.83,445.68,310.29,760.98,138.13,97.11,172.61,97.32,155.88,34.7,118.78,43.66,236.31,296.78,235.29,431.73,144.64,357.03,45.56,108.61,87.33,4559.69,-0.2851220103380438
2023-05-29,5,29,2023,3364.09,78.97,44.86,55.08,39.23,409.36,260.57,655.3,131.49,106.52,200.94,94.48,174.0,25.91,109.18,53.48,166.19,298.21,214.02,347.66,165.17,353.82,48.39,94.67,118.19,4245.689999999999,-0.2620619543472376
2023-06-10,6,10,2023,2590.06,84.97,52.72,71.53,44.96,452.08,256.14,894.48,147.27,102.02,230.99,112.28,122.85,32.66,81.96,40.77,175.27,245.85,223.27,394.18,170.4,326.67,52.73,85.21,83.56,4484.82,-0.731550620448947
2023-07-04,7,4,2023,3457.88,69.78,50.05,55.41,45.69,417.91,284.46,643.14,168.09,113.35,198.84,102.29,123.05,26.4,103.83,47.33,182.06,305.19,194.55,391.99,163.82,272.51,59.35,85.61,104.48,4209.179999999999,-0.21727185443103844
2023-12-17,12,17,2023,3555.95,85.29,59.52,65.11,37.16,383.84,250.25,958.63,139.15,114.73,233.13,113.65,148.95,27.27,111.39,41.29,184.27,283.6,178.85,391.98,176.54,330.11,49.86,82.38,81.07,4528.019999999999,-0.27336436114118556
2023-10-18,10,18,2023,3035.66,72.67,46.92,57.76,41.56,448.91,315.06,767.51,160.1,100.6,212.39,87.45,173.25,33.98,117.83,58.94,237.56,318.33,194.41,474.2,129.27,264.79,59.54,82.24,105.52,4560.79,-0.5024047488849213
2023-01-20,1,20,2023,3155.95,65.03,44.93,53.7,38.33,452.37,245.2,668.98,170.07,105.71,194.83,97.95,156.37,27.22,95.38,48.63,163.55,280.23,220.68,438.31,155.04,273.43,59.61,119.17,90.73,4265.449999999999,-0.35155816790506794
2023-12-30,12,30,2023,3129.2,84.9,47.78,56.74,32.7,446.45,292.64,863.6,172.9,96.66,173.83,117.78,140.18,28.0,115.53,57.62,168.58,349.4,217.53,479.56,177.44,245.22,52.67,104.5,97.35,4619.56,-0.4762750862840345
2023-01-13,1,13,2023,2678.56,71.45,40.26,63.48,43.35,380.91,357.15,931.44,153.94,84.93,234.32,114.64,134.91,26.41,92.91,55.92,202.73,272.25,177.57,348.47,165.58,270.93,45.34,94.98,100.43,4464.3,-0.6666791111642077
2023-07-27,7,27,2023,2762.38,95.16,48.32,50.3,37.25,345.3,300.52,816.5,139.67,117.35,168.74,96.51,138.1,33.02,105.2,53.82,207.01,308.54,195.11,431.07,156.63,322.91,48.47,106.77,119.71,4441.9800000000005,-0.6080264120070376
2023-02-20,2,20,2023,2567.01,78.07,41.24,48.74,43.14,404.96,259.88,687.32,174.78,103.38,216.01,82.68,148.56,35.9,99.53,52.17,225.27,243.95,222.59,322.92,160.44,242.27,56.84,107.18,109.8,4167.62,-0.6235308783370535
2023-11-14,11,14,2023,2934.91,88.7,53.88,55.28,42.32,321.12,277.23,818.17,159.77,83.28,187.3,82.77,138.62,28.94,93.29,59.95,187.75,256.89,189.74,387.52,168.08,256.26,54.5,81.18,95.28,4167.819999999999,-0.42008443189058575
2023-02-25,2,25,2023,3344.09,90.09,45.5,70.04,45.01,467.39,319.54,799.72,143.07,99.47,187.51,84.89,145.33,30.33,104.28,57.99,203.17,316.96,181.33,380.19,174.49,322.29,59.22,112.75,109.81,4550.370000000001,-0.36071995669973017
2023-11-29,11,29,2023,2560.85,89.2,59.09,51.29,33.5,336.29,254.93,682.86,178.23,104.4,238.24,93.87,150.13,32.75,91.65,51.67,175.68,286.9,210.61,468.25,142.5,342.6,53.93,83.63,88.86,4301.06,-0.6795439014389756
2023-12-19,12,19,2023,2761.7,72.17,40.55,60.29,43.51,345.62,280.51,926.25,127.68,118.3,212.97,101.76,140.55,25.61,116.97,44.36,236.13,277.33,174.82,355.96,124.76,344.69,46.22,112.71,103.28,4433.000000000001,-0.6051707281746754
2023-08-20,8,20,2023,3155.89,91.88,40.17,68.91,43.72,429.9,332.19,851.97,176.46,119.69,166.25,114.48,175.97,24.21,106.44,46.28,178.4,281.05,223.49,359.12,162.52,348.55,45.54,113.67,83.06,4583.92,-0.45249676002649025
2023-03-08,3,8,2023,3400.7,85.27,51.27,60.86,43.14,467.32,272.44,664.54,146.29,102.88,166.41,118.52,151.65,28.97,91.24,48.84,160.36,240.73,173.35,453.3,126.08,307.38,49.72,115.29,96.73,4222.579999999999,-0.24167965418884324
2023-11-03,11,3,2023,3294.91,81.41,42.96,61.7,45.02,328.95,253.81,695.3,150.59,80.82,222.1,101.63,122.07,34.58,89.68,43.44,201.48,337.81,197.1,378.69,158.74,326.5,49.09,86.01,100.14,4189.62,-0.27154307704914554
2023-10-12,10,12,2023,3145.11,64.59,48.38,69.54,42.29,426.23,291.08,922.89,134.0,119.01,234.2,82.01,129.0,32.19,99.72,48.24,196.37,336.1,195.6,357.44,156.64,307.95,46.62,115.11,107.16,4562.359999999999,-0.4506201690878852
2023-12-24,12,24,2023,3152.9,84.87,41.88,49.77,38.51,402.75,346.05,888.63,174.04,106.08,169.24,94.8,130.82,35.16,82.06,40.5,183.6,353.43,208.5,345.08,154.91,289.52,57.37,105.0,96.04,4478.609999999999,-0.42047321513527186
2023-02-22,2,22,2023,2889.2,77.16,42.49,60.85,39.41,439.37,251.22,646.51,154.41,82.4,227.47,99.01,146.59,34.97,97.47,46.43,213.48,336.3,231.3,417.35,179.11,279.76,43.3,81.71,90.61,4318.68,-0.49476671743043077
2023-12-01,12,1,2023,2675.6,77.38,46.27,59.14,47.59,476.28,349.12,850.93,158.53,108.01,212.07,105.95,128.92,29.82,93.78,51.79,217.13,287.8,175.31,417.99,133.14,258.77,42.35,94.39,106.51,4528.970000000002,-0.6926932276872485
2023-01-24,1,24,2023,2436.4,83.15,52.07,52.19,45.78,404.33,358.04,900.69,151.37,118.16,167.52,107.36,125.82,26.28,93.05,50.4,196.37,344.13,166.84,462.99,125.53,246.94,53.71,108.72,113.66,4555.100000000001,-0.8696026924971274
2023-10-25,10,25,2023,2675.47,79.22,47.2,69.89,38.03,403.47,276.31,719.96,163.55,114.47,203.75,84.54,145.04,26.08,87.69,56.31,214.34,241.09,229.39,357.29,131.8,333.58,53.64,113.55,99.14,4289.330000000001,-0.6032061656456627
2023-01-19,1,19,2023,3021.76,74.6,53.9,67.89,43.36,470.48,334.66,798.41,172.55,89.05,221.67,101.06,144.63,27.49,113.51,46.06,181.14,333.01,188.43,378.3,141.03,266.66,41.23,81.76,85.44,4456.32,-0.47474319601821435
2023-07-30,7,30,2023,3439.38,94.56,52.18,58.64,45.57,349.23,278.29,939.16,136.41,103.81,165.02,119.97,140.98,31.44,107.17,46.9,222.55,338.32,205.4,364.09,135.09,247.89,58.4,115.28,102.05,4458.400000000001,-0.29628014351423815
2023-07-31,7,31,2023,3382.73,77.35,57.24,54.78,41.24,347.48,336.27,755.42,139.86,111.07,229.76,87.57,168.74,34.36,85.96,40.58,228.3,262.6,238.09,437.54,174.26,326.52,42.73,115.25,109.83,4502.799999999999,-0.3311142183975662
2023-05-25,5,25,2023,2633.48,78.08,59.41,71.84,47.73,337.13,257.83,923.44,134.81,91.94,184.69,85.22,161.42,24.67,115.08,46.05,169.72,339.22,226.06,361.64,158.04,251.71,43.5,100.38,85.62,4355.23,-0.653792700153409
2023-10-17,10,17,2023,2844.11,67.1,40.12,65.18,46.18,454.05,294.17,858.56,130.63,91.84,165.11,110.11,154.67,31.31,111.79,54.43,211.49,332.1,197.06,342.89,177.34,272.75,58.3,97.64,88.36,4453.179999999999,-0.5657551923097205
2023-01-02,1,2,2023,3233.88,78.78,42.36,66.38,46.34,454.91,261.07,847.34,162.04,117.72,198.7,111.42,162.85,24.67,109.63,53.01,235.97,287.22,174.22,399.94,134.88,283.89,48.84,95.48,107.04,4504.7,-0.39297067299961647
2023-07-07,7,7,2023,3015.51,87.34,43.86,50.09,45.93,378.53,327.4,697.71,153.7,98.79,185.58,111.73,175.01,27.75,88.98,44.11,232.72,253.25,219.64,469.15,124.67,290.39,43.71,115.14,119.12,4384.3,-0.4539165845909978
2023-03-16,3,16,2023,3147.25,65.1,45.84,58.33,45.68,475.36,286.34,935.43,146.52,91.9,197.62,91.51,166.61,35.16,112.89,55.16,168.7,297.33,209.71,397.32,166.88,298.58,52.1,80.89,111.95,4592.910000000001,-0.45934069425689117
2023-10-13,10,13,2023,2497.57,93.86,59.78,59.77,43.14,331.57,328.18,691.88,139.29,80.56,210.74,118.32,178.12,29.11,114.05,56.54,174.99,276.45,224.02,454.24,170.47,332.97,56.79,87.76,86.88,4399.48,-0.7615041820649668
2023-09-17,9,17,2023,3577.74,84.55,54.23,70.52,44.9,393.03,314.76,917.46,167.98,111.57,176.97,98.99,179.44,28.65,111.92,55.49,216.33,294.91,168.77,390.34,177.36,291.79,59.43,97.53,82.69,4589.61,-0.28282379379161143
2023-03-30,3,30,2023,2881.4,79.67,55.15,49.54,44.72,347.8,319.68,756.35,149.58,82.17,177.22,86.46,179.19,25.33,112.38,49.04,213.42,350.66,166.82,376.69,166.38,336.05,57.79,118.32,104.27,4404.68,-0.5286596793225516
2023-07-26,7,26,2023,3305.51,78.68,42.19,58.29,35.25,360.43,308.09,687.92,170.33,85.78,199.06,96.57,125.54,29.37,113.77,40.19,184.02,281.83,238.45,338.07,121.04,252.7,54.73,100.5,99.05,4101.849999999999,-0.24091289997610027
2023-05-08,5,8,2023,2963.89,67.4,45.32,64.25,47.58,400.35,298.08,930.45,161.43,101.05,228.67,104.32,170.56,33.11,116.41,59.11,204.38,251.77,218.34,429.98,155.75,268.04,54.36,102.54,102.51,4615.760000000001,-0.5573317498287728
2023-10-30,10,30,2023,2989.79,87.17,51.56,58.07,38.73,451.09,259.05,741.15,124.84,109.14,216.57,95.63,179.67,31.05,82.65,42.7,216.94,297.51,185.22,425.33,141.08,312.83,55.94,108.11,119.06,4431.09,-0.4820739918188235
2023-08-08,8,8,2023,3258.41,84.1,44.57,67.23,38.74,455.35,276.85,953.14,146.14,96.6,196.01,88.47,125.22,35.09,112.8,46.81,170.94,321.01,213.91,358.3,122.24,351.08,41.45,109.67,109.92,4565.639999999999,-0.40118646824678283
2023-03-14,3,14,2023,3320.86,79.53,48.72,59.54,43.42,431.54,302.61,649.01,138.92,90.04,237.62,89.18,162.5,28.81,95.73,55.57,217.94,313.55,228.86,342.97,138.22,254.12,59.63,94.19,96.43,4258.650000000001,-0.28239371729009966
2023-11-04,11,4,2023,3110.45,66.44,45.21,60.49,38.44,331.48,346.08,840.53,171.93,113.31,189.16,80.05,132.24,28.79,88.7,55.63,194.4,357.54,197.99,323.47,179.83,340.69,45.88,86.16,87.39,4401.830000000001,-0.4151746531852308
2023-08-03,8,3,2023,2412.08,69.07,51.2,69.55,47.11,467.49,273.99,657.8,174.06,100.67,236.12,112.56,155.7,35.81,108.67,50.51,227.82,246.53,171.54,440.3,148.26,335.09,40.86,93.13,92.23,4406.07,-0.8266682697091307
2023-01-12,1,12,2023,2895.14,94.14,42.12,60.59,39.92,370.91,255.73,872.14,157.99,99.82,181.86,83.98,165.35,31.87,113.45,47.4,231.63,294.46,199.35,386.36,138.37,285.15,44.95,111.04,87.31,4395.89,-0.5183687144663127
2023-06-05,6,5,2023,3065.92,67.84,47.89,51.99,36.41,462.56,342.91,885.23,144.03,91.63,185.87,103.63,124.48,35.3,97.05,41.01,174.17,256.56,194.16,476.58,139.85,325.43,49.86,103.85,86.27,4524.560000000001,-0.4757593153115545
2023-07-12,7,12,2023,2561.3,71.34,45.56,65.22,43.94,462.4,334.52,956.91,123.9,92.08,214.19,81.7,156.62,35.36,94.42,54.57,234.16,285.84,183.9,418.07,159.42,356.04,58.31,107.68,113.91,4750.06,-0.854550423613009
2023-04-24,4,24,2023,3381.85,76.21,49.29,56.7,36.4,334.43,348.83,868.52,148.41,99.43,214.26,90.68,175.61,33.64,101.55,51.29,212.75,267.3,208.22,360.63,152.39,300.9,48.16,108.52,100.83,4444.95,-0.31435456924464417
2023-04-29,4,29,2023,2780.9,86.42,52.69,50.42,34.94,325.05,266.15,666.83,124.99,87.31,216.41,86.02,167.15,30.99,93.4,58.99,177.15,256.17,238.55,339.08,171.79,289.74,53.94,118.24,81.81,4074.2299999999996,-0.4650760545147252
2023-10-15,10,15,2023,3471.73,76.54,55.64,70.02,32.7,458.62,313.61,866.57,150.9,93.25,184.3,82.79,124.63,25.43,85.26,41.8,162.7,333.8,230.21,457.83,140.12,344.71,45.09,86.05,119.32,4581.89,-0.3197714107951944
2023-12-20,12,20,2023,2935.24,92.41,52.91,49.55,32.83,466.78,256.37,806.86,148.3,91.61,194.54,117.65,121.28,35.38,104.73,54.16,180.18,314.88,185.63,380.91,140.13,345.22,59.39,109.65,118.34,4459.6900000000005,-0.5193612788051406
2023-05-31,5,31,2023,3280.45,76.3,59.86,68.8,39.78,450.41,307.12,673.76,130.05,83.11,180.97,101.33,176.74,28.98,100.17,43.5,185.41,272.15,203.57,440.86,177.75,324.46,54.87,110.77,116.96,4407.68,-0.3436205398649577
2023-08-17,8,17,2023,2795.09,89.88,43.68,57.89,45.99,442.07,244.56,658.17,144.63,100.95,183.17,114.49,131.57,33.38,85.84,52.83,216.85,347.89,167.05,334.91,122.6,340.14,59.36,87.12,107.42,4212.4400000000005,-0.5070856394606257
2023-10-17,10,17,2023,3268.79,87.3,57.69,63.3,33.46,381.14,278.91,672.73,174.16,80.29,199.65,105.1,171.04,32.23,84.96,43.0,160.72,290.33,209.19,402.01,143.18,245.9,54.33,98.67,107.37,4176.66,-0.2777388574977285
2023-08-17,8,17,2023,3510.73,75.58,55.72,55.93,34.21,430.44,309.03,730.87,144.96,115.75,227.8,108.16,123.78,27.38,93.49,50.2,189.93,339.55,229.6,426.17,120.41,280.35,52.05,102.03,113.71,4437.099999999999,-0.26386819835190956
2023-10-28,10,28,2023,2775.44,83.81,59.78,56.6,32.28,354.43,255.38,908.74,170.36,110.57,170.72,107.78,163.99,24.66,83.88,57.05,162.02,296.18,162.68,356.3,170.9,259.47,48.21,116.99,96.76,4309.540000000001,-0.5527411869829651
2023-11-16,11,16,2023,3294.72,81.72,51.1,68.57,43.71,387.99,275.25,658.12,123.21,119.55,212.89,82.66,148.19,25.87,102.53,54.67,199.64,261.12,221.59,404.35,141.08,280.95,52.63,81.44,88.11,4166.94,-0.26473266317016314
2023-04-14,4,14,2023,3585.9,89.38,41.86,67.37,33.23,328.01,267.99,840.54,140.56,99.69,210.08,93.38,152.04,31.83,118.56,52.95,184.64,311.11,182.47,420.13,137.06,284.99,48.59,96.09,102.34,4334.89,-0.20887085529434737
2023-06-22,6,22,2023,2650.35,83.95,58.04,70.54,40.12,435.46,285.1,826.35,161.09,117.02,180.14,106.97,178.27,33.69,85.48,48.37,223.27,317.98,188.3,327.88,176.96,275.62,54.12,113.28,81.03,4469.03,-0.6862037089441017
2023-06-01,6,1,2023,2473.18,87.18,51.4,56.87,36.42,342.53,342.59,818.57,147.37,93.56,221.0,119.47,134.79,31.5,81.48,51.63,210.73,346.99,172.41,457.81,124.36,296.9,42.36,94.08,87.68,4449.679999999999,-0.7991735336692031
2023-09-09,9,9,2023,2690.56,86.65,55.87,70.7,44.57,336.67,255.86,885.12,167.55,103.21,210.09,112.77,164.75,34.62,96.79,51.56,199.62,296.41,229.23,419.21,141.84,267.91,40.47,89.62,113.97,4475.06,-0.6632448263558518
2023-10-03,10,3,2023,2914.08,81.32,58.77,58.31,37.33,367.19,256.88,643.06,167.76,114.72,190.31,97.97,138.76,29.59,108.87,40.72,191.63,359.47,170.94,386.17,150.5,283.67,48.69,118.14,84.38,4185.150000000001,-0.43618225992423015
2023-02-02,2,2,2023,3331.05,95.96,46.0,51.18,35.07,467.73,277.4,909.11,123.4,85.52,217.16,84.11,135.29,27.01,86.21,47.4,171.14,256.37,165.92,419.79,178.49,241.13,46.05,83.13,84.22,4334.790000000001,-0.30132840996082333
2023-12-12,12,12,2023,3021.66,69.24,56.49,65.18,40.13,350.26,255.74,801.32,137.14,87.7,169.23,86.62,154.33,25.5,105.11,48.68,164.58,272.34,160.96,430.1,165.97,330.22,54.76,102.29,116.33,4250.22,-0.4065844601973751
2023-08-05,8,5,2023,3050.4,78.37,41.33,51.48,47.21,431.05,303.98,724.56,167.72,116.04,197.29,110.2,135.54,24.5,82.42,45.07,238.4,317.08,237.95,427.34,127.62,325.52,48.35,103.32,87.43,4469.77,-0.4653061893522162
2023-03-21,3,21,2023,2930.71,73.51,46.16,64.46,42.74,459.75,345.5,710.96,154.68,88.35,198.51,106.15,177.5,31.02,87.33,57.97,172.1,278.3,218.24,396.06,137.76,261.68,52.81,110.35,82.53,4354.42,-0.48579013276646277
2023-05-28,5,28,2023,3058.08,71.72,46.88,54.88,46.57,436.17,288.55,764.73,139.37,89.15,236.01,115.73,140.99,30.0,119.4,51.79,218.73,341.42,202.35,441.33,123.74,351.72,49.43,107.36,90.08,4558.099999999999,-0.49051038560142296
2023-11-12,11,12,2023,3092.69,89.14,59.38,56.02,43.27,441.42,337.87,679.58,171.82,113.49,177.85,82.19,151.97,26.49,109.46,58.39,231.95,252.56,226.8,388.29,173.57,348.75,55.68,105.92,98.1,4479.96,-0.4485641949241599
2023-03-13,3,13,2023,2827.75,66.93,55.81,58.93,45.44,335.98,243.61,893.93,159.74,100.69,225.21,88.74,125.65,29.24,117.28,42.83,200.05,240.2,164.42,391.13,168.1,331.01,52.21,101.94,106.14,4345.21,-0.5366315975598974
2023-09-03,9,3,2023,2490.63,64.31,45.12,55.0,36.38,359.35,351.4,817.96,123.18,101.67,190.44,96.42,151.14,31.87,92.58,44.18,179.85,357.97,172.45,460.17,134.5,268.91,52.29,88.43,91.04,4366.61,-0.7532150500074276
2023-08-08,8,8,2023,3087.61,72.56,53.6,58.34,37.76,469.11,307.57,914.46,120.91,92.02,204.6,94.49,148.05,26.55,94.73,52.02,192.7,319.34,209.55,329.11,148.85,297.2,48.31,85.15,87.46,4464.4400000000005,-0.44592095504289736
2023-03-08,3,8,2023,2447.75,83.62,48.1,51.51,47.75,461.89,280.81,650.72,120.68,85.41,162.98,114.13,137.06,29.71,117.47,50.38,172.87,257.49,170.16,369.98,139.25,314.04,57.64,99.8,115.11,4138.5599999999995,-0.6907609028699824
2023-09-16,9,16,2023,2964.86,90.32,58.6,52.93,32.85,376.2,304.81,931.33,179.41,96.17,196.45,80.49,131.31,29.77,105.18,43.8,205.25,288.59,198.04,342.65,169.82,264.35,48.87,84.9,117.52,4429.61,-0.49403681792732185
2023-10-23,10,23,2023,3091.81,85.9,54.83,67.82,33.41,350.91,280.38,808.41,177.44,87.88,209.3,118.95,156.71,29.53,81.46,50.84,184.49,292.17,190.08,419.91,160.56,287.57,46.18,90.85,114.16,4379.740000000001,-0.4165618197754716
2023-09-08,9,8,2023,2928.21,84.28,46.78,65.58,36.41,400.2,267.29,804.93,163.34,101.67,225.78,116.86,151.44,32.44,82.47,55.21,173.3,292.66,191.2,366.78,151.61,344.12,49.52,94.21,113.08,4411.160000000001,-0.5064356723049237
2023-03-08,3,8,2023,3377.68,90.72,44.6,71.17,42.02,442.25,353.11,742.89,174.94,81.13,162.2,114.69,123.05,30.91,111.81,58.45,237.41,297.07,192.77,425.94,148.22,302.2,41.12,87.96,114.56,4491.19,-0.32966710878472794
2023-03-10,3,10,2023,3460.02,67.64,52.88,69.0,40.01,353.5,288.5,652.71,162.39,104.96,200.87,93.79,164.08,29.15,119.11,44.48,210.34,242.71,200.31,419.1,151.24,268.96,42.75,101.94,105.95,4186.370000000001,-0.20992653221657703
2023-08-13,8,13,2023,3278.75,74.13,48.67,68.52,43.0,366.97,356.43,952.58,123.91,112.13,201.37,106.98,143.39,31.5,107.57,41.44,237.87,250.11,169.74,443.05,129.8,288.77,59.95,111.15,97.87,4566.9,-0.3928783835303087
2023-07-20,7,20,2023,3360.31,81.55,47.78,52.9,47.59,367.44,340.54,659.46,178.21,98.23,215.2,83.96,147.09,34.2,90.28,42.45,193.96,342.18,185.59,401.98,156.63,301.06,44.4,103.98,96.37,4313.03,-0.2835214608176031
2023-03-16,3,16,2023,2979.09,73.4,42.02,70.93,33.9,469.51,336.42,773.17,127.67,89.48,176.5,113.67,160.44,25.32,99.95,51.62,162.78,294.28,233.68,428.79,158.51,344.16,54.78,103.38,90.17,4514.53,-0.5154057111399788
2023-11-10,11,10,2023,3579.47,95.15,43.91,59.72,37.24,343.54,311.93,843.14,131.88,104.56,173.52,80.81,142.0,29.74,114.61,40.68,204.28,309.77,170.52,425.38,144.94,335.7,40.04,118.74,82.16,4383.96,-0.22475115030996218
2023-09-16,9,16,2023,3426.98,71.49,49.94,68.17,38.55,361.62,327.29,728.14,163.82,84.04,210.46,94.12,168.33,31.32,101.42,53.21,227.57,259.91,175.19,452.2,161.09,357.51,56.52,82.06,108.52,4432.490000000001,-0.2934099411143341
2023-11-04,11,4,2023,2621.99,88.14,47.44,53.77,42.81,477.6,275.03,646.88,130.2,83.77,176.79,82.0,150.53,24.18,91.31,43.21,227.45,248.65,231.37,407.33,126.08,339.19,58.74,103.58,89.82,4245.87,-0.61933111873043
2023-04-23,4,23,2023,2730.77,75.94,42.75,51.5,43.73,427.09,250.23,792.79,149.96,84.39,191.06,111.98,163.73,35.44,99.0,47.26,194.54,292.56,161.72,387.86,124.05,270.54,42.41,88.74,92.52,4221.790000000001,-0.5460071701388256
2023-12-14,12,14,2023,2566.99,73.08,41.65,48.55,42.42,339.52,271.62,662.16,122.8,119.72,236.66,92.86,177.0,26.24,80.99,51.45,220.52,323.1,222.93,360.57,127.47,251.62,51.93,112.57,93.3,4150.729999999999,-0.6169638370231278
2023-08-26,8,26,2023,2402.93,68.87,54.91,64.04,41.73,402.92,268.14,943.53,157.51,86.78,218.84,89.75,142.83,29.29,113.58,51.95,205.46,284.47,229.36,477.75,141.24,332.9,49.93,84.87,112.41,4653.0599999999995,-0.9364109649469605
2023-06-12,6,12,2023,3000.71,91.32,53.57,50.9,37.99,441.6,282.01,683.11,153.55,104.76,228.88,115.0,150.31,25.48,80.53,42.04,167.34,306.69,236.59,369.39,176.58,339.53,42.07,119.95,115.48,4414.669999999999,-0.47120848065957693
2023-02-03,2,3,2023,3192.69,76.32,41.0,64.09,42.22,388.02,254.21,866.33,128.21,102.86,232.95,98.86,176.42,34.32,103.77,48.78,162.02,274.1,222.6,336.77,167.94,326.62,59.54,107.82,92.16,4407.93,-0.38063200623925286
2023-05-01,5,1,2023,2839.73,78.13,51.52,61.0,39.04,477.85,298.51,797.13,126.43,93.37,183.34,103.01,142.58,26.83,86.04,45.24,191.37,286.37,168.55,405.47,158.06,279.03,50.66,104.52,80.08,4334.13,-0.5262472136435506
2023-11-12,11,12,2023,2636.2,95.16,52.63,57.31,36.02,328.32,257.97,690.39,168.77,100.5,180.13,84.46,174.64,25.74,98.02,44.15,168.82,248.09,201.74,418.32,146.68,329.03,53.89,87.31,111.57,4159.66,-0.5779000075866778
2023-02-20,2,20,2023,2810.74,69.2,51.14,70.69,45.85,418.51,349.95,864.15,143.91,99.02,226.17,104.58,131.4,33.06,102.76,55.55,227.11,252.27,203.16,444.13,142.18,343.81,45.01,98.28,111.72,4633.610000000001,-0.6485373958459342
2023-05-29,5,29,2023,2674.64,82.29,58.22,66.88,40.78,420.44,324.05,728.37,157.12,118.2,234.91,100.63,162.52,32.49,93.59,51.0,207.57,247.29,238.72,434.5,163.77,350.87,57.79,85.33,106.46,4563.79,-0.7063193551281669
2023-09-10,9,10,2023,2447.48,94.72,54.45,56.83,39.61,460.37,337.04,690.13,173.2,115.2,217.62,107.79,144.9,30.59,100.99,55.55,164.18,309.15,181.87,370.16,162.87,353.59,56.84,87.05,84.09,4448.79,-0.8177022897020608
2023-08-29,8,29,2023,2986.88,78.46,41.58,68.99,41.15,467.85,357.58,873.46,173.49,94.81,210.53,118.68,126.46,32.43,109.0,56.1,175.47,286.28,174.29,475.62,144.57,336.43,57.74,99.87,90.34,4691.179999999999,-0.5705954038997212
2023-05-23,5,23,2023,2945.1,64.38,51.33,70.92,47.22,395.29,283.76,785.12,145.91,89.32,172.41,115.66,127.99,32.11,106.97,47.29,215.33,293.29,187.11,391.04,173.42,301.67,42.22,113.53,113.46,4366.749999999999,-0.48271705544803206
2023-01-19,1,19,2023,3444.16,77.42,46.41,55.6,46.98,327.78,319.69,646.53,167.89,91.13,210.17,103.82,151.85,25.89,106.47,57.16,198.03,348.48,208.48,354.34,141.12,318.41,43.52,86.69,102.34,4236.2,-0.22996608752206635
2023-05-09,5,9,2023,3064.98,95.59,44.94,51.61,41.44,335.52,296.58,651.74,132.08,101.0,166.05,112.2,127.33,29.17,112.4,56.19,203.49,310.1,216.33,468.74,140.61,271.26,45.54,93.33,110.9,4214.139999999999,-0.37493229972136827
2023-12-22,12,22,2023,3228.11,68.28,51.17,49.33,35.49,401.16,330.5,917.96,153.16,101.19,222.65,90.07,156.8,35.53,83.7,43.97,169.12,318.22,177.53,357.3,131.53,252.22,58.33,82.07,96.57,4383.85,-0.35802373525065756
2023-03-13,3,13,2023,2626.81,71.88,45.47,64.2,47.48,439.71,307.98,879.16,163.2,89.77,229.89,109.27,152.64,26.92,87.86,48.92,201.7,264.54,212.66,372.24,151.46,279.16,58.06,86.46,105.16,4495.79,-0.7115017835321169
2023-10-27,10,27,2023,3520.92,83.27,46.79,65.95,33.09,472.66,304.35,743.51,156.9,82.68,187.38,99.53,144.2,25.6,119.74,43.66,175.91,244.46,179.17,366.89,122.29,336.57,49.58,91.75,85.62,4261.549999999999,-0.21035127182668142
2023-11-17,11,17,2023,2453.82,72.68,53.36,69.55,41.75,416.61,314.46,929.14,136.21,96.88,175.65,106.35,149.32,31.23,115.32,50.21,234.38,333.58,222.75,338.16,170.4,263.91,49.07,114.44,116.66,4602.07,-0.8754717134916169
2023-10-31,10,31,2023,2530.16,92.68,54.75,62.28,39.49,445.75,294.62,926.44,160.46,88.66,161.64,82.09,130.4,32.92,119.12,59.03,173.29,343.84,232.52,378.8,151.22,248.62,51.28,89.97,85.13,4505.000000000001,-0.7805198090239357
2023-02-07,2,7,2023,2540.25,90.39,50.14,58.24,42.25,439.35,306.59,778.68,121.81,98.89,209.26,92.34,161.46,30.98,119.36,49.92,221.47,250.65,192.88,374.5,150.46,319.32,45.12,107.91,88.35,4400.320000000001,-0.7322389528589708
2023-07-19,7,19,2023,3079.87,80.27,53.22,63.02,47.55,375.89,327.57,738.92,141.82,91.76,227.33,102.8,173.84,31.68,112.31,44.24,214.98,247.92,164.02,436.03,154.98,334.78,44.65,94.16,94.31,4398.05,-0.4279985843558333
2023-04-25,4,25,2023,3107.72,64.84,49.39,64.02,38.21,452.83,342.37,908.51,170.74,109.29,209.19,85.27,163.64,31.12,83.13,57.42,227.4,318.4,232.08,396.94,139.04,344.67,49.05,99.27,114.36,4751.18,-0.5288314262546178
2023-03-24,3,24,2023,3276.59,93.14,43.99,66.29,40.45,387.55,352.19,789.7,142.82,82.53,220.54,101.94,131.37,30.31,111.46,50.14,162.33,283.07,183.85,477.06,120.75,277.68,58.79,101.41,94.66,4404.0199999999995,-0.34408638248911194
2023-04-02,4,2,2023,2485.78,67.73,54.09,52.8,47.37,444.69,280.57,837.85,143.7,92.4,180.95,80.92,139.73,31.01,99.51,50.97,177.65,345.8,173.71,397.64,177.48,250.12,40.26,98.65,97.39,4362.990000000001,-0.7551794607728762
2023-06-24,6,24,2023,3525.0,76.99,55.27,53.68,34.87,471.36,240.81,775.53,164.94,111.63,212.13,87.55,123.03,25.63,80.89,45.78,171.85,273.42,232.06,321.54,129.39,352.58,59.88,100.04,92.65,4293.5,-0.2180141843971631
2023-02-08,2,8,2023,2641.4,79.44,45.91,48.48,41.85,342.53,246.41,647.04,139.03,109.66,204.01,112.94,146.56,25.74,115.22,44.52,190.65,275.71,212.91,369.02,125.94,255.11,42.32,115.3,85.39,4021.69,-0.5225600060573937
2023-10-16,10,16,2023,2987.25,84.89,58.37,53.14,37.74,338.25,324.24,948.5,148.21,100.84,193.87,80.51,164.43,26.06,103.15,49.9,175.35,306.76,173.94,360.36,120.99,271.82,48.04,104.98,84.77,4359.11,-0.45923842999414166
2023-06-30,6,30,2023,2473.19,78.91,46.96,58.83,37.56,355.27,249.14,773.82,157.96,107.77,220.18,84.9,147.46,29.13,92.44,40.28,239.2,328.55,204.81,338.52,121.56,265.24,40.41,114.54,106.03,4239.47,-0.7141707673086177
2023-03-04,3,4,2023,3242.44,78.74,41.15,55.37,38.49,473.9,279.87,919.71,137.33,81.51,203.23,100.03,173.02,26.37,99.62,41.35,223.89,264.6,184.56,334.7,167.28,302.4,45.97,85.3,110.81,4469.200000000001,-0.3783447033715352
2023-01-09,1,9,2023,3255.78,73.12,43.14,67.49,40.81,357.11,306.06,710.58,130.08,94.65,191.3,111.57,137.79,26.39,104.2,54.25,193.65,300.46,210.27,340.54,134.64,251.46,55.33,98.93,116.6,4150.419999999999,-0.27478515133086356
2023-12-27,12,27,2023,2605.19,84.63,51.99,70.99,44.92,376.61,268.54,909.52,133.75,81.25,232.81,107.79,135.15,26.27,102.99,40.6,231.81,316.8,181.93,360.21,127.65,298.2,42.64,110.88,87.43,4425.360000000001,-0.698670730349802
2023-03-12,3,12,2023,3522.97,67.95,42.89,64.28,39.25,425.06,318.88,689.95,168.89,107.74,202.02,118.95,156.46,29.69,82.37,43.62,214.01,292.06,164.63,376.34,123.67,341.59,42.29,110.19,100.97,4323.750000000001,-0.22730253167072134
2023-02-25,2,25,2023,3454.67,89.9,47.72,62.0,42.53,399.31,322.44,787.83,131.29,85.58,203.95,87.67,158.39,29.65,116.97,54.62,171.63,293.07,186.77,478.27,171.28,296.56,57.17,100.59,106.59,4481.780000000001,-0.2973105969600571
2023-01-10,1,10,2023,3376.06,72.54,53.92,57.5,33.44,474.54,275.37,906.52,164.28,102.17,164.24,118.11,152.11,31.23,83.55,59.79,201.8,308.8,203.11,465.5,137.96,279.49,42.62,97.98,92.8,4579.37,-0.356424352647761
2023-04-12,4,12,2023,2994.97,64.31,40.48,70.3,46.67,347.73,264.06,910.77,166.39,102.46,182.91,83.15,143.53,31.25,99.63,53.04,179.52,306.22,178.63,435.37,160.21,354.13,53.21,118.72,106.24,4498.93,-0.50216195821661
2023-10-25,10,25,2023,2424.8,71.8,54.24,58.81,38.78,403.1,298.73,828.76,133.29,104.03,166.03,116.55,152.53,35.52,90.86,47.5,198.79,271.13,201.28,459.28,172.85,347.51,41.72,115.88,83.9,4492.870000000001,-0.8528827119762457
2023-05-18,5,18,2023,2980.28,83.23,58.18,67.11,44.32,418.0,269.25,808.29,132.17,115.62,179.88,85.86,121.48,27.97,97.79,43.02,234.04,322.53,216.24,393.93,143.15,288.75,58.21,89.7,115.22,4413.94,-0.48104876051914564
2023-07-07,7,7,2023,3359.53,88.76,43.46,64.88,33.62,403.37,257.04,710.95,141.49,95.6,206.48,117.66,152.24,27.38,85.35,44.08,183.37,246.88,226.61,457.96,167.92,257.11,55.1,103.39,86.25,4256.950000000001,-0.26712665164472427
2023-04-24,4,24,2023,3451.91,73.83,45.99,53.05,36.02,465.12,341.63,958.8,140.24,114.64,232.82,104.44,120.65,31.15,105.48,49.81,230.08,306.15,239.08,370.71,165.31,288.5,50.75,80.94,99.66,4704.85,-0.3629700658476034
2023-06-08,6,8,2023,2806.15,86.03,58.2,67.97,32.37,336.73,301.54,770.64,141.1,113.86,173.76,92.13,128.05,26.42,90.46,48.24,183.46,258.51,172.13,466.53,143.67,358.74,51.47,118.3,110.24,4330.55,-0.543235393688862
2023-06-28,6,28,2023,3026.63,86.1,45.99,66.38,43.09,394.17,342.85,907.09,142.81,86.74,191.74,107.91,143.09,32.08,97.86,58.03,194.2,261.81,236.36,454.3,177.53,358.19,49.87,110.95,99.28,4688.42,-0.5490562110333935
2023-11-25,11,25,2023,3563.48,72.08,45.05,56.37,44.9,383.34,353.2,845.63,130.0,113.19,219.95,104.15,159.97,25.49,93.88,47.46,187.47,335.43,236.89,418.62,128.45,320.22,42.49,87.58,85.75,4537.559999999999,-0.27335076947253767
2023-12-15,12,15,2023,3058.68,88.71,45.32,59.55,46.71,355.0,263.89,715.75,140.38,109.21,172.08,117.96,153.62,35.53,118.13,53.51,190.82,341.53,229.49,362.28,125.39,278.03,59.38,87.72,113.59,4263.580000000001,-0.39392809970314024
2023-08-19,8,19,2023,3028.66,91.09,41.63,67.63,34.83,454.81,248.03,885.03,121.46,99.75,198.92,115.0,152.67,26.1,89.42,58.64,211.36,277.21,238.09,386.5,126.94,281.07,54.68,103.36,106.69,4470.91,-0.47620069601738063
2023-09-02,9,2,2023,3321.88,80.23,46.07,48.08,33.78,452.51,282.78,685.18,130.08,80.83,231.57,96.92,144.74,30.27,108.06,42.03,202.54,331.26,190.5,376.53,134.61,263.93,44.54,84.91,112.2,4234.149999999999,-0.2746246101605111
2023-11-19,11,19,2023,3392.58,78.01,40.5,52.63,32.64,390.97,262.88,757.59,134.15,96.38,166.33,116.15,125.43,29.77,110.49,49.6,226.59,304.31,161.11,393.21,128.38,313.71,56.93,87.89,86.56,4202.21,-0.23864728318860576
2023-07-06,7,6,2023,2486.2,64.03,52.36,58.89,45.3,374.5,351.99,768.07,172.21,82.25,182.9,94.15,152.86,24.52,118.74,59.88,223.0,302.26,238.74,393.41,131.5,251.97,59.88,84.82,87.85,4376.08,-0.7601480170541389
2023-08-03,8,3,2023,2488.68,66.91,50.6,49.29,37.94,374.9,351.84,843.11,171.9,97.96,204.52,81.81,163.61,28.9,81.5,50.66,175.42,306.94,212.8,366.16,156.07,286.15,57.38,92.47,84.24,4393.080000000001,-0.7652249385216264
2023-11-03,11,3,2023,2713.88,78.03,47.78,48.7,37.76,412.69,269.84,852.04,123.78,101.69,205.7,99.23,162.26,34.66,93.77,50.58,178.56,279.27,170.08,362.77,156.5,249.93,58.07,102.2,89.39,4265.28,-0.5716538682624138
2023-10-06,10,6,2023,3180.42,93.53,49.26,57.12,44.28,423.25,289.49,790.04,171.51,95.37,215.5,108.08,147.91,31.16,113.48,47.25,202.76,336.97,218.45,402.85,164.34,311.78,59.8,97.46,85.72,4557.360000000001,-0.4329428188729792
2023-07-15,7,15,2023,3425.03,70.99,53.76,63.14,40.41,408.4,338.14,879.63,179.96,116.86,201.71,85.0,139.79,25.4,83.71,45.69,234.05,319.37,224.35,467.68,127.42,240.58,42.93,115.37,94.63,4598.97,-0.3427532021617329
2023-05-03,5,3,2023,2786.49,90.84,46.46,59.44,40.85,323.43,303.95,750.85,142.58,86.92,237.95,89.77,175.2,34.97,87.21,47.93,226.12,292.36,215.56,325.76,128.71,359.75,58.6,83.22,106.81,4315.240000000001,-0.5486292791289403
2023-12-01,12,1,2023,3139.45,91.89,59.44,50.26,47.24,406.19,353.47,834.89,139.55,97.49,164.81,95.05,154.38,26.85,87.23,42.77,175.52,298.83,233.81,383.96,140.41,270.67,59.04,81.91,110.05,4405.71,-0.40333816432814673
2023-09-02,9,2,2023,2656.84,66.23,55.4,48.54,43.71,459.41,260.3,676.34,134.52,82.69,183.63,107.08,125.73,31.13,88.91,50.95,170.26,294.03,177.91,364.67,169.32,312.73,46.71,95.8,92.81,4138.81,-0.5577942217069903
2023-08-12,8,12,2023,3102.54,71.99,42.79,66.74,45.98,342.25,258.27,872.79,179.42,109.7,238.22,118.87,169.17,31.09,114.74,48.97,170.53,286.22,176.29,400.29,157.68,250.1,42.96,115.1,81.08,4391.24,-0.41536934253869406
2023-04-05,4,5,2023,3388.99,84.56,41.1,66.6,44.05,436.74,289.21,839.72,178.68,115.44,214.83,82.85,123.98,32.03,107.61,44.98,169.0,268.11,177.4,407.59,152.88,270.83,59.95,91.19,106.15,4405.48,-0.29993891985517807
2023-10-26,10,26,2023,3515.87,75.24,41.62,66.78,46.06,345.24,332.74,857.99,153.65,97.58,187.84,118.44,166.39,28.59,108.46,44.49,170.64,321.83,177.61,450.8,162.24,355.34,51.59,115.36,84.18,4560.700000000001,-0.2971753790669168
2023-06-08,6,8,2023,3514.72,73.99,58.29,62.49,43.24,372.64,342.05,710.9,173.58,102.42,227.15,117.4,161.53,33.76,96.94,40.78,209.07,254.17,239.97,331.29,138.5,334.35,52.25,105.46,91.99,4374.210000000001,-0.24454010561296524
2023-11-04,11,4,2023,3442.56,66.0,57.47,64.21,44.24,381.99,351.46,940.89,154.52,82.72,230.16,88.12,144.5,32.85,95.27,55.98,190.71,287.46,171.58,427.63,149.58,277.33,42.77,96.5,87.19,4521.13,-0.31330463376092216
2023-06-05,6,5,2023,3418.86,95.41,50.79,70.05,39.04,343.86,332.98,748.3,179.28,87.94,193.41,101.98,161.38,32.49,119.46,44.16,218.29,317.61,170.01,405.99,179.71,327.27,50.21,107.18,88.17,4464.97,-0.30598211099606304
2023-07-23,7,23,2023,3505.6,83.36,42.7,69.06,44.52,435.3,309.18,887.17,164.56,89.78,217.18,85.35,158.1,24.35,96.43,50.05,236.98,266.9,188.67,452.28,143.76,278.06,47.77,115.25,104.85,4591.6100000000015,-0.3097929027841173
2023-12-14,12,14,2023,3243.89,93.8,47.48,63.6,46.85,447.83,287.67,642.88,120.99,90.75,194.79,105.31,121.21,32.8,84.36,58.81,167.78,307.67,209.77,320.52,157.46,335.59,54.92,86.78,90.86,4170.480000000001,-0.28564162163328644
2023-08-03,8,3,2023,2572.06,67.26,58.06,56.42,34.08,321.51,308.83,935.14,179.9,113.52,186.67,90.51,142.15,29.97,86.3,51.58,180.79,270.21,197.07,365.29,159.0,304.9,41.92,114.31,108.32,4403.71,-0.7121334650047044
2023-11-11,11,11,2023,3468.65,79.74,46.19,71.8,33.43,405.23,290.8,903.62,142.72,116.49,168.81,95.84,167.6,26.22,102.42,51.08,207.13,270.97,202.79,411.57,153.48,354.87,46.06,107.76,116.54,4573.160000000001,-0.31842647715970207
2023-03-06,3,6,2023,2916.66,71.25,54.11,51.21,40.81,460.21,300.26,857.29,151.76,114.42,167.79,87.7,159.73,32.58,106.52,43.04,171.92,241.39,170.14,472.69,165.24,341.77,52.48,91.6,106.81,4512.72,-0.5472218222213081
2023-10-21,10,21,2023,3234.01,65.45,49.57,52.16,37.05,361.84,299.42,640.15,155.14,97.74,212.89,109.94,159.02,33.05,82.83,41.35,169.42,258.16,169.69,468.13,152.03,326.7,50.7,100.81,108.72,4201.96,-0.2993033416717944
2023-02-14,2,14,2023,2921.45,69.88,48.45,57.66,40.13,362.97,346.52,691.27,134.19,116.84,178.21,119.23,175.47,35.68,92.18,46.23,165.47,295.26,218.38,473.31,138.11,327.24,58.46,98.33,82.69,4372.159999999999,-0.4965719077855172
2023-02-12,2,12,2023,2929.31,64.33,52.32,54.15,43.22,424.01,248.53,938.35,143.17,84.87,186.79,82.88,159.9,34.77,114.78,57.63,177.47,349.73,178.34,335.15,161.1,253.17,47.54,98.93,81.59,4372.72,-0.4927474388166498
2023-10-26,10,26,2023,2524.73,75.5,56.7,48.27,32.93,397.85,291.82,789.23,142.84,107.29,188.13,96.84,176.6,35.95,115.44,41.13,227.12,274.55,239.84,328.24,153.07,350.52,59.42,91.52,91.77,4412.5700000000015,-0.747739362228833
2023-02-22,2,22,2023,3267.81,68.3,57.54,71.83,44.5,342.42,271.39,691.15,152.12,101.77,168.81,96.91,175.13,33.69,91.35,57.45,198.06,320.49,201.98,359.42,129.29,335.56,46.43,92.0,102.06,4209.650000000001,-0.2882174912250102
2023-11-15,11,15,2023,2530.25,94.87,44.38,69.96,37.63,412.58,263.79,721.81,167.25,87.48,237.85,101.93,125.3,29.86,95.89,45.06,219.63,331.93,194.59,461.86,156.79,330.24,55.01,105.13,87.27,4478.090000000001,-0.7698211639166095
2023-11-28,11,28,2023,3358.46,77.01,40.64,51.27,39.5,411.29,282.77,842.39,131.39,92.95,182.28,87.51,149.92,29.07,86.05,44.34,194.71,241.48,171.8,365.62,162.44,273.07,45.33,105.1,87.33,4195.260000000001,-0.24916181821430092
2023-09-13,9,13,2023,2562.2,75.35,53.34,57.36,41.4,405.48,349.37,740.01,126.28,91.41,207.37,89.98,132.14,26.67,110.09,57.36,209.36,338.0,194.53,324.82,124.02,353.01,49.85,94.58,107.4,4359.18,-0.7013425962063854
2023-10-23,10,23,2023,3088.23,78.67,53.17,49.81,36.14,420.69,279.4,756.43,161.78,95.71,181.07,115.07,173.58,29.45,112.71,41.68,200.66,252.37,231.71,467.01,135.12,243.46,56.99,89.88,94.48,4357.039999999999,-0.4108534662249894
2023-11-03,11,3,2023,2665.24,69.58,59.88,57.74,43.2,350.48,318.88,744.18,147.29,84.77,194.46,93.49,177.17,32.15,85.18,48.71,226.16,314.16,197.5,449.79,154.36,266.64,54.17,91.12,105.71,4366.7699999999995,-0.6384153021866699
2023-03-27,3,27,2023,2936.42,94.41,55.9,60.41,32.17,370.25,271.68,797.24,123.34,114.43,234.11,113.68,153.52,29.82,89.46,54.37,210.02,337.29,193.39,340.68,168.98,328.36,52.95,89.3,95.64,4411.4,-0.5023055285006912
2023-05-13,5,13,2023,2457.51,82.52,48.16,66.06,45.92,390.93,351.14,690.96,167.58,101.99,234.05,113.11,144.61,25.47,109.28,48.12,203.68,348.94,189.91,479.16,122.79,299.15,54.69,101.56,113.95,4533.73,-0.8448470199510884
2023-09-29,9,29,2023,3267.11,91.03,59.22,69.39,38.65,401.23,351.78,729.24,129.8,100.76,170.8,98.47,133.08,33.08,110.23,45.92,230.12,336.99,173.47,397.03,156.27,316.94,45.3,99.13,107.23,4425.16,-0.35445699716262985
2023-08-29,8,29,2023,2592.05,68.43,46.99,66.75,36.36,430.97,279.32,658.35,139.89,80.32,217.66,102.87,142.18,25.29,115.39,48.82,189.9,347.68,181.08,446.69,171.68,295.94,43.82,90.82,99.32,4326.519999999999,-0.6691499006577799
2023-11-20,11,20,2023,3150.08,70.92,50.75,55.11,38.02,406.88,320.88,715.26,128.31,119.73,165.22,116.35,125.23,35.9,81.42,43.74,234.87,340.09,169.58,362.87,132.87,270.82,53.97,98.3,119.46,4256.549999999999,-0.3512513967899226
2023-11-20,11,20,2023,3139.25,92.17,44.22,58.62,40.68,377.14,306.11,730.26,136.43,81.29,203.52,99.52,171.83,25.13,100.14,56.05,171.26,267.88,215.21,458.76,163.67,313.45,56.18,99.99,108.44,4377.95,-0.39458469379628885
2023-12-10,12,10,2023,2737.37,74.09,50.42,68.61,35.99,358.97,285.34,718.79,150.94,115.98,221.21,116.21,129.93,29.36,119.76,58.64,230.76,309.66,197.77,392.97,134.17,303.9,46.25,87.21,111.41,4348.339999999999,-0.5885101392942859
2023-06-10,6,10,2023,3489.47,78.42,48.76,63.27,35.4,406.27,320.66,870.44,135.55,96.91,178.51,106.7,128.49,24.23,115.45,46.89,183.94,248.55,165.82,437.01,170.79,343.38,54.68,105.59,101.46,4467.17,-0.28018581618411975
2023-12-01,12,1,2023,3162.09,85.66,43.79,63.93,36.16,339.31,316.87,824.62,135.36,102.96,171.92,96.61,163.86,27.83,84.14,50.63,215.96,354.84,164.44,348.33,130.87,265.51,46.48,111.21,86.66,4267.95,-0.34972439114636195
2023-12-08,12,8,2023,3242.33,84.62,40.26,70.47,33.12,369.68,313.37,659.76,126.73,108.81,231.61,109.73,139.47,32.64,98.98,44.49,221.77,302.49,192.79,395.34,148.96,262.62,40.95,96.65,93.53,4218.839999999998,-0.30117538930337084
2023-06-07,6,7,2023,3421.21,77.39,43.65,54.01,37.54,438.91,328.55,712.4,120.05,93.09,200.53,110.1,135.65,24.1,104.05,59.41,189.16,258.92,196.02,395.59,157.97,307.93,42.6,85.96,87.43,4261.009999999999,-0.24546870843941157
2023-12-13,12,13,2023,2739.79,89.23,49.61,60.94,36.35,331.88,292.81,684.9,137.86,81.01,195.52,109.04,157.82,32.46,97.85,53.08,210.44,352.84,167.96,403.05,176.17,275.99,55.99,114.9,97.06,4264.76,-0.556601053365404
2023-07-17,7,17,2023,3103.0,90.32,47.31,56.27,38.01,391.0,250.5,727.58,176.09,113.82,204.0,90.05,148.48,28.3,86.18,40.58,214.04,285.78,174.75,367.65,147.25,303.9,43.75,105.49,111.38,4242.48,-0.3672188204962938
2023-09-28,9,28,2023,3389.09,89.8,56.81,63.16,35.83,336.52,348.29,869.4,139.02,100.92,190.39,103.67,164.66,34.5,81.05,49.1,164.4,323.01,206.24,373.77,172.2,257.39,56.26,98.23,80.36,4394.979999999999,-0.2968023864813264
2023-07-29,7,29,2023,2992.59,90.48,57.02,49.69,41.25,352.01,324.83,661.48,132.17,106.76,222.82,114.37,150.14,35.43,85.02,56.88,193.95,349.28,179.31,353.9,124.92,342.77,41.89,89.52,93.63,4249.52,-0.42001410149736523
2023-11-02,11,2,2023,3472.96,87.12,47.28,51.89,34.32,398.79,306.26,850.3,150.25,116.11,213.93,108.95,171.32,28.56,112.29,53.49,200.75,258.94,225.08,398.13,166.99,311.31,48.14,102.29,98.49,4540.9800000000005,-0.30752441721183094
2023-09-05,9,5,2023,2505.22,87.77,57.62,54.68,40.3,362.04,290.4,721.79,159.72,103.04,166.96,103.44,174.52,29.15,88.0,42.9,201.5,347.79,212.92,417.08,156.06,301.28,55.69,113.29,88.5,4376.44,-0.746928413472669
2023-06-02,6,2,2023,2982.93,87.92,40.85,61.55,39.84,359.11,327.16,775.03,148.97,82.7,194.49,88.39,169.02,35.88,119.71,44.85,209.92,326.57,173.85,368.27,177.32,250.3,44.63,101.78,104.68,4332.79,-0.45252821889886796
2023-08-15,8,15,2023,3208.93,90.2,46.86,53.27,40.81,420.02,265.52,760.26,179.53,118.78,232.39,91.72,178.98,34.01,116.74,47.01,166.63,316.32,214.13,402.6,173.58,262.08,49.76,89.63,109.65,4460.4800000000005,-0.39002097272299513
2023-03-28,3,28,2023,2756.0,80.18,41.29,57.04,36.89,351.24,272.13,758.13,158.69,97.45,239.88,109.01,154.18,27.64,101.45,51.42,170.42,279.79,200.55,455.39,162.53,349.89,49.77,94.76,92.13,4391.850000000001,-0.5935595065312051
2023-08-20,8,20,2023,3124.3,91.19,49.29,69.22,32.83,474.31,258.1,848.99,147.8,104.49,198.73,104.64,142.97,26.95,84.8,58.58,215.12,312.08,185.53,458.76,121.84,306.27,58.19,96.65,82.11,4529.439999999999,-0.4497455430016319
2023-02-26,2,26,2023,2961.31,70.52,53.61,58.55,33.09,372.34,274.54,816.34,126.17,103.21,182.01,89.61,162.1,30.53,92.59,45.95,210.84,337.37,197.16,364.53,158.37,292.55,55.19,111.67,113.45,4352.29,-0.4697177938142241
2023-10-11,10,11,2023,2937.24,84.73,53.77,51.19,32.54,365.18,356.74,687.41,173.79,86.72,237.2,104.41,169.81,26.16,107.09,54.63,213.96,285.74,192.84,426.68,120.5,290.1,42.41,116.97,96.08,4376.65,-0.49005529000013615
2023-06-22,6,22,2023,3031.31,94.11,47.08,49.96,47.61,324.66,278.88,758.39,126.18,114.02,214.2,106.95,161.13,33.0,96.64,53.09,188.44,341.85,239.87,397.37,159.51,262.29,42.1,118.55,80.71,4336.59,-0.4305993118486728
2023-10-03,10,3,2023,3353.54,87.47,57.13,60.96,46.67,464.7,291.01,718.61,156.53,115.82,199.52,85.52,176.78,26.93,103.4,59.01,161.07,321.51,218.03,399.92,151.64,260.27,57.51,103.06,112.43,4435.500000000001,-0.3226322035818869
2023-04-12,4,12,2023,3203.79,86.02,55.2,69.25,38.91,334.61,305.23,649.99,169.52,87.36,186.13,93.22,173.38,24.38,104.51,46.61,196.0,249.65,232.49,463.96,120.59,319.23,47.03,93.1,106.42,4252.790000000001,-0.32742470636340115
2023-01-08,1,8,2023,3183.17,67.48,50.87,70.63,41.26,465.21,246.84,743.95,131.23,104.23,181.08,89.0,141.32,31.97,115.19,44.04,175.75,313.1,214.9,353.71,158.7,250.05,43.46,92.09,111.81,4237.870000000001,-0.3313363722327116
2023-03-14,3,14,2023,2797.26,85.04,58.27,53.91,32.27,383.98,248.76,683.23,178.92,115.75,218.72,80.59,135.32,31.79,107.93,58.96,181.09,299.58,212.36,356.79,156.3,326.52,42.04,113.55,113.59,4275.26,-0.5283741947477174
2023-08-16,8,16,2023,3491.27,87.08,40.27,65.47,40.93,387.07,285.7,808.85,140.37,119.49,175.85,105.52,131.47,26.91,107.13,49.2,183.77,294.67,222.48,428.62,150.45,353.89,40.92,87.91,119.33,4453.349999999999,-0.2755673436886862
2023-02-12,2,12,2023,2645.53,70.8,54.11,55.83,38.75,370.06,266.48,946.29,175.76,83.9,235.38,111.87,143.71,33.59,109.08,55.44,204.51,347.81,183.01,458.77,160.83,294.12,59.1,96.5,114.8,4670.500000000001,-0.7654307454460922
2023-06-29,6,29,2023,3465.28,71.72,44.9,63.89,34.01,389.28,344.01,694.02,170.14,87.46,170.27,115.56,156.53,35.32,98.01,52.73,197.12,255.61,208.34,439.2,120.98,325.9,46.61,113.87,82.79,4318.27,-0.24615326899990772
2023-04-06,4,6,2023,3082.27,83.37,56.97,54.35,32.18,444.53,309.04,752.63,148.07,113.57,205.46,94.33,142.79,34.77,94.2,59.45,235.53,319.12,220.69,390.67,132.65,346.68,44.44,115.71,85.8,4517.0,-0.4654783649712712
2023-10-15,10,15,2023,2750.19,69.56,43.33,53.09,36.68,352.62,255.34,886.6,172.7,89.21,162.98,82.45,123.02,32.78,86.62,46.62,160.12,243.47,170.32,351.8,120.1,280.58,50.07,105.69,81.06,4056.81,-0.47510172024478303
2023-01-13,1,13,2023,3323.75,75.38,41.0,68.12,34.76,377.15,311.28,666.82,179.25,80.28,216.51,88.91,158.27,25.4,89.67,49.6,184.13,299.21,179.65,376.09,178.5,313.9,42.64,99.52,89.45,4225.490000000001,-0.271301993230538
2023-01-18,1,18,2023,3282.86,95.63,49.8,66.35,46.88,421.53,279.04,786.53,134.65,97.6,190.86,119.0,135.53,30.58,89.26,51.56,181.94,344.76,178.48,399.83,166.54,313.91,46.2,111.81,89.93,4428.200000000001,-0.3488848138513371
2023-06-02,6,2,2023,2434.82,71.51,50.56,59.32,40.98,345.88,313.47,717.11,166.86,108.82,196.96,100.58,155.17,34.65,110.12,50.71,182.56,335.05,215.84,405.29,166.6,345.94,47.34,106.92,100.07,4428.3099999999995,-0.8187422478869071
2023-04-04,4,4,2023,3190.48,88.89,42.97,51.65,32.82,451.92,317.0,769.32,176.0,115.58,216.0,108.36,171.67,28.41,102.7,48.11,203.23,297.24,162.53,459.18,128.13,254.53,49.26,89.56,94.68,4459.740000000001,-0.3978272861763749
2023-01-21,1,21,2023,3271.52,81.54,57.35,61.14,36.47,446.36,320.1,756.08,135.9,85.41,224.06,96.47,152.44,24.54,97.02,41.39,187.4,286.75,214.78,475.38,171.63,257.14,53.7,97.31,87.35,4447.710000000001,-0.3595240133026853
2023-08-08,8,8,2023,2800.27,77.17,47.3,59.79,39.21,451.25,347.14,748.16,140.66,83.36,198.38,98.46,177.07,30.59,98.21,51.9,174.85,245.15,188.26,415.8,175.45,350.38,47.56,97.99,92.61,4436.700000000001,-0.5843829345027447
2023-07-25,7,25,2023,2467.27,86.6,45.74,54.98,43.74,320.43,326.81,796.58,120.28,109.62,214.69,95.42,129.21,30.09,116.67,41.09,218.06,349.48,220.55,337.22,145.74,275.55,41.06,110.56,111.06,4341.230000000002,-0.7595277371345667
2023-03-16,3,16,2023,3536.26,85.54,50.17,61.52,44.9,464.49,352.44,659.83,152.54,117.4,237.51,91.39,138.04,31.63,92.43,53.73,226.45,271.46,215.97,348.85,179.72,260.94,42.89,96.45,118.13,4394.419999999999,-0.2426744639817205
2023-08-06,8,6,2023,3319.1,66.63,55.73,52.35,43.69,395.84,259.02,887.48,138.77,85.77,166.2,96.47,146.6,34.2,88.48,57.86,206.44,297.96,194.4,392.66,162.49,310.17,53.7,102.26,88.97,4384.14,-0.3208821668524601
2023-10-13,10,13,2023,2966.8,84.53,50.59,56.02,43.58,468.12,347.09,930.72,166.2,104.82,198.52,85.24,162.95,34.77,101.21,48.87,234.24,263.88,198.26,405.96,147.35,354.08,43.06,96.47,110.99,4737.52,-0.5968450856141297
2023-04-19,4,19,2023,2596.91,76.33,50.38,53.62,33.05,472.94,327.84,711.1,138.51,99.33,191.34,81.84,178.51,33.9,117.9,50.77,235.95,325.54,198.53,420.67,155.23,346.59,54.2,96.35,109.64,4560.06,-0.755956117077604
2023-05-23,5,23,2023,2506.92,71.87,55.62,54.71,41.6,437.26,327.06,716.84,169.13,91.42,214.65,90.78,124.91,28.22,85.93,57.0,180.42,333.22,218.87,429.63,127.03,266.29,44.36,117.34,93.81,4377.970000000001,-0.7463540918736941
2023-01-29,1,29,2023,3032.65,87.26,58.94,62.5,44.25,340.31,244.28,662.14,131.6,107.73,165.99,103.69,165.11,31.45,111.53,55.24,217.44,305.21,182.61,365.34,151.03,282.31,57.23,115.38,85.42,4133.99,-0.36316093185827564
2023-02-01,2,1,2023,2903.17,78.27,52.94,63.58,36.4,453.17,287.53,685.7,143.74,104.53,199.42,113.45,122.79,33.37,85.27,43.46,178.14,248.34,196.76,424.66,155.23,325.71,55.41,110.52,109.9,4308.289999999999,-0.48399508123878343
2023-12-12,12,12,2023,2526.29,65.9,47.3,54.91,45.76,382.95,314.55,670.27,165.16,114.01,198.51,113.62,153.78,30.46,116.27,43.13,222.01,317.16,206.0,351.41,125.45,260.41,41.85,111.75,112.62,4265.239999999999,-0.6883414018184765
2023-11-13,11,13,2023,3394.35,67.93,59.69,67.55,43.54,375.2,318.3,768.68,170.73,94.73,179.26,102.22,177.18,27.27,106.77,52.71,187.05,242.14,220.75,380.11,143.23,331.88,48.29,118.06,100.71,4383.98,-0.29155213811186226
2023-04-27,4,27,2023,2863.4,90.19,52.63,65.32,45.12,416.76,307.04,897.09,151.72,118.35,197.61,83.05,165.89,33.78,88.07,54.15,178.67,332.43,175.29,338.76,134.62,254.11,53.9,107.47,99.56,4441.580000000001,-0.5511559684291404
2023-01-27,1,27,2023,2924.15,89.29,46.4,59.52,46.08,446.29,264.58,896.41,164.73,102.67,161.56,113.94,148.43,32.56,80.72,40.8,176.78,339.45,207.03,338.5,124.26,301.61,54.32,86.43,98.51,4420.870000000001,-0.5118478874202762
2023-08-13,8,13,2023,2462.82,77.72,45.65,48.15,35.36,324.76,330.5,793.98,145.54,108.62,166.94,118.49,142.99,32.89,95.67,40.87,182.74,306.95,177.19,478.2,136.85,338.01,50.07,106.44,84.27,4368.849999999999,-0.7739217644813665
2023-06-07,6,7,2023,2718.64,73.28,41.49,71.63,40.43,407.34,255.58,813.11,130.86,89.82,212.89,93.73,143.54,29.52,89.81,55.32,239.23,286.0,168.01,396.6,156.04,307.67,45.65,110.42,101.37,4359.339999999999,-0.6035002795515403
2023-02-14,2,14,2023,3496.06,64.33,44.31,48.06,47.09,421.17,337.78,752.6,147.69,96.12,180.42,106.85,150.88,30.07,84.51,53.2,207.69,297.75,222.77,479.09,133.52,257.55,42.14,104.01,82.13,4391.730000000001,-0.2561941156616309
2023-11-15,11,15,2023,2529.12,72.92,54.42,62.44,33.87,381.09,281.88,647.26,178.11,118.48,200.93,104.09,147.77,26.32,100.84,52.82,213.74,350.03,180.57,382.55,120.67,359.75,52.69,80.56,97.09,4300.890000000001,-0.7005480167014619
2023-04-24,4,24,2023,3475.24,80.63,43.1,66.56,34.36,455.58,306.32,866.29,130.96,94.96,196.67,93.03,149.81,25.63,107.68,46.66,170.56,316.54,162.25,330.34,152.62,349.69,56.77,97.77,81.85,4416.630000000001,-0.27088488852568493
2023-11-12,11,12,2023,2881.72,91.7,56.55,58.59,38.5,470.81,332.48,788.86,174.81,100.18,169.83,114.14,150.74,27.05,118.1,44.22,199.72,240.18,163.15,432.51,132.76,314.07,48.55,102.53,119.83,4489.859999999999,-0.5580486653803975
2023-07-01,7,1,2023,2927.2,80.04,55.46,66.28,47.58,384.11,342.59,844.47,145.89,82.62,216.08,109.89,175.08,24.1,88.71,41.54,217.61,275.85,164.48,352.8,153.5,240.29,47.07,88.18,94.13,4338.35,-0.48208185296529127
2023-01-04,1,4,2023,2412.49,75.53,50.66,56.9,35.04,430.0,278.5,925.4,137.6,87.36,186.27,82.75,174.93,34.95,119.92,48.83,201.65,266.23,236.71,447.87,143.4,251.77,50.43,119.02,87.48,4529.2,-0.8773963829901886
2023-07-03,7,3,2023,2973.36,82.26,59.39,71.17,38.15,376.82,320.04,714.01,168.97,85.98,213.94,96.28,169.61,26.28,107.49,41.03,220.79,262.05,205.82,413.07,135.49,336.32,53.5,80.29,104.58,4383.330000000001,-0.47420090402776677
2023-05-04,5,4,2023,3505.42,89.44,54.54,61.44,40.15,433.1,301.07,733.11,162.91,91.18,238.65,115.59,141.72,32.54,113.07,46.24,174.64,310.91,210.43,345.23,129.36,288.35,51.65,85.7,110.56,4361.58,-0.24423892144165316
2023-04-24,4,24,2023,3449.63,87.24,57.42,60.03,33.65,327.87,258.5,762.18,167.54,85.42,214.67,81.59,147.43,28.03,81.3,44.05,218.62,316.73,227.9,393.85,158.77,276.5,55.97,83.38,90.38,4259.02,-0.23463096042184242
2023-03-15,3,15,2023,2578.25,88.18,55.9,48.44,46.09,418.32,300.52,818.56,172.81,113.07,232.08,88.36,170.78,31.27,90.7,52.8,191.89,305.23,188.4,341.68,159.84,258.89,56.64,111.7,103.48,4445.63,-0.7242819742073112
2023-02-26,2,26,2023,2719.02,85.65,55.3,53.7,44.37,354.84,308.59,755.44,155.72,92.74,208.17,84.87,178.6,35.38,98.85,44.95,216.18,314.2,225.72,400.58,166.92,296.91,47.78,115.94,81.92,4423.319999999999,-0.6268067171260229
2023-06-26,6,26,2023,3473.22,69.86,58.34,71.45,39.49,434.81,335.1,669.77,151.89,91.0,199.56,103.19,121.01,25.8,84.03,56.99,183.15,308.31,164.88,474.06,140.52,278.58,50.32,100.42,92.96,4305.490000000001,-0.2396249013883373
2023-08-26,8,26,2023,2638.87,67.5,44.24,52.3,45.84,324.99,267.79,883.1,134.75,105.19,184.12,114.3,141.93,26.79,107.45,45.06,223.45,336.28,167.67,364.45,167.73,358.28,49.2,109.37,106.57,4428.349999999999,-0.6781235907793864
2023-12-30,12,30,2023,2899.62,65.0,57.88,53.49,39.99,419.26,285.66,801.85,139.17,80.85,216.8,107.82,177.17,24.84,109.32,48.01,180.81,347.19,205.11,442.57,132.34,356.0,43.34,116.61,111.62,4562.700000000001,-0.573551017029818
2023-07-20,7,20,2023,3521.01,66.15,43.41,55.6,32.48,415.95,249.48,794.35,175.48,108.49,205.13,80.83,177.84,29.59,108.04,40.23,239.41,262.01,185.8,454.21,122.65,352.46,56.28,93.32,83.11,4432.299999999999,-0.2588149423034865
2023-12-18,12,18,2023,2738.25,81.49,51.87,71.47,46.86,351.87,307.55,902.49,144.53,80.68,184.66,91.22,121.08,35.67,110.1,40.38,194.65,327.28,199.44,380.83,139.27,296.71,51.55,111.56,114.38,4437.59,-0.6205934447183421
2023-10-13,10,13,2023,2695.61,66.26,41.91,65.56,37.2,400.56,259.06,932.97,125.13,108.25,202.87,111.62,126.6,35.44,107.34,53.69,181.49,248.46,208.66,385.82,132.91,241.74,45.23,113.02,106.77,4338.56,-0.609490987197703
2023-11-07,11,7,2023,2969.89,74.34,42.44,65.13,44.81,342.22,356.07,785.74,137.48,102.53,235.03,108.56,126.95,30.75,107.35,47.6,182.19,311.0,233.43,323.81,128.08,309.37,46.32,85.24,110.15,4336.589999999998,-0.4601853940718338
2023-11-11,11,11,2023,2801.23,94.01,56.38,49.43,34.51,329.72,343.29,830.42,131.41,119.8,216.98,111.53,121.29,24.6,96.7,50.94,223.84,241.6,177.17,449.6,150.61,280.41,43.23,84.46,90.01,4351.9400000000005,-0.5535818194150428
2023-08-28,8,28,2023,3017.37,90.34,48.94,55.65,34.4,455.5,266.81,760.71,125.15,81.29,204.0,84.52,151.47,26.08,110.57,55.89,163.44,255.38,223.45,371.05,134.53,345.58,55.12,103.47,95.69,4299.03,-0.42476063591803453
2023-03-30,3,30,2023,3130.75,69.76,55.77,71.86,36.65,418.05,331.64,645.29,121.22,91.66,190.23,82.89,141.56,25.64,115.87,43.06,228.22,287.93,233.89,413.47,141.4,298.2,56.35,111.41,92.18,4304.199999999999,-0.3748143416114346
2023-12-06,12,6,2023,3081.6,64.49,46.46,68.27,32.79,371.55,326.26,798.99,164.57,85.86,171.74,82.24,156.89,30.28,111.97,48.06,234.23,319.17,229.3,458.96,146.64,246.9,40.27,90.78,110.92,4437.589999999999,-0.4400279075804775
2023-10-11,10,11,2023,3128.65,64.41,48.31,61.21,34.45,325.17,262.76,759.53,145.92,98.59,228.83,92.68,126.91,34.56,87.82,52.39,233.94,315.1,218.74,368.19,166.85,348.37,40.58,97.38,92.93,4305.62,-0.37619100890160284
2023-08-22,8,22,2023,3033.49,92.66,51.55,67.14,44.69,419.76,314.73,827.16,149.47,94.5,236.4,115.82,127.05,27.69,92.76,54.35,161.68,329.24,171.6,338.27,120.08,263.04,59.88,98.76,88.54,4346.820000000001,-0.43294357324401955
2023-07-31,7,31,2023,2414.6,67.4,46.44,70.37,34.83,340.97,314.8,882.74,128.02,116.21,181.13,84.02,155.3,32.62,93.12,50.22,175.38,345.28,165.66,401.7,144.63,241.39,40.51,108.63,84.4,4305.769999999999,-0.7832228940611277
2023-05-18,5,18,2023,3116.83,84.93,44.37,53.58,33.55,411.07,346.33,876.6,174.44,94.23,197.86,109.25,123.16,29.41,83.55,47.22,213.79,326.12,199.17,474.86,161.02,351.99,50.06,97.1,101.28,4684.9400000000005,-0.5031105321753193
2023-07-27,7,27,2023,2681.14,64.84,41.93,57.04,33.24,329.06,244.13,892.85,132.91,97.51,206.46,110.42,129.46,26.53,117.01,40.15,188.35,330.73,188.62,331.64,170.32,319.46,52.44,89.0,117.49,4311.59,-0.608118188531744
2023-04-06,4,6,2023,3130.83,82.51,54.04,61.14,33.07,401.1,315.4,834.74,124.09,116.8,239.95,98.73,161.86,24.96,113.74,50.52,226.98,295.57,236.91,338.5,155.44,288.53,50.38,118.18,102.44,4525.58,-0.44548889591577956
2023-07-23,7,23,2023,2924.22,68.95,54.22,59.74,43.78,365.26,327.28,739.39,140.73,95.1,195.98,88.57,173.32,33.57,99.25,57.88,239.56,344.54,202.23,366.88,151.98,265.88,58.51,111.54,84.66,4368.8,-0.49400523900390547
2023-01-08,1,8,2023,3340.22,94.74,52.32,56.79,40.03,426.8,278.02,937.09,139.48,95.62,162.79,97.89,161.88,35.48,114.03,58.56,166.7,252.91,181.18,467.61,142.3,299.8,41.11,109.14,94.23,4506.499999999999,-0.34916263000640657
2023-05-09,5,9,2023,2785.16,89.42,41.34,52.27,32.9,404.5,261.18,742.11,129.19,103.47,196.07,102.92,127.88,33.25,87.8,40.65,212.37,351.57,207.92,339.4,133.1,321.94,57.28,116.75,83.32,4268.6,-0.5326229013773
2023-04-05,4,5,2023,3406.41,69.0,54.4,71.76,33.58,408.48,333.45,751.09,125.06,116.4,203.31,114.81,161.58,35.16,86.29,42.4,186.27,265.9,167.0,431.76,133.02,314.77,47.01,81.05,91.65,4325.2,-0.2697238441643842
2023-01-15,1,15,2023,3147.63,91.33,54.59,68.69,33.5,452.27,284.33,713.24,144.11,105.54,195.18,106.11,151.23,35.47,84.24,49.29,169.28,326.98,229.96,370.29,155.55,291.85,43.25,116.98,90.13,4363.389999999999,-0.386246159809126
2023-07-19,7,19,2023,3059.93,67.98,43.06,49.58,43.05,426.47,282.26,812.76,169.48,113.29,171.89,108.07,137.0,31.89,82.0,52.88,177.96,342.07,191.39,326.64,150.71,252.99,42.12,84.06,81.34,4240.9400000000005,-0.3859598095381269
2023-01-11,1,11,2023,2747.65,92.65,50.88,63.79,44.82,356.83,275.91,655.77,128.14,109.02,197.04,80.15,122.79,35.0,102.6,49.66,235.93,315.41,193.3,356.4,127.48,255.56,46.31,117.81,116.75,4130.0,-0.5031026513566138
2023-08-20,8,20,2023,2974.44,82.62,53.13,59.9,39.84,439.59,270.74,859.55,143.08,113.15,192.41,101.93,172.43,35.76,112.78,55.24,203.28,274.44,210.53,369.93,159.95,274.42,41.16,90.9,104.66,4461.419999999999,-0.4999193125428649
2023-09-17,9,17,2023,3013.37,73.33,47.08,60.05,40.94,478.3,275.15,674.09,145.01,115.38,199.48,96.62,176.88,29.34,118.88,58.97,187.45,260.63,227.04,334.69,147.97,304.69,44.26,87.3,83.15,4266.679999999999,-0.41591639924735413
2023-07-14,7,14,2023,3542.7,94.48,51.06,60.42,32.38,478.75,265.75,744.26,177.64,107.02,193.34,107.53,149.5,29.82,80.05,47.35,237.67,300.58,226.97,461.22,131.02,350.05,44.73,87.06,92.16,4550.8099999999995,-0.2845597990233437
2023-04-16,4,16,2023,2831.48,69.91,57.5,63.33,32.19,322.63,256.29,666.27,132.58,87.28,233.67,114.13,139.65,35.34,96.12,50.13,167.88,315.25,160.83,407.78,177.92,327.27,49.34,86.2,84.55,4134.04,-0.4600279712376566
2023-11-20,11,20,2023,3339.84,78.97,56.04,49.65,43.67,470.24,296.66,785.52,131.49,116.09,174.73,81.32,145.2,25.36,105.8,52.25,177.85,306.44,187.63,344.87,161.68,335.79,55.56,119.24,111.16,4413.21,-0.32138365909744177
2023-01-06,1,6,2023,2602.54,86.99,44.62,68.16,34.56,371.05,301.99,721.22,142.42,97.33,224.14,88.58,159.96,30.19,95.65,49.01,206.66,248.49,219.81,417.73,170.99,278.02,46.47,84.08,111.67,4299.79,-0.6521513598254014
2023-08-08,8,8,2023,3303.23,65.64,53.42,59.34,37.17,442.35,342.5,642.17,131.08,111.7,185.63,102.26,143.6,30.21,103.69,44.18,179.54,335.92,198.15,391.65,145.96,333.94,47.2,100.31,115.1,4342.710000000001,-0.31468592862137995
2023-05-19,5,19,2023,3108.35,89.42,40.44,65.65,36.32,392.36,356.71,790.04,176.32,86.16,161.94,114.89,149.85,29.48,118.74,45.94,239.28,353.8,214.69,447.04,175.38,246.3,49.94,101.67,118.18,4600.54,-0.48005855196486885
2023-05-01,5,1,2023,2918.45,80.29,59.49,56.09,43.96,343.82,346.31,691.62,126.86,91.7,173.19,81.38,178.28,25.12,109.41,41.01,173.51,322.4,212.37,372.16,157.82,352.77,46.37,83.35,117.66,4286.94,-0.46890986653874484
2023-02-11,2,11,2023,3180.73,67.6,56.13,56.75,46.19,445.86,269.53,719.13,126.44,116.77,197.84,102.77,152.11,25.77,119.06,58.15,232.6,252.15,197.37,461.92,157.3,246.22,55.97,117.49,116.32,4397.4400000000005,-0.3825253951137005
2023-08-28,8,28,2023,2473.75,67.95,52.68,57.1,41.65,438.1,302.74,892.31,144.39,93.57,165.02,90.39,174.08,35.18,96.32,48.59,205.47,325.57,205.75,375.17,163.08,261.62,51.78,111.29,86.65,4486.45,-0.8136230419403738
2023-08-31,8,31,2023,2549.16,94.85,50.74,68.1,36.4,367.22,299.31,899.32,150.44,106.29,224.86,81.08,134.82,34.83,96.81,40.31,199.02,295.22,180.34,421.5,175.11,334.66,48.74,94.02,95.28,4529.27,-0.7767696025357376
2023-05-13,5,13,2023,3404.03,83.02,43.04,67.06,47.49,356.93,270.41,924.63,142.86,92.77,192.52,82.41,127.53,35.41,106.61,48.87,181.96,283.57,165.51,436.3,173.93,284.86,57.78,93.52,96.76,4395.750000000001,-0.2913370328698633
2023-12-18,12,18,2023,3205.21,79.15,42.55,53.19,36.81,425.44,347.29,688.91,161.47,91.5,233.68,105.47,148.24,26.89,93.63,47.85,209.06,290.02,189.95,377.01,176.38,247.78,52.86,84.15,104.86,4314.139999999999,-0.3459773306585214
2023-07-14,7,14,2023,3061.0,83.5,44.7,59.62,38.35,450.65,285.16,709.67,150.11,100.94,222.95,98.34,166.36,25.79,84.7,56.01,198.47,302.19,228.88,445.36,130.78,291.96,41.04,95.08,89.08,4399.6900000000005,-0.4373374714145706
2023-09-21,9,21,2023,2529.34,80.78,50.53,56.42,34.75,443.83,240.28,840.64,162.84,104.41,210.02,95.79,123.31,29.83,102.91,45.16,221.4,265.75,221.48,321.05,125.88,298.45,43.62,88.2,100.44,4307.7699999999995,-0.7031201815493366
2023-01-17,1,17,2023,2947.17,66.32,44.79,61.43,38.89,476.89,310.93,866.07,153.41,80.48,174.91,85.49,135.54,25.19,88.89,43.2,166.63,313.53,229.98,466.32,165.48,276.99,58.78,85.71,105.37,4521.219999999999,-0.5340886341812652
2023-09-08,9,8,2023,2700.26,86.39,57.24,54.93,47.75,359.05,305.85,917.77,124.2,103.35,202.3,108.71,170.41,29.03,82.01,58.88,215.83,357.81,181.15,379.38,168.44,351.86,57.77,81.46,93.98,4595.550000000001,-0.7018916696910671
2023-04-06,4,6,2023,2679.61,75.96,43.74,71.43,33.83,347.27,266.46,679.47,149.17,96.74,170.96,115.16,144.91,35.37,116.24,51.01,212.73,332.93,184.62,475.4,137.23,338.06,52.99,89.85,93.76,4315.29,-0.6104171875758039
2023-03-21,3,21,2023,3199.28,74.09,40.98,53.21,42.14,346.88,345.92,936.73,170.09,111.34,184.53,95.86,174.96,35.33,99.2,51.35,236.23,250.27,188.01,437.87,133.8,246.51,54.05,108.42,109.46,4527.2300000000005,-0.41507776749768704
2023-08-20,8,20,2023,3465.26,83.18,57.34,61.01,43.72,322.59,299.31,842.91,137.39,98.32,238.9,119.84,148.28,31.79,88.95,55.32,177.25,311.53,205.68,438.12,172.94,310.36,46.59,99.67,81.19,4472.179999999999,-0.29057559894495627
2023-01-27,1,27,2023,2647.12,74.13,42.43,55.26,47.39,335.39,339.72,723.0,145.04,105.29,179.39,101.36,176.02,35.52,109.06,44.54,165.87,302.83,175.91,472.29,179.26,308.98,44.3,92.94,106.95,4362.87,-0.6481572425881713
2023-03-10,3,10,2023,3293.17,83.43,49.75,67.29,32.71,364.61,295.78,699.66,175.09,116.73,227.02,115.63,178.92,34.49,90.0,40.14,222.85,338.05,192.94,454.25,164.34,243.05,59.71,107.96,110.14,4464.540000000001,-0.3556967906303048
2023-12-03,12,3,2023,2880.27,67.69,50.57,61.34,38.99,325.92,269.35,932.77,155.28,84.31,211.74,85.88,156.51,30.92,84.49,40.0,171.73,355.26,234.55,330.2,138.94,242.51,53.37,96.67,96.78,4315.7699999999995,-0.49839077586476255
2023-05-30,5,30,2023,3572.38,66.53,56.44,48.44,41.8,470.88,329.04,931.07,143.15,113.05,165.92,89.15,133.33,28.06,113.33,52.02,227.48,271.1,178.59,341.47,164.12,317.54,55.58,88.31,108.16,4534.56,-0.26933864818412384
2023-07-25,7,25,2023,2690.64,92.52,49.57,71.09,44.36,388.67,327.64,907.86,126.25,103.77,219.62,102.87,145.24,34.7,86.66,53.48,232.64,293.06,219.73,351.87,152.65,324.18,53.51,115.1,89.35,4586.39,-0.7045721464038298
2023-05-27,5,27,2023,3030.03,92.87,40.25,64.52,42.63,376.81,357.93,731.93,145.89,90.77,229.83,118.24,177.28,28.58,116.98,48.45,235.68,299.04,198.73,399.88,162.43,330.65,43.14,84.52,85.27,4502.3,-0.4858928789483932
2023-11-22,11,22,2023,2860.12,87.55,48.71,54.2,36.17,351.39,243.74,875.68,142.09,80.05,234.23,87.3,176.95,26.86,103.37,42.76,213.86,266.87,184.75,381.79,177.82,284.34,48.49,80.93,111.75,4341.650000000001,-0.5179957484301361
2023-11-29,11,29,2023,2453.36,77.64,46.26,49.27,43.99,443.73,272.49,935.49,177.77,113.53,184.11,96.32,142.13,27.98,83.76,53.26,172.18,267.82,164.02,477.61,151.54,264.32,55.81,103.12,106.32,4510.470000000001,-0.8384868099259795
2023-10-02,10,2,2023,2720.19,73.49,46.56,71.89,32.66,369.62,317.4,694.86,157.08,100.6,229.75,80.81,162.71,35.62,107.37,45.36,239.31,241.22,160.29,478.74,146.0,359.01,51.54,99.35,103.89,4405.13,-0.6194199669876002
2023-04-25,4,25,2023,3526.3,87.14,56.62,69.69,41.75,368.62,256.12,854.24,170.11,84.6,192.22,96.27,161.0,31.28,86.79,50.0,205.1,310.02,196.31,450.13,134.04,275.21,57.38,92.79,97.3,4424.73,-0.2547797975214813
2023-04-07,4,7,2023,3423.88,79.16,42.57,69.38,35.19,333.59,255.2,948.32,144.16,94.41,239.47,103.74,152.82,27.76,92.76,42.39,161.89,249.28,189.52,369.35,141.59,261.55,59.7,99.61,99.07,4292.48,-0.2536887975045853
2023-10-19,10,19,2023,3236.68,72.58,56.39,64.9,34.35,320.66,322.0,693.79,178.54,99.77,211.47,82.06,176.84,33.29,114.3,54.29,198.29,326.89,220.83,447.56,159.78,338.62,47.46,82.32,108.19,4445.169999999999,-0.37337333316855525
2023-07-08,7,8,2023,3264.22,75.54,44.59,52.27,34.33,358.8,256.19,922.97,125.41,116.07,182.89,95.73,177.54,32.51,100.82,59.1,173.37,349.65,209.12,452.05,124.8,272.71,44.17,102.09,106.16,4468.88,-0.3690498802164071
2023-11-28,11,28,2023,3309.21,65.2,48.36,64.89,36.33,373.09,323.44,794.82,146.31,94.01,175.75,85.35,176.2,26.52,109.79,56.54,204.61,297.61,195.35,362.99,148.25,264.71,51.78,108.98,104.91,4315.789999999999,-0.3041753167674457
2023-03-04,3,4,2023,2691.34,78.16,42.25,53.1,34.5,361.96,349.17,896.74,178.51,97.48,183.12,114.54,148.67,27.22,90.41,50.76,168.83,331.37,188.83,421.21,159.1,339.96,55.26,118.29,94.85,4584.29,-0.7033485178386973
2023-02-12,2,12,2023,2848.55,65.95,41.94,57.63,36.17,374.51,307.22,667.51,138.17,94.6,198.02,110.37,134.77,28.9,102.07,52.2,203.89,276.13,160.63,447.28,173.18,263.37,59.54,88.88,92.91,4175.84,-0.46595285320601704
2023-10-30,10,30,2023,3124.4,75.54,51.95,52.35,44.31,477.23,330.07,743.85,144.83,80.12,193.41,110.1,137.63,25.68,104.25,57.05,227.83,308.14,224.71,418.9,144.87,336.27,48.91,115.76,116.32,4570.08,-0.4627064396364101
2023-01-22,1,22,2023,2866.98,89.81,58.74,65.84,33.37,357.22,337.26,711.67,129.73,119.62,172.76,94.19,138.29,26.39,99.76,58.24,185.49,338.2,216.14,373.6,122.26,256.5,49.51,92.47,83.99,4211.049999999999,-0.4688103858415473
2023-03-30,3,30,2023,2496.95,76.65,59.3,51.97,37.03,465.28,350.36,693.66,177.59,116.49,210.9,85.72,161.41,30.45,90.5,51.44,217.88,324.06,163.95,464.45,142.79,246.51,49.17,87.61,114.65,4469.819999999999,-0.790111936562606
2023-01-03,1,3,2023,2819.84,67.06,52.6,65.79,33.12,458.11,352.39,809.86,124.65,110.3,225.9,88.0,171.57,30.9,106.43,47.24,212.84,332.85,211.47,352.18,171.16,247.44,52.34,102.34,106.16,4532.7,-0.607431627326373
2023-05-02,5,2,2023,2726.61,84.82,52.79,55.96,43.27,371.08,355.91,869.31,160.96,118.46,164.23,112.49,135.78,30.33,96.36,59.03,185.1,318.96,223.53,413.11,174.31,321.15,45.36,108.35,106.09,4606.740000000001,-0.6895485603001531
2023-12-19,12,19,2023,2719.08,91.6,58.99,70.07,38.94,442.84,314.15,820.02,144.7,80.43,174.78,96.85,154.21,31.36,113.27,40.68,184.9,288.34,237.47,446.5,164.37,314.17,46.14,109.68,87.13,4551.590000000001,-0.6739448637039003
2023-10-04,10,4,2023,2508.45,80.46,43.83,56.09,33.32,345.32,287.43,953.38,178.0,82.62,211.86,87.28,146.34,31.27,114.5,42.25,194.7,322.88,204.55,388.49,130.1,255.5,48.05,82.96,94.23,4415.41,-0.7602144750742491
2023-01-25,1,25,2023,2540.62,69.78,56.57,55.1,42.64,439.93,265.06,953.93,125.81,99.2,160.32,106.92,149.29,26.41,100.0,49.61,209.87,302.37,183.81,361.88,169.28,272.61,58.51,81.73,101.75,4442.379999999999,-0.7485416945470001
2023-08-05,8,5,2023,3361.55,87.07,49.87,60.75,35.02,431.8,322.33,719.76,162.15,83.04,171.89,95.51,138.06,27.89,106.32,45.03,175.86,300.53,224.83,322.05,177.43,281.6,40.8,101.98,86.49,4248.0599999999995,-0.26372060507801437
2023-03-17,3,17,2023,2478.33,77.01,42.77,56.99,41.93,355.52,343.49,727.92,162.39,115.45,230.75,113.57,137.68,24.2,105.94,45.89,175.92,269.16,231.05,385.13,172.82,341.7,42.91,105.86,85.31,4391.360000000001,-0.7719028539379343
2023-09-13,9,13,2023,2731.55,94.04,40.51,61.67,47.17,353.72,258.22,775.35,121.23,88.28,236.57,111.83,153.76,35.84,117.04,56.0,200.04,244.54,180.64,354.13,157.54,284.56,46.63,82.52,104.53,4206.360000000001,-0.539916896999872
2023-09-17,9,17,2023,2909.13,86.48,57.1,60.4,32.48,401.36,269.37,911.73,156.83,95.63,162.32,106.35,176.3,26.4,92.64,49.96,178.61,329.94,203.8,405.82,173.3,268.31,49.36,94.47,88.72,4477.680000000001,-0.5391818172443311
2023-11-01,11,1,2023,3202.91,72.25,40.89,71.53,44.92,479.34,318.52,849.28,179.84,112.73,232.8,105.8,160.76,32.87,119.41,43.94,217.57,344.74,191.46,440.13,166.39,343.67,44.86,109.25,104.77,4827.720000000001,-0.5072918065134523
2023-03-24,3,24,2023,2788.72,72.5,54.96,63.93,34.82,476.01,240.57,891.33,142.66,110.15,204.15,119.6,178.09,33.73,111.68,53.79,190.15,311.71,191.86,471.48,141.4,277.92,42.95,110.67,82.11,4608.219999999999,-0.6524498694741673
2023-02-18,2,18,2023,2523.79,86.9,48.42,57.49,47.21,356.22,355.38,936.65,149.81,111.45,212.37,109.08,140.21,28.29,108.43,42.08,181.83,250.71,182.26,467.46,161.9,304.57,41.52,92.24,80.86,4553.339999999999,-0.8041675416734353
2023-06-06,6,6,2023,2549.94,84.41,51.1,51.73,37.68,402.35,272.07,650.79,158.15,118.99,213.7,103.08,140.66,31.97,109.09,54.66,213.48,252.21,184.4,370.76,161.28,357.15,52.98,101.11,81.37,4255.17,-0.6687333819619286
2023-07-23,7,23,2023,3240.32,93.09,47.13,61.9,44.51,383.81,275.0,727.28,139.11,94.88,204.14,91.61,145.06,25.63,108.76,46.33,202.76,270.4,207.14,341.28,122.88,245.21,53.74,95.34,80.9,4107.889999999999,-0.267742074856804
2023-03-13,3,13,2023,2913.46,73.66,51.7,59.42,46.05,389.28,254.56,696.57,127.96,112.66,192.14,97.58,140.49,34.0,106.54,48.86,228.45,326.83,168.3,429.5,131.37,285.95,47.64,115.19,83.66,4248.359999999999,-0.45818374029504394
2023-03-26,3,26,2023,3370.51,70.49,43.58,71.58,45.14,475.56,307.06,693.4,173.09,106.01,202.91,105.5,132.06,31.9,105.66,56.45,187.2,332.59,238.87,392.65,127.87,282.52,41.98,83.11,114.69,4421.869999999998,-0.3119290552468314
2023-06-17,6,17,2023,3024.17,76.14,57.26,59.32,47.6,456.62,308.61,720.61,159.97,118.98,204.31,91.98,158.08,29.33,90.41,46.91,209.21,272.83,168.26,471.96,172.78,275.97,48.13,87.24,112.7,4445.209999999999,-0.46989421890965094
2023-06-15,6,15,2023,2458.8,82.35,49.13,51.74,45.84,383.56,331.13,725.04,138.46,108.47,189.64,80.65,148.55,24.15,115.93,54.72,160.01,283.73,219.7,364.42,148.83,342.75,53.36,116.61,85.3,4304.07,-0.7504758418740847
2023-09-03,9,3,2023,3275.69,69.64,49.38,53.69,39.82,453.2,302.23,778.83,129.09,96.53,176.96,111.44,171.3,31.86,82.46,46.25,197.72,299.6,195.08,360.62,163.81,290.73,48.45,91.31,91.11,4331.11,-0.3221977659668649
2023-10-17,10,17,2023,3143.42,67.81,58.59,56.07,33.65,424.6,241.7,818.09,135.28,117.94,189.1,101.43,171.79,32.64,110.44,40.04,193.35,340.74,162.67,467.89,146.79,291.8,44.93,108.73,90.61,4446.679999999999,-0.4145993853827994
2023-07-07,7,7,2023,2666.52,65.01,56.18,58.99,35.03,334.02,258.6,728.4,159.83,109.62,239.11,101.5,134.75,35.48,104.36,45.92,223.18,303.08,169.58,407.78,123.29,357.74,57.49,94.07,87.56,4290.57,-0.609052247873633
2023-06-02,6,2,2023,2528.19,95.07,54.5,48.43,46.86,475.15,290.83,919.59,146.36,93.7,220.19,95.44,169.4,30.84,106.4,45.15,220.52,285.97,229.11,367.11,152.08,300.25,57.75,117.08,113.57,4681.35,-0.8516606742373003
2023-10-15,10,15,2023,2571.83,95.22,55.56,58.31,44.72,343.89,242.61,700.62,152.3,113.85,164.97,80.33,177.23,25.23,98.64,42.31,226.26,334.69,208.19,434.37,144.61,258.17,51.95,110.44,115.24,4279.71,-0.6640718865554878
2023-06-05,6,5,2023,2527.55,75.75,40.74,49.68,44.07,353.19,356.64,908.46,160.2,82.67,194.89,94.43,179.87,28.8,101.43,50.74,218.01,306.52,221.61,461.88,166.24,327.27,48.18,80.08,118.8,4670.150000000001,-0.847698364028407
2023-04-29,4,29,2023,3248.4,93.46,55.59,69.05,46.95,353.91,242.04,857.38,126.52,103.87,191.37,84.83,169.63,26.4,111.72,46.07,233.41,297.68,224.02,349.65,141.75,275.13,51.07,116.83,93.13,4361.459999999999,-0.3426486885851493
2023-03-05,3,5,2023,3051.13,82.73,51.4,48.37,33.48,468.92,246.73,761.11,172.16,103.31,163.16,106.69,171.52,31.22,81.21,54.38,205.4,272.66,220.53,359.54,120.02,265.49,40.73,107.08,98.1,4265.9400000000005,-0.3981508490297039
2023-09-01,9,1,2023,3403.0,91.12,58.09,70.48,39.39,449.79,311.39,655.26,135.59,82.2,189.8,117.84,165.89,30.05,86.78,40.87,180.02,348.81,213.62,414.32,157.68,338.67,52.27,110.4,110.38,4450.71,-0.3078783426388481
2023-05-29,5,29,2023,2616.78,74.38,49.83,71.8,40.17,321.53,342.8,681.95,136.47,88.2,172.82,112.12,134.4,25.09,108.74,40.73,227.52,266.21,222.02,462.65,158.19,332.99,42.73,98.65,86.92,4298.91,-0.6428243872239927
2023-06-25,6,25,2023,2904.07,66.04,57.47,52.61,33.57,398.5,279.31,684.11,146.86,101.72,179.77,93.57,178.15,35.55,117.03,58.69,211.26,316.1,183.4,369.26,167.39,311.96,45.98,101.02,93.44,4282.760000000001,-0.47474406608656156
2023-04-13,4,13,2023,3538.14,79.64,56.27,58.34,42.3,329.35,343.01,791.07,125.17,118.47,218.97,119.59,143.55,27.12,95.82,58.53,164.14,263.68,192.22,368.47,125.0,331.53,49.43,84.4,90.09,4276.16,-0.20858982403183593
2023-03-15,3,15,2023,2497.63,95.72,46.36,53.88,43.89,450.48,262.95,672.1,134.03,90.44,232.97,103.64,149.46,30.98,85.97,43.07,168.16,326.24,203.74,326.8,146.76,344.13,57.8,100.29,111.06,4280.920000000001,-0.7139928652362443
2023-06-15,6,15,2023,3131.52,94.75,51.98,64.28,34.79,414.25,321.12,677.69,171.6,97.34,226.8,103.5,145.74,24.7,119.88,59.41,229.59,271.4,237.3,404.06,128.94,272.93,55.72,108.85,84.76,4401.380000000001,-0.40550914571837354
2023-11-30,11,30,2023,3176.93,66.13,48.23,56.1,35.79,477.01,346.06,920.29,165.39,80.52,212.46,101.37,144.36,35.42,83.86,59.21,180.4,322.22,194.47,323.25,138.07,318.77,40.41,100.24,95.82,4545.85,-0.43089397626010034
2023-04-08,4,8,2023,2979.94,73.6,48.2,54.78,34.43,426.05,281.69,845.33,135.63,97.42,167.49,101.91,154.45,26.92,109.56,54.82,219.5,278.3,178.36,331.99,150.42,270.57,48.86,97.66,103.6,4291.540000000001,-0.4401430901293317
2023-03-07,3,7,2023,2833.82,74.47,42.07,49.86,36.73,430.74,344.81,731.34,152.2,98.25,227.77,96.18,132.08,32.33,109.22,55.31,169.99,286.1,160.19,455.62,146.4,251.0,42.66,96.58,93.75,4315.65,-0.5229090062177553
2023-01-19,1,19,2023,3536.64,80.42,58.11,56.79,41.63,333.27,267.52,921.8,137.9,84.88,164.72,87.65,158.36,26.52,102.96,42.21,198.06,326.55,171.55,389.34,178.4,300.12,41.7,109.43,111.16,4391.050000000001,-0.24158806098443755
2023-10-17,10,17,2023,3306.68,94.03,47.74,64.19,42.66,403.56,311.84,719.1,170.86,97.7,171.63,101.64,143.41,26.88,116.05,53.39,170.68,302.64,199.38,440.77,170.76,262.33,49.85,88.71,83.7,4333.5,-0.3105289898024605
2023-06-17,6,17,2023,3292.08,90.03,46.55,60.93,44.78,364.58,262.08,915.75,127.04,86.4,215.4,114.46,163.89,30.45,109.91,43.37,167.56,281.97,230.43,394.91,158.71,278.41,59.11,116.53,88.37,4451.619999999999,-0.35222108818740705
2023-02-17,2,17,2023,2584.61,82.86,47.17,67.47,36.69,342.5,323.54,733.44,132.92,104.39,173.91,119.57,150.87,31.81,84.39,40.49,217.91,243.56,203.86,409.16,159.73,325.25,54.62,82.11,101.62,4269.839999999999,-0.652024870289908
2023-02-12,2,12,2023,2886.4,95.98,43.21,70.38,47.67,384.3,269.35,671.95,176.49,98.56,201.04,82.52,168.58,26.62,105.14,47.23,198.19,334.36,182.84,375.18,173.59,240.73,52.31,96.76,97.78,4240.76,-0.46922117516629713
2023-07-08,7,8,2023,2782.97,70.25,49.77,66.31,33.93,397.51,251.67,744.36,133.62,114.82,160.42,87.56,122.13,29.02,119.92,43.5,211.64,310.47,205.86,380.31,128.93,349.15,44.56,117.62,84.41,4257.740000000001,-0.5299266610851001
2023-02-26,2,26,2023,2838.96,83.0,48.86,70.62,46.81,352.24,303.66,800.56,122.22,116.57,216.5,105.64,175.56,29.53,93.93,43.94,222.59,333.71,226.83,430.76,138.77,345.55,42.11,89.1,102.76,4541.82,-0.5998182433003634
2023-01-26,1,26,2023,3345.1,88.12,54.11,67.36,41.83,364.82,315.6,753.48,150.4,116.48,172.09,83.35,130.01,25.01,119.56,41.52,163.49,304.85,225.41,432.12,152.53,281.23,40.99,96.29,94.91,4315.56,-0.290113897940271
2023-12-27,12,27,2023,3411.52,74.94,56.65,65.06,45.87,323.9,326.87,736.41,141.02,115.63,231.01,112.47,143.54,28.83,103.71,56.14,198.68,276.83,199.37,322.62,148.85,312.02,54.53,86.92,91.87,4253.739999999999,-0.24687529312447204
2023-11-13,11,13,2023,2716.77,83.39,50.92,58.63,46.25,411.05,285.4,655.16,143.7,91.56,215.44,93.04,153.48,24.32,115.7,46.97,234.08,281.77,220.57,386.8,165.42,280.33,42.2,118.91,117.69,4322.78,-0.5911468398134548
2023-12-30,12,30,2023,3569.15,78.19,59.71,55.97,32.42,368.7,286.52,888.83,173.36,93.79,206.29,117.5,179.57,35.17,102.19,52.56,192.29,340.93,211.19,441.14,132.55,263.86,40.17,101.46,106.23,4560.59,-0.2777804239104549
2023-06-30,6,30,2023,2507.76,67.68,58.06,54.24,40.2,424.09,252.01,685.64,164.71,104.98,189.44,116.51,121.48,29.13,96.54,46.67,206.05,308.54,219.02,343.41,179.94,247.72,49.24,90.89,94.99,4191.18,-0.6712843334290363
2023-07-21,7,21,2023,2647.93,84.19,42.96,57.81,32.74,443.74,293.26,765.94,168.43,104.87,238.31,96.52,152.23,26.65,102.55,57.29,223.18,242.58,211.76,407.17,162.95,243.91,59.03,103.58,89.3,4410.95,-0.6658106520942775
2023-08-03,8,3,2023,2799.38,87.18,40.84,64.03,47.99,359.86,313.24,810.24,147.41,116.11,204.48,92.67,136.26,25.69,80.75,58.46,190.17,255.13,164.24,399.74,170.12,356.84,40.97,94.14,96.27,4352.830000000002,-0.5549264479992004
2023-04-29,4,29,2023,2970.09,80.27,41.86,67.95,42.58,382.08,310.62,859.04,146.27,114.18,179.44,106.24,142.25,34.11,99.69,49.23,230.15,272.01,234.5,439.42,120.04,283.3,55.01,87.21,96.68,4474.130000000001,-0.5063954290947416
2023-11-04,11,4,2023,3033.53,78.05,48.17,67.86,32.1,374.22,292.04,690.95,162.37,116.28,221.27,98.82,151.4,33.83,92.3,56.36,235.9,323.83,239.86,393.76,163.73,288.31,58.44,90.53,101.07,4411.45,-0.4542298905895111
2023-09-08,9,8,2023,3013.37,83.07,46.54,61.69,38.33,390.39,258.54,734.87,174.1,94.3,234.26,105.0,148.36,29.7,86.81,51.39,197.02,261.09,202.75,410.59,141.58,291.37,55.3,93.29,93.44,4283.779999999999,-0.42159110895774465
2023-02-03,2,3,2023,2715.97,93.19,52.13,60.13,33.04,352.0,246.8,935.91,178.05,89.15,168.22,103.06,170.5,25.27,105.87,47.26,214.92,245.61,213.17,435.47,142.84,335.5,45.26,88.35,89.25,4470.950000000001,-0.6461706130774644
2023-09-15,9,15,2023,3074.1,77.61,42.18,50.49,36.55,378.19,249.89,914.65,145.57,98.65,186.25,96.45,160.09,34.58,84.05,57.69,196.17,283.74,218.62,368.03,168.95,245.48,49.14,94.03,95.05,4332.099999999999,-0.40922546436355345
2023-05-07,5,7,2023,3185.57,88.98,58.28,53.52,46.83,361.59,319.77,756.49,173.4,119.53,183.77,114.53,152.37,28.3,82.24,54.78,194.33,263.24,237.2,470.95,159.37,311.45,46.14,110.25,89.3,4476.610000000001,-0.40527754844501934
2023-05-22,5,22,2023,3031.45,66.64,54.41,55.68,40.17,395.78,358.39,701.77,169.3,116.0,180.54,95.74,175.51,26.98,108.41,41.43,238.4,296.97,195.4,395.3,133.74,319.03,56.41,110.62,83.5,4416.119999999999,-0.4567682132312917
2023-02-03,2,3,2023,2534.57,68.8,47.75,49.36,43.09,444.49,303.28,937.23,163.63,98.95,195.28,96.78,170.03,31.73,99.99,55.48,187.44,299.69,183.87,347.02,140.65,317.68,50.66,115.28,118.29,4566.45,-0.8016665548791312
2023-02-02,2,2,2023,3034.03,68.87,58.79,64.54,34.96,472.58,254.59,833.05,167.48,113.31,204.65,115.32,165.0,31.28,103.3,55.94,173.06,257.96,192.7,422.07,144.82,324.48,46.98,92.35,81.43,4479.510000000001,-0.47642244803116673
2023-11-17,11,17,2023,2718.22,65.07,49.57,64.33,44.87,423.08,341.69,685.24,120.92,82.5,178.22,105.72,139.6,25.56,98.9,48.27,180.96,321.71,179.87,410.86,129.12,290.42,42.45,105.78,111.25,4245.959999999999,-0.5620369212205044
2023-04-14,4,14,2023,3226.34,79.03,42.49,56.23,45.46,396.87,277.3,844.46,174.9,96.95,169.36,108.0,163.6,30.18,107.17,50.34,215.93,356.85,181.54,423.35,145.58,330.37,51.45,88.94,118.54,4554.889999999999,-0.41178239119249654
2023-02-20,2,20,2023,2992.56,74.3,51.06,52.1,45.49,383.92,341.55,660.48,166.06,106.76,235.29,93.14,121.77,25.03,91.82,57.49,161.11,273.84,161.31,335.02,178.71,316.91,49.16,103.44,83.62,4169.38,-0.393248589836127
2023-11-23,11,23,2023,2604.45,84.02,53.99,53.49,44.19,403.46,265.22,748.52,146.84,83.62,162.29,97.09,159.64,31.45,108.56,47.4,205.86,353.51,187.8,359.94,165.11,344.61,44.74,80.55,92.02,4323.92,-0.6602046497341091
2023-01-15,1,15,2023,3398.84,76.42,52.47,62.05,46.41,424.22,273.64,727.93,152.95,80.48,206.84,92.68,156.38,31.85,100.74,56.35,211.58,335.65,228.59,412.66,179.2,322.68,48.52,119.6,100.19,4500.08,-0.3240046604135528
2023-11-08,11,8,2023,3235.97,79.32,49.56,63.77,37.42,479.95,349.3,713.22,153.64,105.29,186.84,92.07,155.19,24.94,81.36,56.03,177.98,305.47,193.4,414.75,142.09,270.97,52.38,99.42,97.9,4382.26,-0.3542338155174493
2023-06-13,6,13,2023,2748.46,70.1,50.93,52.09,35.86,436.42,243.62,678.64,122.0,100.09,215.52,92.83,174.76,35.86,92.21,44.25,202.09,291.36,202.3,409.52,146.45,309.67,50.39,98.09,100.98,4256.03,-0.5485144408141285
2023-01-23,1,23,2023,2958.92,81.74,41.37,68.1,33.95,356.97,276.82,826.37,129.48,113.22,177.52,119.11,150.04,32.91,88.67,47.16,198.83,266.9,222.96,424.61,129.0,279.73,54.15,91.5,105.85,4316.960000000001,-0.45896475741148823
2023-10-28,10,28,2023,3053.79,67.38,52.8,68.24,39.79,404.5,295.1,926.49,173.05,117.56,202.08,94.68,161.56,27.62,83.86,46.67,183.47,337.89,237.73,438.51,164.86,337.16,40.37,81.54,110.35,4693.259999999999,-0.536864027978348
2023-01-01,1,1,2023,3479.61,71.85,53.19,68.58,39.6,475.38,295.66,695.29,143.56,85.15,209.95,111.91,153.04,34.54,107.89,59.8,231.66,290.9,220.62,325.98,160.39,347.54,52.15,92.11,105.76,4432.499999999999,-0.27384965556484747
2023-07-08,7,8,2023,3174.46,87.45,43.67,60.1,36.73,384.6,252.07,919.67,164.12,113.58,197.57,83.34,154.19,26.52,102.31,55.61,170.01,298.14,170.49,406.61,144.17,292.04,47.6,113.95,119.44,4443.9800000000005,-0.39991683624931496
2023-05-20,5,20,2023,3337.06,81.46,51.72,62.64,33.39,350.95,351.5,681.58,144.47,87.03,238.39,102.15,147.82,25.92,98.26,44.34,226.99,321.44,190.77,353.83,167.72,255.3,59.35,109.74,118.91,4305.67,-0.29025849100705414
2023-12-26,12,26,2023,2694.87,95.29,45.79,68.89,32.84,449.97,242.02,731.57,168.93,113.25,188.24,102.37,132.65,34.24,108.01,46.96,175.68,340.05,224.86,379.69,156.49,346.08,53.04,116.43,102.73,4456.07,-0.6535380185315062
2023-06-25,6,25,2023,3236.89,85.99,57.04,51.89,33.09,379.44,283.98,721.74,151.39,101.76,170.88,108.44,175.98,30.09,81.28,42.86,229.04,291.51,212.1,354.57,154.71,334.11,44.17,117.25,103.46,4316.77,-0.3336165269749669
2023-09-16,9,16,2023,3257.13,90.59,45.6,71.28,42.31,372.52,351.58,944.55,128.79,96.82,214.95,80.11,171.59,29.41,101.37,48.59,235.63,351.46,192.27,366.18,160.16,331.42,58.26,81.5,99.57,4666.509999999999,-0.43270609401528315
2023-04-29,4,29,2023,3525.92,75.86,51.45,51.74,35.75,359.48,260.99,838.58,150.02,84.68,200.65,97.19,160.66,34.47,93.89,42.55,239.73,345.32,212.38,380.34,128.41,333.36,45.41,100.52,103.84,4427.27,-0.255635408630939
2023-05-24,5,24,2023,2874.49,86.58,46.11,65.18,37.47,378.05,277.6,660.16,136.01,90.18,186.9,100.05,158.03,31.99,117.86,47.29,220.07,247.55,188.83,446.95,175.08,294.04,56.6,94.95,109.85,4253.380000000001,-0.4796990074761093
2023-01-05,1,5,2023,3223.99,77.54,59.13,56.9,36.09,347.35,276.04,688.87,129.04,100.04,161.86,89.13,129.18,24.03,102.78,52.95,216.12,354.78,183.15,409.74,168.85,294.73,48.48,112.95,105.46,4225.1900000000005,-0.3105468689419014
2023-08-19,8,19,2023,3203.14,70.33,44.14,56.27,32.57,403.15,312.64,766.27,125.39,82.07,230.6,97.87,145.97,26.4,81.55,56.47,231.62,290.72,229.7,435.11,158.67,351.55,46.88,94.59,108.11,4478.639999999999,-0.3982030132932059
2023-10-12,10,12,2023,2491.95,90.62,51.58,61.19,45.11,465.23,314.29,674.18,146.59,83.22,201.64,102.28,129.87,26.82,108.3,47.15,169.66,281.38,162.33,427.05,155.05,347.25,48.08,97.53,81.95,4318.35,-0.7329200024077532
2023-10-04,10,4,2023,3529.2,72.32,53.28,60.69,34.76,397.51,355.49,911.47,161.77,97.22,163.28,110.18,125.35,29.22,116.61,48.31,235.24,254.46,218.97,330.42,164.01,350.1,45.35,94.81,98.25,4529.070000000001,-0.28331349880992884
2023-11-07,11,7,2023,3176.12,70.16,52.05,66.87,46.01,453.35,302.13,921.86,135.0,84.16,182.88,96.24,154.95,28.78,101.93,48.62,226.27,313.79,162.18,367.94,130.11,308.88,48.86,111.89,98.23,4513.139999999999,-0.4209601652330515
2023-04-14,4,14,2023,3286.95,72.75,53.47,50.36,44.28,331.17,300.52,782.48,139.45,116.3,175.28,105.47,164.04,32.57,115.82,59.8,178.06,324.28,213.17,418.97,149.36,345.74,49.55,86.26,84.54,4393.690000000001,-0.3367072818266179
2023-07-15,7,15,2023,3572.86,65.89,55.86,67.37,47.55,371.27,281.06,946.91,141.57,98.19,220.11,85.57,174.15,32.11,100.08,51.94,234.65,299.39,185.66,375.66,168.97,252.81,54.43,103.94,113.09,4528.23,-0.2673964275118531
2023-04-13,4,13,2023,3420.8,85.44,40.35,55.34,46.82,440.61,245.52,956.9,149.83,110.0,179.12,114.95,162.93,28.23,108.06,47.96,219.33,333.95,188.8,342.4,149.92,262.75,57.9,112.63,92.42,4532.159999999999,-0.32488306828811936
2023-04-11,4,11,2023,3483.37,73.79,49.64,70.95,32.9,371.07,291.73,850.2,149.41,101.34,205.29,104.84,140.21,34.94,87.51,49.7,204.16,271.88,207.93,478.36,162.7,288.44,47.99,92.91,105.69,4473.579999999999,-0.28426782110427523
2023-05-26,5,26,2023,2761.6,75.28,57.13,53.43,43.37,339.76,271.56,803.19,158.56,109.17,238.72,110.51,169.39,29.86,85.13,53.6,200.43,252.34,222.83,380.8,137.99,346.88,50.84,112.17,117.75,4420.6900000000005,-0.6007712920046352
2023-08-23,8,23,2023,3242.46,64.75,42.29,60.18,41.39,417.47,272.02,725.16,151.43,92.81,161.44,101.0,171.99,24.14,80.79,49.84,228.51,324.89,238.97,476.68,136.08,301.0,42.55,88.6,113.13,4407.110000000001,-0.3591871603658952
2023-11-20,11,20,2023,3512.38,64.99,51.56,59.25,35.7,371.53,306.98,832.34,130.69,92.68,161.98,85.69,177.06,32.13,86.31,50.83,188.2,348.53,166.03,377.59,149.47,326.81,59.07,93.15,111.74,4360.3099999999995,-0.2414118062396436
2023-04-27,4,27,2023,3130.63,81.25,47.65,62.27,35.53,338.63,342.73,919.78,134.39,108.93,202.86,86.39,155.1,31.86,118.73,48.23,165.91,280.31,168.64,407.66,178.98,241.23,53.84,81.13,94.72,4386.75,-0.40123553406183415
2023-06-08,6,8,2023,2701.79,74.29,51.89,61.16,47.06,397.62,276.75,687.59,169.14,98.14,232.41,101.45,132.53,32.2,87.68,55.1,239.86,346.41,212.41,427.36,121.09,329.95,58.13,83.47,108.25,4431.9400000000005,-0.640371753541171
2023-05-03,5,3,2023,3375.96,93.58,58.81,48.15,47.28,432.31,350.09,913.42,142.65,87.39,200.27,103.58,148.35,35.73,118.9,57.18,207.48,338.94,164.69,367.12,169.81,288.77,41.27,89.99,119.55,4625.31,-0.37007251270749664
2023-10-13,10,13,2023,3059.18,90.08,56.55,59.48,42.27,336.5,305.24,922.24,179.41,96.3,168.64,96.63,129.57,29.19,89.6,54.08,173.25,340.27,231.97,387.34,151.53,334.98,42.77,107.02,108.8,4533.710000000002,-0.4820017128773077
2023-04-18,4,18,2023,3075.58,87.44,51.3,57.75,38.15,412.11,309.28,705.07,176.24,82.69,172.71,111.75,163.19,35.09,82.86,48.84,213.43,285.36,177.07,474.72,122.77,303.99,42.61,114.61,113.69,4382.719999999999,-0.42500601512560215
2023-05-21,5,21,2023,2992.67,85.61,55.49,48.53,41.48,362.12,320.73,911.48,136.78,100.4,202.44,91.13,172.12,35.75,105.63,44.33,193.54,257.65,197.91,458.14,123.78,317.44,40.37,90.82,99.35,4493.0199999999995,-0.5013416113370333
2023-05-22,5,22,2023,3289.96,68.47,43.46,69.09,32.79,411.26,284.23,859.62,156.9,106.26,188.86,116.33,147.83,27.4,101.6,55.93,200.37,255.9,161.55,385.16,176.75,297.67,48.2,90.99,105.07,4391.689999999999,-0.33487641187126854
2023-11-02,11,2,2023,2718.98,88.6,43.26,56.59,40.33,472.92,357.9,950.42,123.7,85.4,227.97,105.31,124.21,28.73,110.56,47.37,168.44,248.39,181.02,390.56,179.48,330.78,44.86,91.26,119.43,4617.49,-0.6982434589441628
2023-08-09,8,9,2023,2871.59,77.4,48.76,60.62,44.63,366.57,291.75,747.4,159.12,88.69,188.65,90.65,150.31,32.35,108.12,56.71,185.66,256.12,223.62,384.95,122.26,336.05,40.67,81.48,113.02,4255.56,-0.4819525071476082
2023-07-05,7,5,2023,3452.08,80.04,48.17,63.97,47.95,452.69,330.12,839.08,144.86,89.32,238.67,112.68,130.39,31.5,84.91,45.19,217.76,280.36,198.8,380.26,158.91,270.61,57.38,103.93,110.94,4518.49,-0.3089181015503696
2023-02-05,2,5,2023,2608.64,77.25,59.88,58.47,41.71,469.45,293.38,910.25,163.84,105.82,164.93,84.77,150.3,29.71,101.39,40.95,237.23,249.66,197.26,428.05,144.69,286.15,51.71,102.8,88.02,4537.670000000001,-0.7394772755152115
2023-11-29,11,29,2023,2505.34,74.55,58.33,57.16,44.23,346.34,255.37,784.16,136.43,81.39,211.21,97.71,169.04,33.01,116.07,43.57,196.98,331.42,234.52,330.14,146.35,281.13,59.94,112.46,102.29,4303.8,-0.7178506709668149
2023-08-03,8,3,2023,3389.94,87.88,42.25,67.86,38.61,469.15,308.92,713.97,142.51,119.27,185.18,116.87,176.53,34.59,100.52,59.48,215.17,356.01,164.77,344.89,126.46,303.35,58.58,102.32,114.63,4449.77,-0.31263975173601904
2023-07-21,7,21,2023,2454.34,88.06,58.24,53.66,36.66,456.11,356.93,676.62,120.07,86.98,165.88,102.51,124.29,24.3,115.26,58.61,171.9,303.31,236.23,469.29,147.52,328.98,51.94,104.98,99.48,4437.8099999999995,-0.8081480153523959
2023-03-31,3,31,2023,3517.63,71.83,42.97,52.7,47.56,426.4,246.25,909.05,129.17,88.15,203.42,92.91,127.2,27.21,81.63,56.79,170.44,251.26,236.72,438.78,144.31,242.6,45.38,114.19,107.38,4354.299999999999,-0.23785048455920582
2023-09-15,9,15,2023,3286.12,72.02,53.82,62.62,42.18,474.44,311.03,916.62,130.49,96.04,216.59,103.26,169.64,33.85,115.9,40.94,237.6,262.37,226.97,465.89,166.43,331.94,54.43,119.87,85.3,4790.24,-0.4577191338113033
2023-10-10,10,10,2023,2598.14,85.77,49.82,68.76,46.34,354.22,303.1,863.4,149.38,92.65,195.51,82.09,164.82,28.62,90.67,52.26,233.11,342.86,202.9,386.63,131.9,317.79,48.23,117.47,118.26,4526.560000000001,-0.7422309806246012
2023-04-27,4,27,2023,2541.2,95.61,50.37,66.26,40.51,469.84,356.58,834.78,143.42,117.59,237.71,113.63,138.26,29.41,90.54,51.17,186.31,254.17,227.16,341.71,146.16,352.4,41.44,87.33,94.71,4567.07,-0.7972099795372265
2023-04-25,4,25,2023,2438.54,85.16,57.06,61.25,41.56,393.79,322.21,701.56,162.27,90.47,183.93,85.79,120.9,28.27,85.91,42.91,239.34,282.5,193.09,398.68,151.1,332.64,52.22,80.49,98.06,4291.16,-0.7597250814011662
2023-07-13,7,13,2023,3268.99,71.96,52.65,61.16,39.6,381.4,319.22,852.49,156.58,91.61,163.35,112.46,174.05,33.8,80.35,43.17,216.71,292.11,196.46,477.86,167.71,310.2,42.05,99.09,118.25,4554.290000000001,-0.39317954475235506
2023-01-01,1,1,2023,3412.82,79.65,54.23,59.59,42.13,443.31,358.74,806.22,131.01,116.27,164.34,106.81,133.07,24.14,83.57,41.22,163.92,308.08,173.88,409.45,130.1,332.75,58.42,87.89,118.37,4427.16,-0.297214620167486
2023-09-29,9,29,2023,2977.27,67.36,42.29,54.97,39.45,412.88,259.27,757.44,178.57,111.95,229.82,116.21,130.57,27.38,85.58,47.1,214.07,283.99,233.3,401.62,122.96,297.39,51.62,92.69,92.1,4350.580000000001,-0.46126485001360334
2023-03-31,3,31,2023,3504.16,87.82,41.03,61.18,35.19,342.12,302.42,790.24,161.79,117.41,233.21,93.17,135.27,31.32,88.58,45.31,172.04,274.95,232.54,384.8,138.72,261.76,45.13,90.68,87.35,4254.030000000001,-0.2139942240080364
2023-01-13,1,13,2023,3405.0,64.73,42.13,55.01,44.51,335.67,244.77,661.63,158.45,104.14,218.19,109.5,147.55,24.54,108.76,40.22,181.84,353.86,232.44,418.56,175.54,243.76,54.11,80.53,90.67,4191.110000000001,-0.230869309838473
2023-03-31,3,31,2023,2645.82,88.79,50.0,49.8,33.94,407.99,337.21,924.19,165.01,117.49,180.03,87.08,152.53,30.17,94.49,53.16,195.33,344.56,205.37,460.5,120.56,266.84,51.6,106.12,105.42,4628.18,-0.7492422009055794
2023-10-19,10,19,2023,2526.83,75.06,57.91,67.78,34.39,434.56,286.43,736.7,170.1,100.87,168.19,85.1,153.32,28.65,112.34,43.98,191.51,271.25,210.63,426.16,154.51,295.58,59.44,105.0,108.1,4377.56,-0.7324315446626803
2023-10-21,10,21,2023,2783.54,71.33,51.86,69.05,36.26,467.83,243.39,873.07,136.08,105.27,178.91,85.61,153.23,29.32,80.39,55.26,220.09,333.09,238.11,438.96,174.72,291.51,56.77,83.79,81.72,4555.620000000001,-0.6366281785065064
2023-06-03,6,3,2023,2756.56,79.1,59.32,63.35,47.51,416.2,340.57,950.58,153.77,107.37,172.58,96.54,176.39,26.62,87.92,54.28,211.41,306.31,208.38,474.18,168.13,338.4,55.47,92.81,111.87,4799.0599999999995,-0.7409597469309572
2023-09-20,9,20,2023,2470.15,82.26,47.97,51.88,34.67,479.82,278.61,818.22,172.39,108.16,222.76,88.83,164.8,33.63,82.59,54.57,165.91,282.73,170.38,368.43,150.38,319.43,59.54,83.04,90.7,4411.7,-0.786004898487946
2023-02-02,2,2,2023,3127.74,69.93,58.43,57.85,33.26,414.03,293.71,860.04,134.77,91.94,196.15,97.1,142.05,26.24,116.81,53.16,218.99,240.37,169.39,429.79,179.07,327.62,59.42,115.91,84.11,4470.139999999999,-0.4291916847308279
2023-08-05,8,5,2023,2400.59,67.67,40.37,55.15,37.39,345.53,276.52,909.11,176.27,96.17,211.6,113.95,164.28,33.42,93.2,58.54,188.9,253.32,163.92,421.27,166.87,350.29,57.25,87.79,96.05,4464.83,-0.859888610716532
2023-03-01,3,1,2023,2816.06,79.31,41.21,55.66,40.59,474.06,247.28,840.56,126.27,110.12,167.07,110.47,138.54,25.6,119.36,53.86,166.16,247.32,193.5,381.67,145.86,353.76,48.68,86.08,108.12,4361.110000000001,-0.5486566337364973
2023-08-30,8,30,2023,3143.3,81.84,55.22,62.02,43.39,427.42,291.44,948.95,123.69,102.88,229.25,118.12,158.98,32.61,102.73,42.15,174.21,346.04,174.43,430.73,159.94,312.94,42.03,112.18,84.17,4657.36,-0.48167849075812025
2023-04-11,4,11,2023,3469.19,85.77,58.09,54.15,44.38,442.2,285.75,710.76,179.14,113.56,160.51,92.32,141.05,31.79,114.68,40.86,220.3,264.33,160.27,452.9,142.72,304.17,54.97,107.43,101.92,4364.02,-0.25793629060385864
2023-04-28,4,28,2023,2480.03,73.26,48.12,64.54,38.59,385.25,270.66,904.64,136.46,106.32,234.14,84.49,155.72,24.8,110.59,47.64,229.65,315.07,199.97,475.87,138.48,348.63,48.25,80.15,86.04,4607.329999999999,-0.857771881791752
2023-01-04,1,4,2023,3305.8,92.52,53.25,48.52,41.98,338.14,277.14,752.57,138.68,86.1,179.82,103.4,153.46,25.32,84.6,46.71,199.43,241.59,238.54,349.84,135.66,273.68,43.04,115.63,95.87,4115.49,-0.2449301228144472
2023-12-24,12,24,2023,2570.55,77.29,44.71,69.51,43.16,415.46,294.19,692.52,163.76,82.1,231.62,119.71,177.56,33.93,115.38,40.04,175.61,267.52,190.15,401.69,166.51,359.04,51.46,91.18,82.22,4386.320000000001,-0.7063741222695533
2023-01-15,1,15,2023,2870.67,77.1,57.19,57.52,41.25,323.16,243.25,842.84,122.32,100.33,198.48,105.65,144.91,34.58,97.97,57.7,178.74,261.85,170.45,350.88,136.41,355.42,44.71,80.84,90.05,4173.5999999999985,-0.45387662113722527
2023-02-16,2,16,2023,2769.53,79.53,54.53,48.28,33.29,451.18,312.41,754.1,167.75,91.63,229.82,110.28,179.8,31.73,83.56,42.99,180.43,278.22,227.55,385.83,125.4,311.68,56.52,115.7,110.65,4462.860000000001,-0.6114142110755255
2023-11-22,11,22,2023,2883.21,81.05,42.85,50.15,35.08,396.3,296.87,957.65,156.07,94.21,188.6,80.45,150.78,31.92,88.25,40.3,228.52,277.17,207.59,354.45,174.9,273.85,51.9,119.15,113.45,4491.509999999999,-0.5578157678420924
2023-12-19,12,19,2023,2608.84,83.38,59.01,66.58,42.33,400.38,359.27,789.97,150.07,108.43,226.85,80.01,165.03,31.7,85.88,57.63,205.23,250.6,230.23,328.15,169.5,260.39,55.14,92.09,81.04,4378.890000000001,-0.6784816240168048
2023-03-30,3,30,2023,3476.3,90.23,40.75,65.66,46.1,462.31,252.26,686.4,149.91,108.74,177.5,106.58,137.32,24.24,117.31,51.2,161.54,263.56,194.99,329.0,174.8,338.14,45.89,90.35,111.38,4226.16,-0.21570635445732522
2023-03-08,3,8,2023,2544.11,69.64,45.25,64.62,43.8,349.05,251.9,890.14,153.4,91.77,196.66,95.76,130.75,30.78,86.25,57.2,215.98,275.65,198.01,421.96,121.11,322.26,42.31,114.64,112.54,4381.430000000001,-0.722185754546777
2023-11-23,11,23,2023,3210.39,82.81,51.84,62.99,37.63,327.32,272.16,711.12,170.25,105.71,208.81,92.01,123.37,26.97,115.04,52.9,209.59,314.51,164.02,480.0,172.68,314.92,58.65,82.47,115.18,4352.95,-0.3558944551908024
2023-05-03,5,3,2023,3082.27,79.6,46.53,50.75,32.39,412.75,348.23,825.75,159.87,119.54,201.66,107.7,170.55,32.01,100.94,46.46,165.27,270.63,190.69,358.95,143.56,355.34,54.28,89.26,82.68,4445.39,-0.44224548790339596
2023-10-08,10,8,2023,3089.59,65.35,42.35,64.79,46.21,357.49,259.24,670.3,155.47,110.92,188.41,90.88,174.74,31.36,107.67,45.55,227.28,287.1,196.15,461.06,147.28,328.12,46.26,94.64,111.37,4309.990000000002,-0.39500386782712316
2023-09-06,9,6,2023,3164.72,93.93,58.64,57.49,42.53,407.78,275.37,796.81,176.03,119.25,205.81,111.24,123.46,33.73,105.2,51.2,215.58,283.55,195.56,406.56,175.93,309.42,57.13,83.62,104.91,4490.729999999999,-0.41899757324502607
2023-02-02,2,2,2023,2541.13,79.61,54.83,61.94,36.7,380.22,286.79,951.68,135.51,106.87,206.32,98.24,153.94,34.54,103.23,47.83,181.33,251.09,213.35,437.04,177.27,310.75,47.1,114.34,91.15,4561.67,-0.7951344480605085
2023-01-30,1,30,2023,3158.39,64.94,54.92,55.92,32.44,341.46,253.06,870.54,163.39,112.8,215.08,96.74,144.58,25.37,115.57,57.63,221.86,350.77,180.36,351.71,159.7,338.94,54.6,81.8,103.14,4447.320000000001,-0.40809716342820257
2023-02-16,2,16,2023,2919.84,79.6,56.61,61.4,35.48,349.85,258.96,645.82,133.51,114.33,186.95,104.57,148.54,30.79,113.49,47.42,185.69,260.79,207.08,441.54,144.49,257.0,58.27,81.11,83.22,4086.5099999999998,-0.39956641459806
2023-11-21,11,21,2023,2954.68,86.73,40.35,70.6,38.88,340.07,255.45,656.08,135.49,93.31,203.39,85.45,163.65,33.88,111.92,43.09,214.35,311.38,209.8,411.03,154.29,313.62,57.17,105.18,111.87,4247.030000000001,-0.43739085112431836
2023-03-03,3,3,2023,3255.93,83.78,50.43,68.46,38.16,349.06,349.8,959.1,167.82,103.04,220.44,108.21,158.76,29.4,82.25,53.09,189.42,359.2,163.1,447.1,172.07,261.47,46.84,108.16,117.71,4686.870000000001,-0.439487335415688
2023-01-13,1,13,2023,2667.85,82.9,59.06,56.32,38.0,363.21,297.0,658.94,155.94,107.58,199.33,99.02,156.55,34.66,109.07,55.34,169.91,311.98,174.97,413.76,151.77,285.15,58.4,117.46,99.68,4256.0,-0.5952920891354462
2023-08-28,8,28,2023,2708.99,75.1,45.99,67.08,46.0,420.09,266.15,857.64,176.0,84.92,162.89,87.08,121.69,26.14,82.65,44.02,206.02,355.11,171.65,328.64,146.63,300.12,41.37,94.39,98.32,4305.6900000000005,-0.5894078604941329
2023-01-30,1,30,2023,2816.55,74.06,43.42,69.15,41.67,439.81,315.57,645.91,142.32,81.42,164.3,119.6,147.45,30.15,115.72,57.81,202.2,325.05,202.19,388.61,167.91,351.41,55.49,87.93,85.14,4354.29,-0.545965809234702
2023-09-17,9,17,2023,2979.62,85.99,52.75,62.9,33.28,474.87,293.08,703.11,179.21,93.53,174.56,109.71,126.36,34.71,83.83,48.66,222.05,260.34,199.9,475.98,121.49,261.54,56.89,103.13,98.85,4356.720000000001,-0.4621730287754819
2023-08-20,8,20,2023,3401.5,72.61,41.34,55.0,44.56,431.2,247.58,705.89,150.77,112.76,220.36,87.14,156.61,31.31,107.15,54.45,163.24,295.62,181.23,418.28,168.62,253.88,55.13,80.55,102.34,4237.620000000001,-0.2458092018227255
2023-07-29,7,29,2023,2923.79,85.92,40.18,66.62,41.11,475.81,318.57,956.86,178.9,108.63,172.43,84.45,177.86,25.18,89.51,53.54,237.79,252.88,238.46,374.24,157.9,243.5,53.72,119.74,116.8,4670.6,-0.5974471490770542
2023-04-11,4,11,2023,3520.85,83.6,48.5,62.0,32.97,459.76,244.7,740.45,121.01,97.14,170.75,99.67,179.2,30.63,103.4,48.21,230.31,247.14,195.56,387.56,144.34,313.37,45.07,104.91,115.62,4305.87,-0.22296320490790575
2023-09-03,9,3,2023,3213.63,75.86,49.4,56.91,42.33,418.88,290.0,692.92,168.45,107.51,216.7,104.15,153.64,33.26,92.28,48.99,210.32,306.71,213.82,466.09,122.51,266.95,41.02,118.26,97.76,4394.720000000002,-0.3675251973624848
2023-07-21,7,21,2023,2446.88,69.75,50.39,55.52,32.97,408.88,358.52,857.12,166.66,83.22,238.09,100.65,169.69,31.45,99.75,55.55,235.27,269.71,195.83,470.13,175.16,269.89,41.58,117.19,84.81,4637.780000000001,-0.8953851435297197
2023-01-16,1,16,2023,3147.8,93.61,56.71,61.86,37.68,336.63,243.67,693.0,170.54,88.94,227.03,83.11,132.01,27.47,84.58,40.42,187.13,256.14,197.0,346.76,169.24,346.74,52.94,111.84,98.27,4143.32,-0.3162589745218881
2023-03-30,3,30,2023,2920.22,91.4,46.36,65.07,44.47,464.66,253.49,691.93,149.77,116.1,204.9,111.97,159.42,27.48,91.92,57.41,171.41,350.29,160.57,446.36,139.91,285.68,58.74,106.47,88.45,4384.23,-0.5013355158173014
2023-03-29,3,29,2023,2684.52,66.64,54.32,66.77,48.0,374.23,240.24,739.35,171.73,109.09,233.22,93.74,171.98,27.81,110.24,46.73,191.28,353.48,235.14,447.91,123.1,304.3,47.84,113.13,94.0,4464.2699999999995,-0.6629676813732062
2023-09-03,9,3,2023,3341.44,89.48,50.07,63.06,40.79,326.93,281.45,669.92,148.07,114.37,227.64,119.75,130.68,25.16,97.54,47.99,182.69,253.27,192.19,373.47,168.44,305.83,41.17,111.34,100.9,4162.2,-0.24563062631679747
2023-02-08,2,8,2023,3312.61,66.44,57.34,48.82,34.63,328.68,342.81,933.75,130.13,114.76,220.5,94.21,178.95,33.4,111.45,49.82,172.22,302.83,224.97,402.39,173.27,300.76,58.0,115.45,110.47,4606.049999999999,-0.39045948662836827
2023-07-29,7,29,2023,3084.45,80.19,54.06,52.01,47.66,410.01,266.02,851.46,163.98,108.25,204.96,83.66,148.2,27.21,112.29,42.12,223.01,278.01,197.63,410.82,142.47,343.5,41.22,90.63,111.94,4491.3099999999995,-0.45611373178362424
2023-06-25,6,25,2023,3145.4,82.99,43.28,50.87,32.39,367.71,274.86,934.54,164.64,96.5,216.04,112.55,162.17,27.43,111.2,43.99,161.05,247.48,178.48,443.47,174.82,351.82,42.02,104.13,114.24,4538.67,-0.44295479112354547
2023-12-05,12,5,2023,2844.95,89.72,56.19,64.87,37.8,355.21,284.42,804.04,148.02,103.3,185.26,80.12,169.18,35.85,91.21,41.98,201.56,317.12,166.99,368.87,167.25,313.42,43.39,104.7,107.4,4337.869999999999,-0.5247614193571062
2023-04-10,4,10,2023,2747.27,76.76,51.94,51.83,43.51,367.13,266.86,727.84,142.25,104.19,185.34,87.48,132.42,30.23,94.99,58.1,186.86,240.95,172.37,429.44,121.82,327.09,49.23,86.34,116.71,4151.679999999999,-0.5112020296512536
2023-12-17,12,17,2023,2948.37,81.24,43.16,57.52,33.27,401.14,345.6,744.84,121.49,81.66,170.22,102.77,138.36,34.35,111.93,42.3,233.12,339.22,217.45,442.28,121.03,334.0,43.92,109.68,111.86,4462.409999999999,-0.5135176385596106
2023-05-06,5,6,2023,2566.43,94.32,44.94,60.92,38.56,367.76,288.96,773.33,144.27,88.04,239.41,109.41,127.5,28.27,89.59,51.44,224.22,250.35,173.47,467.13,155.98,270.49,53.98,110.83,116.18,4369.349999999999,-0.7025011397154801
2023-01-17,1,17,2023,3493.26,77.42,41.1,66.21,38.61,462.86,276.38,874.61,135.44,110.05,212.95,95.23,156.99,27.63,105.93,54.31,161.12,293.16,209.23,421.93,177.08,265.05,57.28,89.17,96.39,4506.13,-0.2899497890222886
2023-11-17,11,17,2023,2507.57,74.83,52.65,61.33,33.64,361.16,321.18,737.78,175.79,90.47,220.69,116.05,144.04,30.38,102.37,43.03,201.39,244.62,165.25,369.26,135.4,315.56,57.17,99.41,81.83,4235.28,-0.6889977149192243
2023-11-28,11,28,2023,3498.26,74.84,49.87,63.41,37.22,329.9,353.94,946.39,126.58,89.73,200.91,108.64,174.34,29.32,94.29,55.28,193.07,320.93,227.25,473.29,129.52,280.18,52.21,80.99,116.44,4608.54,-0.3173806406613573
2023-06-16,6,16,2023,3503.22,86.63,59.3,59.61,43.32,365.63,300.44,936.47,176.49,84.95,235.74,97.82,170.33,30.45,102.72,44.03,210.51,351.9,230.34,461.09,134.1,282.92,52.82,113.14,100.44,4731.19,-0.3505260874281375
2023-04-21,4,21,2023,3243.25,86.09,56.79,50.15,32.37,413.7,274.14,828.4,172.64,82.8,165.23,90.19,123.68,34.32,81.09,42.34,191.07,251.81,216.79,442.26,172.96,279.96,48.32,83.07,96.57,4316.739999999999,-0.33099206043320706
2023-01-15,1,15,2023,2962.44,76.68,51.78,59.54,32.1,371.89,303.46,679.32,127.76,112.24,197.61,89.71,166.96,28.77,106.17,54.26,230.23,299.32,221.25,331.34,167.15,328.25,50.05,91.61,96.37,4273.820000000001,-0.44266888105750685
2023-12-05,12,5,2023,3228.03,89.67,55.95,49.77,40.01,477.45,284.58,852.01,144.91,95.15,198.77,97.54,159.61,24.03,116.01,46.02,231.03,349.25,193.87,439.84,142.84,347.54,41.73,94.31,91.54,4663.430000000001,-0.4446674906986617
2023-11-23,11,23,2023,3575.06,74.13,55.35,51.33,47.38,476.73,332.22,771.7,176.65,111.53,205.61,115.96,144.67,29.13,111.45,56.32,164.07,296.08,173.98,448.92,127.15,338.61,40.24,84.57,89.75,4523.530000000001,-0.26530184108798194
2023-10-30,10,30,2023,3438.53,84.56,45.42,49.0,46.62,474.29,338.52,653.65,153.1,92.2,160.22,82.81,126.05,28.44,99.39,52.75,198.49,248.35,177.79,468.95,159.5,300.93,52.25,80.81,87.23,4261.32,-0.2392853923042694
2023-05-09,5,9,2023,3590.67,76.06,53.68,64.93,36.63,356.97,258.25,678.18,131.81,81.76,223.13,111.77,127.7,30.84,105.56,52.99,181.71,269.59,196.08,357.29,131.9,307.2,59.29,90.08,86.41,4069.809999999999,-0.13344027716275764
2023-08-28,8,28,2023,3062.47,68.19,42.23,57.36,42.39,451.99,358.21,905.96,162.17,89.29,189.59,83.41,159.42,27.45,102.68,40.96,190.83,247.43,216.34,389.54,135.98,250.82,45.45,91.57,109.51,4458.7699999999995,-0.455939160220345
2023-11-25,11,25,2023,3382.88,81.98,45.25,55.85,41.48,374.55,322.33,907.7,155.77,113.45,161.99,113.69,133.92,29.07,103.37,52.72,192.41,292.1,234.39,475.26,174.06,248.45,56.74,104.28,105.26,4576.07,-0.3527142553090856
2023-02-16,2,16,2023,3298.98,83.68,52.48,59.99,47.46,461.96,328.31,714.68,152.01,104.98,216.02,112.97,133.78,27.14,84.65,48.54,215.77,323.55,238.55,381.43,125.49,318.49,44.33,86.0,110.6,4472.860000000001,-0.3558311963091624
2023-03-26,3,26,2023,2898.31,83.67,43.94,66.32,40.17,356.71,272.94,920.08,175.5,95.46,163.79,86.01,121.99,34.96,101.87,42.83,185.34,285.61,214.22,429.05,124.58,263.13,50.11,94.97,94.18,4347.43,-0.4999879239970881
2023-07-25,7,25,2023,3092.17,92.05,52.26,68.0,45.89,394.49,249.27,809.92,128.26,104.44,210.79,101.35,173.92,29.96,95.69,41.98,189.0,282.9,201.51,321.29,159.44,315.62,42.11,100.82,82.1,4293.06,-0.3883648052985445
2023-02-11,2,11,2023,3576.46,77.23,41.37,52.43,33.01,352.35,293.47,832.97,134.38,92.39,195.66,114.1,168.58,31.12,112.86,47.64,181.6,337.35,217.49,340.78,174.04,312.2,46.34,110.64,112.64,4412.64,-0.23380102112144419
2023-02-22,2,22,2023,2713.2,65.18,52.77,67.23,36.01,383.34,344.85,932.37,143.97,115.84,186.08,112.18,126.4,26.86,81.75,54.2,211.76,242.76,162.25,371.28,125.37,332.66,43.41,104.39,91.8,4414.71,-0.627122954444936
2023-07-10,7,10,2023,2752.56,89.36,48.72,50.11,33.75,355.18,307.74,661.59,177.4,118.8,238.27,112.99,161.67,29.68,100.34,49.46,166.84,294.25,208.77,416.24,149.35,334.66,41.72,113.02,108.14,4368.050000000001,-0.5869045543058103
2023-10-03,10,3,2023,3411.78,90.0,44.68,49.33,37.82,474.42,314.48,897.18,147.03,95.88,179.35,93.71,162.39,24.05,116.34,58.23,233.62,293.24,194.74,425.4,147.42,319.97,40.68,112.52,101.36,4653.84,-0.36405043701528234
2023-10-10,10,10,2023,2813.25,87.22,57.06,64.58,39.25,424.05,272.5,815.18,155.79,89.89,216.35,84.61,153.8,30.86,102.03,47.25,162.7,256.6,185.93,383.46,135.24,329.0,47.73,105.29,95.85,4342.22,-0.5434888474184663
2023-04-17,4,17,2023,3493.53,92.09,40.22,60.26,41.77,471.6,336.39,662.12,149.97,87.14,234.69,80.13,166.34,32.44,116.22,48.26,172.2,304.41,174.12,442.87,139.72,281.48,50.18,92.79,87.62,4365.03,-0.24946114674841766
2023-03-08,3,8,2023,2634.94,81.9,50.38,54.37,47.86,411.47,251.2,727.23,136.57,97.25,220.52,119.15,122.65,34.29,87.49,46.74,218.72,316.24,206.81,349.88,131.53,250.48,44.84,106.76,104.51,4218.84,-0.6011142568711242
2023-03-25,3,25,2023,3391.06,66.82,52.86,48.81,47.92,443.84,332.82,846.22,171.85,106.56,177.76,114.45,122.17,27.3,101.15,46.87,238.17,295.01,173.77,327.22,175.35,359.3,53.18,93.37,118.95,4541.719999999999,-0.33932162804550775
2023-06-12,6,12,2023,3456.33,77.66,57.03,58.93,43.84,390.22,248.75,785.46,128.27,97.57,212.73,102.28,162.9,29.82,96.71,46.6,211.34,312.75,199.11,344.28,145.18,284.16,49.53,116.65,81.42,4283.1900000000005,-0.23923062901979864
2023-01-09,1,9,2023,3463.6,86.16,41.9,51.28,32.17,444.58,301.33,919.73,178.55,88.75,217.0,114.61,139.75,24.78,110.8,52.76,182.37,318.02,225.59,376.52,163.47,284.42,56.77,85.9,115.36,4612.57,-0.33172710474650646
2023-05-11,5,11,2023,2922.34,85.76,57.02,71.08,47.87,350.35,330.92,957.72,153.05,97.82,173.65,82.97,131.79,26.22,99.78,43.73,222.6,276.13,203.78,321.5,121.49,272.81,44.34,91.55,95.73,4359.66,-0.49183873197506095
2023-04-05,4,5,2023,3384.49,80.0,54.5,67.23,45.5,400.04,299.22,794.92,136.56,89.69,180.99,97.93,160.98,27.19,116.8,55.85,181.07,268.76,225.9,479.16,174.58,257.49,51.05,86.02,107.15,4438.58,-0.311447219521996
2023-10-20,10,20,2023,3124.92,89.53,45.77,51.91,44.63,399.39,309.28,756.64,155.72,99.69,221.87,115.86,164.84,33.18,110.44,45.01,168.51,268.54,161.97,401.03,165.85,335.31,48.77,82.12,85.87,4361.7300000000005,-0.3957893322069046
2023-06-21,6,21,2023,3321.15,84.73,47.89,53.11,33.73,349.41,342.14,878.23,168.16,91.06,221.01,95.47,137.24,27.87,114.44,57.65,190.67,319.69,186.72,431.68,120.68,319.71,49.88,105.88,91.19,4518.24,-0.36044442437107616
2023-06-10,6,10,2023,2495.41,92.9,54.61,61.96,33.79,440.54,295.24,712.24,162.4,113.45,225.97,112.21,166.07,27.71,104.99,41.49,204.54,322.6,173.27,371.25,136.64,316.46,44.46,117.38,94.73,4426.899999999999,-0.7740170953871304
2023-06-29,6,29,2023,2726.07,73.47,46.61,59.08,36.34,339.55,319.93,695.4,129.42,103.85,165.38,101.79,142.37,35.71,103.9,58.76,201.19,248.97,216.21,376.26,169.76,323.6,52.15,92.4,82.46,4174.56,-0.531347324169959
2023-09-26,9,26,2023,2929.46,83.37,42.35,56.91,36.46,440.82,243.59,736.7,150.27,119.05,234.99,118.56,122.63,31.97,114.6,43.1,225.52,327.41,171.53,360.79,120.93,335.48,55.55,89.5,85.25,4347.33,-0.4840038778477944
2023-09-13,9,13,2023,2722.85,83.27,59.56,55.1,37.14,346.28,334.78,758.6,124.64,96.24,226.8,91.93,156.97,32.88,85.59,52.03,224.27,327.17,234.68,454.46,162.1,244.14,44.13,83.8,82.3,4398.860000000001,-0.6155351929044938
2023-03-13,3,13,2023,3399.01,91.44,54.97,59.86,41.98,422.34,328.39,861.09,130.98,102.86,200.52,95.62,151.16,28.35,112.31,46.83,192.86,243.62,161.39,474.1,167.39,296.42,51.92,115.98,98.86,4531.239999999998,-0.333105816105277
2023-12-31,12,31,2023,2636.15,83.84,43.26,61.65,47.78,405.26,332.47,942.37,159.87,104.87,163.27,91.22,179.32,27.02,109.04,58.39,206.44,249.73,226.93,413.64,131.71,302.68,47.31,115.96,82.02,4586.05,-0.7396771807370597
2023-07-17,7,17,2023,3376.36,68.38,56.41,69.7,36.02,341.72,242.84,880.32,136.54,108.24,167.45,108.71,165.04,30.04,104.58,43.08,196.05,269.92,224.05,385.79,176.71,326.67,50.83,81.36,80.89,4351.34,-0.2887666007179329
2023-05-03,5,3,2023,3533.0,73.68,55.96,53.47,43.61,439.31,273.18,956.96,164.49,94.86,217.72,84.43,123.15,33.94,119.8,42.58,200.78,317.36,172.22,338.13,126.16,246.15,41.76,118.21,100.4,4438.3099999999995,-0.25624398528163017
2023-09-17,9,17,2023,3490.03,86.03,45.84,63.72,32.0,422.82,277.6,838.97,177.0,81.25,168.41,101.68,139.51,25.96,83.4,42.79,222.16,256.31,163.22,434.61,176.59,255.51,51.28,110.7,103.22,4360.58,-0.24943911656919845
2023-07-27,7,27,2023,3514.95,72.04,43.65,50.63,45.85,464.6,333.45,893.64,120.66,100.62,236.04,119.19,170.01,25.76,116.83,40.78,160.69,328.42,189.16,462.71,177.27,253.46,53.28,102.16,105.73,4666.63,-0.32765188694007036
2023-11-12,11,12,2023,2654.37,87.91,49.85,70.82,36.54,367.84,300.68,829.1,147.24,86.2,215.95,106.69,154.8,24.85,96.21,55.55,218.5,289.27,213.33,382.28,143.58,315.29,43.68,97.21,106.67,4440.04,-0.6727283686901224
2023-02-11,2,11,2023,3015.5,68.34,59.3,60.08,42.26,443.95,285.86,863.37,128.97,94.82,211.07,100.25,139.12,28.73,115.52,58.73,194.09,281.2,222.67,367.42,150.61,275.19,43.46,81.22,93.84,4410.070000000001,-0.46246725252860243
2023-05-17,5,17,2023,3342.52,77.22,50.71,66.54,33.92,362.44,253.71,869.75,138.48,87.13,178.99,100.7,171.95,25.89,81.98,46.52,183.91,241.02,198.77,367.33,175.81,348.7,55.29,90.0,86.23,4292.989999999999,-0.28435731125019414
2023-01-04,1,4,2023,3549.97,87.65,50.57,63.14,32.47,439.5,313.15,644.9,135.65,85.99,234.66,114.1,146.17,32.14,89.79,52.99,193.27,263.25,210.02,403.46,127.94,304.56,53.68,85.86,119.55,4284.46,-0.20690034000287333
2023-09-20,9,20,2023,2408.58,86.29,41.91,51.59,33.76,438.71,260.21,794.45,156.29,100.51,189.48,102.79,144.26,31.58,83.09,41.76,233.89,344.83,204.1,322.71,130.04,253.5,41.09,118.93,118.55,4324.320000000001,-0.7953815110978256
2023-04-19,4,19,2023,3125.52,89.73,41.09,55.48,43.47,380.25,319.98,646.93,164.84,92.06,174.88,117.52,165.48,24.66,98.69,57.91,182.07,252.06,196.95,427.11,141.04,241.59,42.44,81.81,101.86,4139.9,-0.32454759528014526
2023-06-23,6,23,2023,3100.55,65.81,48.6,48.03,40.18,351.52,316.19,905.45,125.44,94.96,175.3,103.65,169.55,35.79,83.6,52.98,169.41,340.42,221.39,342.85,136.3,359.4,52.12,89.22,83.31,4411.47,-0.42280240602473756
2023-06-26,6,26,2023,2918.87,66.24,48.64,52.75,33.85,378.1,349.95,847.25,168.01,105.08,232.0,116.24,161.0,32.81,98.34,41.21,203.72,281.09,187.36,382.87,135.7,329.91,48.66,94.92,84.45,4480.15,-0.5348919273554491
2023-08-07,8,7,2023,2719.1,84.72,53.96,58.82,41.18,473.58,246.45,725.54,162.8,107.73,237.41,91.17,160.35,31.38,112.13,48.57,218.62,324.64,197.97,461.45,165.36,342.61,45.18,92.76,88.76,4573.14,-0.6818579677099041
2023-02-12,2,12,2023,2971.39,64.75,42.59,59.11,39.76,347.63,352.51,841.41,163.62,107.28,213.35,102.5,174.06,29.9,86.17,55.57,200.67,258.54,191.05,321.46,171.51,264.54,54.85,117.31,94.92,4355.060000000001,-0.4656642177566733
2023-05-26,5,26,2023,3015.73,87.91,44.61,58.11,37.09,418.83,298.85,815.98,132.62,85.88,177.23,93.13,120.32,24.85,93.46,46.97,172.49,348.38,223.22,458.73,170.47,352.55,46.77,108.29,106.49,4523.23,-0.4998789679447429
2023-02-10,2,10,2023,3554.24,75.43,41.87,65.49,37.36,424.79,355.58,821.43,167.21,86.56,235.46,81.98,153.47,25.34,107.77,48.88,231.07,312.01,186.67,326.66,122.96,303.29,56.71,104.48,84.06,4456.53,-0.2538629918069686
2023-04-24,4,24,2023,2554.25,65.01,47.99,61.5,32.47,356.28,273.11,946.34,171.69,119.62,192.16,112.93,147.03,33.49,100.09,58.51,208.29,323.36,227.02,446.75,145.78,285.32,40.04,103.16,81.92,4579.860000000001,-0.793035137515905
2023-04-21,4,21,2023,2495.17,88.41,48.85,65.55,42.2,436.74,300.56,901.18,136.24,114.29,160.17,99.75,154.51,24.97,104.18,45.05,173.65,279.64,215.39,425.65,123.61,298.28,44.21,106.7,119.37,4509.15,-0.8071514165367488
2023-06-08,6,8,2023,3424.06,82.48,51.34,60.71,32.54,371.68,245.6,735.14,174.23,88.77,167.87,115.94,157.58,29.15,81.11,46.9,168.41,322.32,164.58,370.16,176.7,263.7,55.21,118.41,107.29,4187.82,-0.2230568389572612
2023-03-27,3,27,2023,3293.28,77.66,53.39,70.28,39.66,379.6,271.78,670.69,158.13,87.17,223.43,92.4,138.32,24.98,111.25,46.68,209.62,253.74,209.24,453.04,139.34,334.71,46.77,109.3,119.22,4320.4,-0.3118835932565708
2023-11-13,11,13,2023,3565.35,94.0,44.84,48.37,47.45,339.03,261.43,790.28,156.43,91.92,190.25,116.53,171.05,24.79,92.82,56.9,195.94,290.4,205.36,340.29,132.4,332.91,42.36,99.46,83.38,4248.590000000001,-0.19163335997868405
2023-07-13,7,13,2023,3511.49,95.28,44.19,48.78,47.14,444.56,246.8,753.65,164.22,113.72,182.02,112.94,171.95,25.75,97.71,54.22,196.19,314.43,233.68,340.0,150.7,272.91,58.57,80.32,118.6,4368.329999999999,-0.24401037736117695
2023-03-14,3,14,2023,3264.65,71.2,45.07,71.67,32.66,372.92,249.79,937.34,168.1,91.76,222.77,103.95,156.33,28.88,95.67,42.79,179.93,267.44,176.76,339.64,129.47,289.87,43.63,115.23,105.28,4338.149999999999,-0.3288254483635301
2023-05-21,5,21,2023,2499.37,92.06,53.77,48.33,37.32,336.17,350.48,887.46,164.79,98.73,233.12,86.07,124.13,25.48,110.49,55.24,207.07,351.58,182.31,452.52,125.23,345.31,47.92,101.9,105.03,4622.509999999999,-0.8494700664567469
2023-09-15,9,15,2023,2623.92,79.12,53.19,68.55,43.64,456.21,357.29,799.55,148.35,90.63,210.31,111.94,136.5,32.12,115.33,58.25,228.19,249.65,185.44,441.25,131.56,290.13,53.59,99.48,119.95,4560.219999999999,-0.7379417055398028
2023-09-16,9,16,2023,2525.57,86.96,48.16,54.06,33.65,457.9,257.49,875.53,130.82,86.08,205.15,96.73,133.36,27.56,99.91,57.36,211.62,297.49,204.96,479.65,170.79,356.8,48.5,119.59,98.45,4638.57,-0.8366428172650132
2023-06-23,6,23,2023,3284.95,64.74,59.27,70.23,37.29,436.66,284.11,957.0,142.4,104.58,169.61,90.44,129.11,35.23,89.24,42.75,203.77,247.17,195.02,400.44,179.58,359.25,44.97,93.03,89.2,4525.09,-0.37752172788018096
2023-05-22,5,22,2023,3271.32,68.8,44.46,63.46,43.37,387.04,304.22,861.92,159.58,99.91,173.13,102.72,153.67,31.06,95.52,52.21,222.91,359.92,229.5,415.64,149.66,305.61,52.39,118.51,89.79,4585.0,-0.4015748994289766
2023-05-14,5,14,2023,2686.44,87.58,40.87,69.19,33.59,360.98,241.68,730.36,124.42,98.15,161.84,84.34,124.46,33.11,112.73,51.7,205.31,327.78,164.33,359.97,175.78,286.22,58.47,97.25,80.55,4110.66,-0.5301514271675525
2023-08-02,8,2,2023,3066.71,91.75,44.56,54.81,43.24,381.08,340.87,914.65,154.2,90.01,189.19,85.52,179.8,27.94,99.36,42.93,203.02,279.77,217.4,372.04,136.86,273.77,51.95,100.4,119.62,4494.74,-0.4656553766088087
2023-10-27,10,27,2023,2962.91,83.17,40.08,58.59,32.07,320.11,287.67,773.51,163.15,113.71,221.6,107.74,160.9,25.6,116.93,54.69,226.52,334.48,224.72,397.62,131.73,345.72,46.61,80.15,90.71,4437.779999999999,-0.49777752277321924
2023-01-14,1,14,2023,3545.49,95.32,59.72,62.87,33.27,441.75,294.07,956.87,120.83,97.29,178.29,91.87,150.6,25.28,106.2,57.3,222.94,250.48,169.79,437.19,172.73,250.34,46.26,101.36,96.04,4518.66,-0.27448110134283277
2023-04-10,4,10,2023,3027.66,71.42,53.78,69.64,32.03,477.6,313.6,805.58,139.17,114.02,178.98,99.01,122.83,28.87,111.92,51.69,171.97,300.69,225.18,436.74,140.49,256.44,49.37,114.7,101.77,4467.49,-0.47555868228268694
2023-08-30,8,30,2023,2817.23,85.1,48.12,53.99,46.8,428.75,350.54,890.77,155.53,109.36,171.0,92.16,126.01,29.52,110.58,52.07,236.29,254.29,202.06,433.77,171.93,279.95,51.14,86.84,109.87,4576.4400000000005,-0.624446708291478
2023-04-22,4,22,2023,3504.12,88.91,53.86,55.05,47.71,450.55,353.99,653.56,161.8,114.67,189.21,111.14,178.42,33.75,90.82,52.16,182.04,315.85,216.34,441.97,162.63,253.52,40.21,80.27,104.62,4433.050000000001,-0.2650965149595337
2023-10-01,10,1,2023,3510.04,90.06,43.35,61.71,32.28,462.53,334.26,783.88,132.02,87.7,170.14,95.04,161.52,29.11,103.55,55.34,214.85,326.34,200.72,423.92,132.02,296.68,40.09,103.18,99.81,4480.100000000001,-0.27636722088637206
2023-04-24,4,24,2023,3247.15,88.8,43.71,66.95,37.27,364.76,358.27,654.62,141.04,91.78,210.21,99.78,149.71,24.72,117.94,50.66,198.84,327.74,193.22,324.77,147.2,331.31,51.68,114.83,94.39,4284.2,-0.31937237269605645
2023-05-19,5,19,2023,3476.11,79.24,51.21,68.41,37.8,429.84,252.58,921.47,157.73,86.65,238.07,81.97,151.22,30.66,106.79,54.64,220.38,293.01,220.91,461.31,122.27,277.3,56.2,81.85,101.04,4582.55,-0.31829832772840905
2023-01-18,1,18,2023,2705.9,73.31,41.63,57.77,32.37,432.29,354.19,899.25,148.76,116.57,211.37,99.88,135.4,26.3,119.62,54.84,188.64,243.64,163.11,443.14,167.48,272.02,44.35,93.44,97.13,4516.5,-0.6691304187146605
2023-01-01,1,1,2023,3376.85,79.65,45.58,67.67,37.52,434.33,262.42,707.66,171.6,80.34,239.43,107.97,135.03,33.32,97.74,51.7,194.16,322.52,177.5,468.8,171.9,255.58,54.05,94.43,114.78,4405.68,-0.30467151339265897
2023-02-10,2,10,2023,3292.88,78.45,40.7,60.2,37.73,362.86,328.25,676.08,150.65,97.29,208.3,106.44,157.84,24.17,107.15,45.01,216.25,284.53,184.58,342.23,145.52,265.69,55.18,92.1,101.54,4168.740000000001,-0.2659860061708901
2023-05-27,5,27,2023,3398.1,82.78,54.76,54.6,32.67,411.28,275.61,844.74,146.13,96.44,216.79,99.72,160.34,27.99,107.44,41.95,236.17,308.53,169.43,440.05,172.43,320.76,56.48,97.47,94.43,4548.99,-0.3386863247108678
2023-12-21,12,21,2023,2461.17,67.96,40.38,60.07,46.07,425.43,301.01,809.94,129.58,107.76,217.92,92.42,121.87,29.0,93.5,57.51,232.25,248.8,166.42,339.95,127.25,301.12,42.86,117.4,118.57,4295.04,-0.7451212228330427
2023-03-03,3,3,2023,2932.54,71.41,54.45,52.9,46.22,423.61,330.59,956.05,122.27,81.83,168.39,93.36,172.75,27.59,80.17,52.77,236.78,270.32,188.37,354.86,135.25,293.26,47.35,115.52,88.06,4464.130000000002,-0.5222742059784358
2023-12-10,12,10,2023,2720.01,94.9,41.2,52.2,38.21,375.73,336.71,696.21,120.29,90.87,200.78,91.38,158.45,24.96,109.18,41.12,202.1,257.86,177.4,400.29,165.84,263.2,49.39,85.02,84.15,4157.44,-0.5284649688787906
2023-09-19,9,19,2023,2645.32,93.45,41.4,71.33,37.49,333.66,297.78,849.22,122.0,118.63,211.37,86.62,179.55,24.22,100.01,56.51,223.12,337.64,167.85,343.75,166.0,349.2,42.5,110.47,109.44,4473.21,-0.6909901259582961
2023-03-13,3,13,2023,2796.28,94.87,56.98,62.08,42.32,357.99,247.67,921.4,135.34,105.79,182.03,119.47,157.71,34.24,118.53,51.17,221.23,346.14,166.6,385.52,153.29,298.55,55.33,91.04,114.89,4520.179999999999,-0.6164976325689842
2023-02-10,2,10,2023,3369.75,75.63,48.38,58.05,37.41,351.87,256.3,667.47,125.92,107.64,214.34,118.64,169.9,27.01,100.91,53.19,163.78,359.6,229.57,415.94,123.0,246.42,49.29,89.39,103.11,4192.76,-0.24423473551450411
2023-05-02,5,2,2023,3142.41,93.7,43.55,60.64,33.93,473.12,240.76,677.6,179.33,117.18,175.67,107.44,151.56,34.51,98.31,54.07,168.72,268.32,230.5,346.07,146.86,250.86,49.06,83.71,94.2,4179.670000000001,-0.3300842347115753
2023-07-24,7,24,2023,2767.47,83.01,49.1,59.94,34.09,354.72,241.52,793.46,174.14,113.22,206.26,118.49,147.23,33.99,98.1,56.68,202.35,271.71,182.23,395.82,163.23,358.79,48.13,98.65,118.23,4403.089999999999,-0.591016343447264
2023-12-13,12,13,2023,2657.74,87.95,42.41,53.01,33.61,417.57,260.67,833.56,132.58,87.1,178.2,91.99,149.53,31.99,81.44,55.76,163.95,243.63,221.27,390.01,141.65,285.06,48.09,95.38,107.87,4234.28,-0.5931881974911015
2023-08-09,8,9,2023,3020.84,85.26,55.87,48.85,42.09,461.7,341.75,831.47,166.54,90.53,214.02,104.78,178.67,28.32,115.43,49.84,170.22,289.07,191.71,329.38,144.94,322.19,54.99,97.71,85.19,4500.5199999999995,-0.48982402245732953
2023-04-15,4,15,2023,2972.48,82.56,41.88,54.47,34.56,424.03,301.91,951.66,169.53,115.8,167.47,107.38,145.72,27.47,95.52,57.91,238.88,244.78,168.68,352.67,173.23,299.37,43.43,95.63,85.51,4480.050000000001,-0.5071758262460979
2023-03-17,3,17,2023,3006.37,75.14,58.52,56.59,44.74,432.74,359.7,686.89,174.1,101.18,226.05,92.09,152.52,33.7,108.6,58.39,171.16,279.23,192.36,413.15,153.24,301.52,43.85,118.65,86.19,4420.3,-0.470311372186391
2023-02-22,2,22,2023,3310.23,81.15,48.42,55.13,39.43,407.41,356.24,743.25,142.16,83.66,202.73,102.58,159.21,26.76,112.92,45.61,176.24,281.56,176.59,460.71,164.43,260.31,45.86,114.78,83.08,4370.22,-0.32021642000706907
2023-02-10,2,10,2023,2469.61,87.08,46.94,65.2,43.78,439.23,273.75,694.72,177.01,89.85,182.08,89.84,138.37,28.97,116.41,50.16,218.71,312.35,176.99,370.8,156.91,289.49,54.34,94.29,110.21,4307.48,-0.744194427460206
2023-01-04,1,4,2023,2671.2,76.93,42.45,59.83,41.21,419.62,336.96,723.47,148.71,113.93,191.61,105.04,159.87,29.61,80.16,48.98,238.08,271.87,167.71,320.41,131.41,284.14,50.24,95.22,87.78,4225.239999999999,-0.5817759808325843
2023-01-16,1,16,2023,2612.04,77.19,51.31,60.44,32.44,330.46,348.59,956.37,162.31,96.7,197.03,117.04,148.44,30.64,88.6,49.42,199.26,265.64,237.77,445.23,167.83,315.96,49.65,106.62,83.53,4618.469999999998,-0.7681467358845954
2023-04-22,4,22,2023,2574.94,82.75,41.85,59.74,42.04,445.15,269.47,760.01,130.73,110.73,172.86,101.59,144.0,24.45,84.06,42.22,172.14,276.02,238.89,384.67,137.07,272.53,52.93,104.74,96.34,4246.98,-0.649351052840066
2023-09-24,9,24,2023,3045.09,72.19,52.0,51.18,42.13,391.57,315.43,907.68,162.38,107.31,197.65,90.53,142.49,33.73,111.15,41.93,183.92,284.88,184.71,402.77,164.73,242.96,47.59,119.74,117.66,4468.3099999999995,-0.467381916462239
2023-06-05,6,5,2023,2987.11,80.46,54.74,66.82,41.99,398.1,301.66,706.96,137.07,104.63,202.36,95.3,137.65,25.85,94.68,59.92,218.25,277.92,217.47,457.22,142.1,286.9,56.98,119.5,110.16,4394.69,-0.4712180000066952
2023-04-08,4,8,2023,2641.89,95.66,54.72,55.68,38.71,442.07,254.71,712.81,157.77,116.97,193.3,119.13,133.54,32.62,105.29,51.89,232.83,281.1,179.1,450.54,131.57,279.41,40.73,109.84,114.44,4384.429999999999,-0.6595808303903643
2023-08-27,8,27,2023,2503.9,66.8,43.16,56.76,45.43,433.66,305.95,763.07,126.79,99.56,227.95,81.54,150.34,35.1,100.28,43.88,173.98,310.28,166.35,454.87,169.94,333.34,57.64,87.15,105.67,4439.49,-0.7730300730859857
2023-08-24,8,24,2023,3126.97,86.95,41.23,63.53,40.02,398.72,273.56,757.43,156.6,115.63,190.76,108.36,152.93,35.72,109.87,56.82,206.68,346.24,213.76,407.61,151.45,261.69,55.22,92.7,93.3,4416.780000000001,-0.41247917312925964
2023-01-08,1,8,2023,3496.6,84.04,48.63,53.68,32.71,471.57,339.86,706.41,155.64,103.49,185.89,116.87,170.6,24.87,114.8,54.37,174.14,356.61,225.92,399.09,158.54,345.55,46.2,85.72,108.56,4563.76,-0.30519933649831277
2023-03-16,3,16,2023,3206.37,91.48,56.8,64.71,45.75,322.63,293.64,906.33,122.35,119.12,210.12,96.76,133.31,25.18,109.62,52.63,197.81,324.11,199.81,381.05,136.67,314.48,53.26,85.85,103.06,4446.530000000002,-0.38678006593125613
2023-04-11,4,11,2023,2625.72,85.3,49.99,55.42,46.27,343.83,312.56,668.52,161.86,92.42,221.07,102.44,123.17,30.77,90.82,48.15,176.13,295.32,166.19,426.05,145.93,331.51,59.96,108.48,109.53,4251.69,-0.6192472921712902
2023-11-07,11,7,2023,2608.1,81.99,43.62,62.13,35.93,345.9,337.42,831.97,125.71,104.03,166.29,115.49,142.04,27.5,83.59,44.33,201.16,284.29,165.4,423.77,121.85,249.63,58.51,93.31,105.16,4251.02,-0.6299298339787587
2023-11-03,11,3,2023,3288.43,67.45,55.96,67.32,44.64,367.88,335.14,870.84,128.24,103.02,181.72,117.57,164.19,25.48,115.76,57.25,225.97,285.21,205.0,390.58,168.86,295.2,48.71,107.05,84.84,4513.880000000001,-0.37265503598981925
2023-10-16,10,16,2023,2486.78,66.98,43.45,62.56,42.37,434.11,240.6,879.48,124.31,99.15,236.73,92.23,126.74,35.52,114.71,56.82,188.25,258.21,204.52,427.8,131.88,306.44,48.89,93.98,104.67,4420.400000000001,-0.7775597358833513
2023-12-25,12,25,2023,2824.77,69.78,49.37,58.57,47.54,426.57,306.37,954.12,130.08,105.53,229.51,109.76,147.17,26.44,108.25,42.97,185.28,291.83,202.12,392.26,171.79,247.31,46.29,112.15,111.05,4572.11,-0.6185777957143412
2023-07-02,7,2,2023,3387.23,83.56,46.56,59.25,42.86,442.19,257.5,714.21,161.46,117.35,232.73,82.13,126.82,25.96,99.38,41.75,207.55,349.28,228.66,340.82,161.77,293.11,43.04,85.29,85.68,4328.910000000001,-0.2780088745080791
2023-05-31,5,31,2023,2708.34,89.76,52.44,49.37,39.02,347.89,257.41,873.68,121.84,111.22,177.12,80.48,120.23,35.84,119.0,44.5,171.78,342.38,211.17,363.8,172.97,273.37,58.19,84.06,106.49,4304.01,-0.58916901127628
2023-08-18,8,18,2023,3444.21,84.24,50.78,49.34,37.4,447.42,303.43,654.53,148.09,87.19,186.33,86.14,154.46,34.18,92.25,44.6,236.04,324.25,201.52,345.88,131.95,340.29,55.86,85.61,83.51,4265.289999999999,-0.23839429070817372
2023-04-16,4,16,2023,3488.5,69.36,57.41,52.39,44.54,358.95,333.83,667.02,144.92,84.32,235.75,112.41,130.31,31.67,94.04,47.73,206.89,245.1,201.7,340.3,125.31,247.67,53.12,111.03,118.79,4114.5599999999995,-0.17946395298839027
2023-09-06,9,6,2023,3161.35,65.97,41.09,67.72,34.68,361.89,314.33,642.95,170.96,82.12,219.91,89.16,159.87,33.53,104.67,59.8,217.56,284.27,189.45,381.08,133.53,281.69,54.48,111.41,105.68,4207.800000000001,-0.3310136492321322
2023-05-01,5,1,2023,2947.13,65.39,44.45,65.14,37.42,390.64,318.64,773.18,166.14,88.59,225.11,114.38,121.62,26.33,103.11,52.55,208.41,334.05,195.06,457.49,128.2,329.92,57.59,110.73,81.8,4495.94,-0.5255316188970285
2023-09-27,9,27,2023,2518.78,74.26,46.61,68.82,38.95,473.73,261.31,943.83,144.48,85.28,172.61,111.73,177.18,30.33,96.72,54.7,197.99,263.2,178.27,333.57,126.54,311.96,54.01,108.19,110.36,4464.629999999999,-0.7725367042774672
2023-07-25,7,25,2023,3472.38,95.88,43.62,68.35,47.91,447.47,248.58,706.01,151.15,117.42,201.51,100.56,151.54,33.94,99.98,49.4,165.89,243.63,206.51,327.16,155.13,354.15,53.06,110.25,80.42,4259.52,-0.22668601938727914
2023-08-20,8,20,2023,3152.68,95.8,47.28,59.55,33.38,416.61,291.58,921.0,153.23,102.51,215.65,116.07,179.66,24.83,101.75,43.02,162.14,251.02,232.25,357.67,176.74,291.84,55.89,117.97,81.62,4529.06,-0.43657459685093336
2023-10-05,10,5,2023,2617.05,79.29,44.4,58.93,41.77,446.24,333.4,938.99,173.92,110.87,176.34,108.14,173.24,34.46,108.84,48.12,197.8,317.03,186.92,384.7,140.38,346.26,54.01,106.2,94.61,4704.86,-0.7977723008731202
2023-06-01,6,1,2023,3452.64,71.36,50.75,59.23,45.9,473.55,262.77,881.52,165.51,85.88,177.26,119.2,156.82,35.11,84.36,51.45,193.71,333.64,228.78,400.27,162.88,262.37,42.26,114.46,89.53,4548.57,-0.31741797580981507
2023-07-06,7,6,2023,3124.79,73.02,50.79,65.97,32.54,399.42,345.39,851.09,131.98,91.26,200.99,83.25,130.39,35.5,103.58,47.29,183.12,354.18,164.85,477.77,121.71,346.12,58.15,116.0,84.0,4548.359999999999,-0.45557301450657445
2023-02-18,2,18,2023,3549.7,82.02,57.92,63.17,36.64,439.76,263.91,694.3,146.75,113.21,223.54,93.63,154.55,32.43,111.79,54.98,163.74,264.12,223.98,345.45,124.34,258.18,44.16,104.31,106.96,4203.84,-0.18428036172070889
2023-01-22,1,22,2023,2892.28,87.8,57.03,54.27,32.63,329.1,278.23,744.54,132.28,88.78,169.94,89.46,120.08,31.3,92.26,51.39,218.74,324.05,165.39,458.69,131.29,246.01,55.92,92.39,86.79,4138.360000000001,-0.43082965687969366
2023-10-21,10,21,2023,3090.01,86.44,41.89,63.88,34.61,366.33,255.11,936.73,177.87,93.57,216.8,91.41,152.95,28.91,106.68,55.88,221.36,330.51,188.85,414.91,162.83,265.69,43.9,114.05,91.19,4542.349999999999,-0.47001142391124917
2023-05-06,5,6,2023,2549.46,74.93,46.14,55.22,41.46,379.29,275.3,718.69,148.48,87.89,225.08,104.68,177.58,24.66,114.33,43.45,211.82,254.15,167.24,339.25,166.94,326.28,45.41,88.53,102.96,4219.76,-0.6551583472578507
2023-06-29,6,29,2023,2430.86,93.98,45.64,52.54,39.39,341.05,359.77,847.89,147.08,103.52,209.08,117.55,153.0,29.81,104.3,41.99,198.46,356.68,212.55,365.94,123.25,326.76,56.17,90.11,89.04,4505.55,-0.8534798384110973
2023-08-28,8,28,2023,2778.68,66.33,49.21,67.46,39.85,476.57,353.79,682.41,127.06,107.99,167.1,93.58,150.19,29.8,97.79,41.34,191.52,345.74,198.16,426.43,171.53,294.49,56.72,115.31,95.32,4445.6900000000005,-0.5999287431442271
2023-12-06,12,6,2023,3522.52,78.96,49.61,58.34,38.08,411.18,311.51,758.29,125.04,111.41,164.77,111.67,129.07,31.44,115.3,42.99,196.3,268.91,192.51,385.7,144.36,321.33,40.16,102.27,104.88,4294.08,-0.2190363716884503
2023-07-29,7,29,2023,2520.98,73.21,47.33,54.54,45.68,458.02,336.9,795.7,140.6,111.18,189.44,88.67,154.34,34.88,86.07,59.4,195.22,311.08,188.88,387.38,142.92,256.58,52.13,118.84,97.57,4426.56,-0.7558885830113687
2023-04-20,4,20,2023,3593.53,80.21,46.43,63.51,36.71,437.46,332.85,735.93,136.84,89.04,184.46,110.47,171.62,30.94,107.73,50.1,197.91,348.99,231.92,434.02,152.46,333.64,50.27,118.44,117.65,4599.5999999999985,-0.27996705189604604
2023-05-19,5,19,2023,3408.05,67.14,51.62,50.9,37.85,432.35,287.61,864.21,128.65,102.44,207.21,102.27,143.88,27.0,88.65,54.54,231.19,250.62,233.28,404.04,128.47,288.56,45.17,112.21,112.56,4452.420000000001,-0.3064421003212983
2023-10-09,10,9,2023,2463.81,93.39,54.22,68.77,44.79,381.15,252.49,786.19,123.64,105.49,173.32,107.62,172.21,31.41,104.17,43.22,161.75,250.92,221.41,364.54,121.88,338.84,48.65,91.29,91.88,4233.240000000001,-0.7181682029052568
2023-06-07,6,7,2023,2400.13,89.54,52.35,53.47,34.05,340.8,295.0,736.81,168.82,88.98,188.17,115.67,145.03,32.23,112.67,46.38,203.06,307.38,224.79,468.59,121.74,295.84,52.05,107.27,91.41,4372.1,-0.8216096628099312
